============================================================
  Generated by:           Genus(TM) Synthesis Solution 23.10-p004_1
  Generated on:           May 25 2025  08:13:03 pm
  Module:                 qcnn
  Operating conditions:   slow (balanced_tree)
  Wireload mode:          enclosed
  Area mode:              timing library
============================================================


Path 1: MET (1593 ps) Setup Check with Pin s_reg_18_reg[31]/CK->D
          Group: C2C
     Startpoint: (R) gs_ctrl_proc_h40040000000000_reg/CK
          Clock: (R) clock
       Endpoint: (F) s_reg_18_reg[31]/D
          Clock: (R) clock

                     Capture       Launch     
        Clock Edge:+   11000            0     
       Src Latency:+       0            0     
       Net Latency:+       0 (I)        0 (I) 
           Arrival:=   11000            0     
                                              
             Setup:-     264                  
     Required Time:=   10736                  
      Launch Clock:-       0                  
         Data Path:-    9143                  
             Slack:=    1593                  

#----------------------------------------------------------------------------------------------------------------
#             Timing Point              Flags    Arc    Edge   Cell     Fanout Load Trans Delay Arrival Instance 
#                                                                              (fF)  (ps)  (ps)   (ps)  Location 
#----------------------------------------------------------------------------------------------------------------
  gs_ctrl_proc_h40040000000000_reg/CK   -       -       R     (arrival)    195    -     0     0       0    (-,-) 
  gs_ctrl_proc_h40040000000000_reg/Q    -       CK->Q   R     DFFRX1         5 22.9   318   802     802    (-,-) 
  g35383__2346/Y                        -       S0->Y   R     MX2X1         11 46.6   608   602    1404    (-,-) 
  csa_tree_mul_4306_112_g992/Y          -       A->Y    F     INVX1         10 45.1   359   333    1738    (-,-) 
  csa_tree_mul_4306_112_g943/Y          -       B->Y    R     MXI2X1         9 35.1   817   462    2199    (-,-) 
  csa_tree_mul_4306_112_g914/Y          -       B0->Y   F     OAI21XL        8 34.8   552   477    2676    (-,-) 
  csa_tree_mul_4306_112_g881/Y          -       A0->Y   R     OAI22X1        1  6.8   366   252    2928    (-,-) 
  csa_tree_mul_4306_112_cdnfadd_004_0/S -       B->S    F     ADDFX1         1  3.2   148   594    3521    (-,-) 
  g41390/Y                              -       A->Y    F     AND2X2         1  7.6    73   178    3699    (-,-) 
  g41548/CO                             -       C->CO   F     CMPR42X1       1  2.7   100   714    4413    (-,-) 
  g41547/CO                             -       ICI->CO F     CMPR42X1       1  2.7   100   301    4714    (-,-) 
  g41546/CO                             -       ICI->CO F     CMPR42X1       1  2.7   100   301    5015    (-,-) 
  g41545/CO                             -       ICI->CO F     CMPR42X1       3 10.7   154   356    5371    (-,-) 
  csa_tree_add_3739_54_groupi_g1606/Y   -       B->Y    R     NAND2BX1       3 11.3   211   164    5534    (-,-) 
  csa_tree_add_3739_54_groupi_g1604/Y   -       B->Y    F     NOR4BX1        1  4.9   149   108    5643    (-,-) 
  csa_tree_add_3739_54_groupi_g1602/Y   -       B0->Y   R     AOI211X1       3 11.1   445   287    5930    (-,-) 
  csa_tree_add_3739_54_groupi_g1599/Y   -       A->Y    F     NOR2X1         3 13.4   168   146    6076    (-,-) 
  csa_tree_add_3739_54_groupi_g1594/Y   -       A0->Y   R     AOI31X1        3 11.1   358   247    6324    (-,-) 
  csa_tree_add_3739_54_groupi_g1590/Y   -       A->Y    F     NOR2X1         2  8.3   123   104    6428    (-,-) 
  csa_tree_add_3739_54_groupi_g1585/Y   -       A->Y    R     NAND2X1        2  8.0   178   120    6547    (-,-) 
  csa_tree_add_3739_54_groupi_g1579/Y   -       A0->Y   F     OAI31X1        4 14.7   220   147    6695    (-,-) 
  csa_tree_add_3739_54_groupi_g1578/Y   -       A->Y    F     AND2X2         2  9.2    75   199    6894    (-,-) 
  csa_tree_add_3739_54_groupi_g1573/Y   -       A0->Y   R     AOI221X1       4 14.9   585   398    7291    (-,-) 
  csa_tree_add_3739_54_groupi_g1569/Y   -       A->Y    F     NOR3X1         1  4.9   143   115    7407    (-,-) 
  csa_tree_add_3739_54_groupi_g1566/Y   -       B0->Y   R     AOI211X1       3 10.2   428   274    7681    (-,-) 
  csa_tree_add_3739_54_groupi_g1562/Y   -       A0->Y   F     OAI21XL        3 11.4   222   194    7875    (-,-) 
  csa_tree_add_3739_54_groupi_g1560/Y   -       A0->Y   R     AOI21X1        3 10.2   303   239    8114    (-,-) 
  csa_tree_add_3739_54_groupi_g1558/Y   -       A0->Y   F     OAI21XL        3 11.4   217   179    8293    (-,-) 
  csa_tree_add_3739_54_groupi_g1556/Y   -       A0->Y   R     AOI21X1        3 10.2   306   238    8531    (-,-) 
  csa_tree_add_3739_54_groupi_g1554/Y   -       A0->Y   F     OAI21XL        2  6.8   163   140    8671    (-,-) 
  csa_tree_add_3739_54_groupi_g1553/Y   -       A1N->Y  F     OAI2BB2X1      1  4.3   114   224    8895    (-,-) 
  g40438__2883/Y                        -       B0->Y   R     AOI22X1        1  2.6   315   190    9086    (-,-) 
  g40409/Y                              -       A->Y    F     INVXL          1  1.9    78    57    9143    (-,-) 
  s_reg_18_reg[31]/D                    -       -       F     DFFX1          1    -     -     0    9143    (-,-) 
#----------------------------------------------------------------------------------------------------------------



Path 2: MET (1808 ps) Setup Check with Pin s_reg_18_reg[30]/CK->D
          Group: C2C
     Startpoint: (R) gs_ctrl_proc_h40040000000000_reg/CK
          Clock: (R) clock
       Endpoint: (F) s_reg_18_reg[30]/D
          Clock: (R) clock

                     Capture       Launch     
        Clock Edge:+   11000            0     
       Src Latency:+       0            0     
       Net Latency:+       0 (I)        0 (I) 
           Arrival:=   11000            0     
                                              
             Setup:-     264                  
     Required Time:=   10736                  
      Launch Clock:-       0                  
         Data Path:-    8928                  
             Slack:=    1808                  

#----------------------------------------------------------------------------------------------------------------
#             Timing Point              Flags    Arc    Edge   Cell     Fanout Load Trans Delay Arrival Instance 
#                                                                              (fF)  (ps)  (ps)   (ps)  Location 
#----------------------------------------------------------------------------------------------------------------
  gs_ctrl_proc_h40040000000000_reg/CK   -       -       R     (arrival)    195    -     0     0       0    (-,-) 
  gs_ctrl_proc_h40040000000000_reg/Q    -       CK->Q   R     DFFRX1         5 22.9   318   802     802    (-,-) 
  g35383__2346/Y                        -       S0->Y   R     MX2X1         11 46.6   608   602    1404    (-,-) 
  csa_tree_mul_4306_112_g992/Y          -       A->Y    F     INVX1         10 45.1   359   333    1738    (-,-) 
  csa_tree_mul_4306_112_g943/Y          -       B->Y    R     MXI2X1         9 35.1   817   462    2199    (-,-) 
  csa_tree_mul_4306_112_g914/Y          -       B0->Y   F     OAI21XL        8 34.8   552   477    2676    (-,-) 
  csa_tree_mul_4306_112_g881/Y          -       A0->Y   R     OAI22X1        1  6.8   366   252    2928    (-,-) 
  csa_tree_mul_4306_112_cdnfadd_004_0/S -       B->S    F     ADDFX1         1  3.2   148   594    3521    (-,-) 
  g41390/Y                              -       A->Y    F     AND2X2         1  7.6    73   178    3699    (-,-) 
  g41548/CO                             -       C->CO   R     CMPR42X1       1  2.7   100   691    4390    (-,-) 
  g41547/CO                             -       ICI->CO R     CMPR42X1       1  2.7   100   261    4651    (-,-) 
  g41546/CO                             -       ICI->CO R     CMPR42X1       1  2.7   100   261    4912    (-,-) 
  g41545/CO                             -       ICI->CO R     CMPR42X1       3 10.7   191   323    5235    (-,-) 
  csa_tree_add_3739_54_groupi_g1606/Y   -       B->Y    F     NAND2BX1       3 11.3   143   115    5350    (-,-) 
  csa_tree_add_3739_54_groupi_g1604/Y   -       B->Y    R     NOR4BX1        1  4.9   337   260    5610    (-,-) 
  csa_tree_add_3739_54_groupi_g1602/Y   -       B0->Y   F     AOI211X1       3 11.1   204   134    5744    (-,-) 
  csa_tree_add_3739_54_groupi_g1599/Y   -       A->Y    R     NOR2X1         3 13.4   327   234    5978    (-,-) 
  csa_tree_add_3739_54_groupi_g1594/Y   -       A0->Y   F     AOI31X1        3 11.1   209   175    6154    (-,-) 
  csa_tree_add_3739_54_groupi_g1590/Y   -       A->Y    R     NOR2X1         2  8.3   239   182    6335    (-,-) 
  csa_tree_add_3739_54_groupi_g1585/Y   -       A->Y    F     NAND2X1        2  8.0   125   100    6436    (-,-) 
  csa_tree_add_3739_54_groupi_g1579/Y   -       A0->Y   R     OAI31X1        4 14.7   536   340    6776    (-,-) 
  csa_tree_add_3739_54_groupi_g1578/Y   -       A->Y    R     AND2X2         2  9.2   114   224    7000    (-,-) 
  csa_tree_add_3739_54_groupi_g1573/Y   -       A0->Y   F     AOI221X1       4 14.9   272   161    7161    (-,-) 
  csa_tree_add_3739_54_groupi_g1569/Y   -       A->Y    R     NOR3X1         1  4.9   261   194    7355    (-,-) 
  csa_tree_add_3739_54_groupi_g1566/Y   -       B0->Y   F     AOI211X1       3 10.2   199   119    7474    (-,-) 
  csa_tree_add_3739_54_groupi_g1562/Y   -       A0->Y   R     OAI21XL        3 11.4   447   317    7792    (-,-) 
  csa_tree_add_3739_54_groupi_g1560/Y   -       A0->Y   F     AOI21X1        3 10.2   191   171    7963    (-,-) 
  csa_tree_add_3739_54_groupi_g1558/Y   -       A0->Y   R     OAI21XL        3 11.4   446   315    8278    (-,-) 
  csa_tree_add_3739_54_groupi_g1556/Y   -       A0->Y   F     AOI21X1        3 10.2   190   171    8449    (-,-) 
  csa_tree_add_3739_54_groupi_g1555/Y   -       A1N->Y  F     OAI2BB2X1      1  4.3   114   232    8680    (-,-) 
  g40437__9945/Y                        -       B0->Y   R     AOI22X1        1  2.6   315   190    8871    (-,-) 
  g40408/Y                              -       A->Y    F     INVXL          1  1.9    78    57    8928    (-,-) 
  s_reg_18_reg[30]/D                    -       -       F     DFFX1          1    -     -     0    8928    (-,-) 
#----------------------------------------------------------------------------------------------------------------



Path 3: MET (1956 ps) Setup Check with Pin s_reg_18_reg[29]/CK->D
          Group: C2C
     Startpoint: (R) gs_ctrl_proc_h40040000000000_reg/CK
          Clock: (R) clock
       Endpoint: (F) s_reg_18_reg[29]/D
          Clock: (R) clock

                     Capture       Launch     
        Clock Edge:+   11000            0     
       Src Latency:+       0            0     
       Net Latency:+       0 (I)        0 (I) 
           Arrival:=   11000            0     
                                              
             Setup:-     264                  
     Required Time:=   10736                  
      Launch Clock:-       0                  
         Data Path:-    8780                  
             Slack:=    1956                  

#----------------------------------------------------------------------------------------------------------------
#             Timing Point              Flags    Arc    Edge   Cell     Fanout Load Trans Delay Arrival Instance 
#                                                                              (fF)  (ps)  (ps)   (ps)  Location 
#----------------------------------------------------------------------------------------------------------------
  gs_ctrl_proc_h40040000000000_reg/CK   -       -       R     (arrival)    195    -     0     0       0    (-,-) 
  gs_ctrl_proc_h40040000000000_reg/Q    -       CK->Q   R     DFFRX1         5 22.9   318   802     802    (-,-) 
  g35383__2346/Y                        -       S0->Y   R     MX2X1         11 46.6   608   602    1404    (-,-) 
  csa_tree_mul_4306_112_g992/Y          -       A->Y    F     INVX1         10 45.1   359   333    1738    (-,-) 
  csa_tree_mul_4306_112_g943/Y          -       B->Y    R     MXI2X1         9 35.1   817   462    2199    (-,-) 
  csa_tree_mul_4306_112_g914/Y          -       B0->Y   F     OAI21XL        8 34.8   552   477    2676    (-,-) 
  csa_tree_mul_4306_112_g881/Y          -       A0->Y   R     OAI22X1        1  6.8   366   252    2928    (-,-) 
  csa_tree_mul_4306_112_cdnfadd_004_0/S -       B->S    F     ADDFX1         1  3.2   148   594    3521    (-,-) 
  g41390/Y                              -       A->Y    F     AND2X2         1  7.6    73   178    3699    (-,-) 
  g41548/CO                             -       C->CO   F     CMPR42X1       1  2.7   100   714    4413    (-,-) 
  g41547/CO                             -       ICI->CO F     CMPR42X1       1  2.7   100   301    4714    (-,-) 
  g41546/CO                             -       ICI->CO F     CMPR42X1       1  2.7   100   301    5015    (-,-) 
  g41545/CO                             -       ICI->CO F     CMPR42X1       3 10.7   154   356    5371    (-,-) 
  csa_tree_add_3739_54_groupi_g1606/Y   -       B->Y    R     NAND2BX1       3 11.3   211   164    5534    (-,-) 
  csa_tree_add_3739_54_groupi_g1604/Y   -       B->Y    F     NOR4BX1        1  4.9   149   108    5643    (-,-) 
  csa_tree_add_3739_54_groupi_g1602/Y   -       B0->Y   R     AOI211X1       3 11.1   445   287    5930    (-,-) 
  csa_tree_add_3739_54_groupi_g1599/Y   -       A->Y    F     NOR2X1         3 13.4   168   146    6076    (-,-) 
  csa_tree_add_3739_54_groupi_g1594/Y   -       A0->Y   R     AOI31X1        3 11.1   358   247    6324    (-,-) 
  csa_tree_add_3739_54_groupi_g1590/Y   -       A->Y    F     NOR2X1         2  8.3   123   104    6428    (-,-) 
  csa_tree_add_3739_54_groupi_g1585/Y   -       A->Y    R     NAND2X1        2  8.0   178   120    6547    (-,-) 
  csa_tree_add_3739_54_groupi_g1579/Y   -       A0->Y   F     OAI31X1        4 14.7   220   147    6695    (-,-) 
  csa_tree_add_3739_54_groupi_g1578/Y   -       A->Y    F     AND2X2         2  9.2    75   199    6894    (-,-) 
  csa_tree_add_3739_54_groupi_g1573/Y   -       A0->Y   R     AOI221X1       4 14.9   585   398    7291    (-,-) 
  csa_tree_add_3739_54_groupi_g1569/Y   -       A->Y    F     NOR3X1         1  4.9   143   115    7407    (-,-) 
  csa_tree_add_3739_54_groupi_g1566/Y   -       B0->Y   R     AOI211X1       3 10.2   428   274    7681    (-,-) 
  csa_tree_add_3739_54_groupi_g1562/Y   -       A0->Y   F     OAI21XL        3 11.4   222   194    7875    (-,-) 
  csa_tree_add_3739_54_groupi_g1560/Y   -       A0->Y   R     AOI21X1        3 10.2   303   239    8114    (-,-) 
  csa_tree_add_3739_54_groupi_g1558/Y   -       A0->Y   F     OAI21XL        3 11.4   217   179    8293    (-,-) 
  csa_tree_add_3739_54_groupi_g1557/Y   -       A1N->Y  F     OAI2BB2X1      1  4.3   118   238    8531    (-,-) 
  g40436__9315/Y                        -       B0->Y   R     AOI22X1        1  2.6   315   191    8722    (-,-) 
  g40407/Y                              -       A->Y    F     INVXL          1  1.9    78    57    8780    (-,-) 
  s_reg_18_reg[29]/D                    -       -       F     DFFX1          1    -     -     0    8780    (-,-) 
#----------------------------------------------------------------------------------------------------------------



Path 4: MET (2276 ps) Setup Check with Pin s_reg_18_reg[28]/CK->D
          Group: C2C
     Startpoint: (R) gs_ctrl_proc_h40040000000000_reg/CK
          Clock: (R) clock
       Endpoint: (F) s_reg_18_reg[28]/D
          Clock: (R) clock

                     Capture       Launch     
        Clock Edge:+   11000            0     
       Src Latency:+       0            0     
       Net Latency:+       0 (I)        0 (I) 
           Arrival:=   11000            0     
                                              
             Setup:-     264                  
     Required Time:=   10736                  
      Launch Clock:-       0                  
         Data Path:-    8459                  
             Slack:=    2276                  

#----------------------------------------------------------------------------------------------------------------
#             Timing Point              Flags    Arc    Edge   Cell     Fanout Load Trans Delay Arrival Instance 
#                                                                              (fF)  (ps)  (ps)   (ps)  Location 
#----------------------------------------------------------------------------------------------------------------
  gs_ctrl_proc_h40040000000000_reg/CK   -       -       R     (arrival)    195    -     0     0       0    (-,-) 
  gs_ctrl_proc_h40040000000000_reg/Q    -       CK->Q   R     DFFRX1         5 22.9   318   802     802    (-,-) 
  g35383__2346/Y                        -       S0->Y   R     MX2X1         11 46.6   608   602    1404    (-,-) 
  csa_tree_mul_4306_112_g992/Y          -       A->Y    F     INVX1         10 45.1   359   333    1738    (-,-) 
  csa_tree_mul_4306_112_g943/Y          -       B->Y    R     MXI2X1         9 35.1   817   462    2199    (-,-) 
  csa_tree_mul_4306_112_g914/Y          -       B0->Y   F     OAI21XL        8 34.8   552   477    2676    (-,-) 
  csa_tree_mul_4306_112_g881/Y          -       A0->Y   R     OAI22X1        1  6.8   366   252    2928    (-,-) 
  csa_tree_mul_4306_112_cdnfadd_004_0/S -       B->S    F     ADDFX1         1  3.2   148   594    3521    (-,-) 
  g41390/Y                              -       A->Y    F     AND2X2         1  7.6    73   178    3699    (-,-) 
  g41548/CO                             -       C->CO   F     CMPR42X1       1  2.7   100   714    4413    (-,-) 
  g41547/CO                             -       ICI->CO F     CMPR42X1       1  2.7   100   301    4714    (-,-) 
  g41546/CO                             -       ICI->CO F     CMPR42X1       1  2.7   100   301    5015    (-,-) 
  g41545/CO                             -       ICI->CO F     CMPR42X1       3 10.7   154   356    5371    (-,-) 
  csa_tree_add_3739_54_groupi_g1606/Y   -       B->Y    R     NAND2BX1       3 11.3   211   164    5534    (-,-) 
  csa_tree_add_3739_54_groupi_g1604/Y   -       B->Y    F     NOR4BX1        1  4.9   149   108    5643    (-,-) 
  csa_tree_add_3739_54_groupi_g1602/Y   -       B0->Y   R     AOI211X1       3 11.1   445   287    5930    (-,-) 
  csa_tree_add_3739_54_groupi_g1599/Y   -       A->Y    F     NOR2X1         3 13.4   168   146    6076    (-,-) 
  csa_tree_add_3739_54_groupi_g1594/Y   -       A0->Y   R     AOI31X1        3 11.1   358   247    6324    (-,-) 
  csa_tree_add_3739_54_groupi_g1590/Y   -       A->Y    F     NOR2X1         2  8.3   123   104    6428    (-,-) 
  csa_tree_add_3739_54_groupi_g1585/Y   -       A->Y    R     NAND2X1        2  8.0   178   120    6547    (-,-) 
  csa_tree_add_3739_54_groupi_g1579/Y   -       A0->Y   F     OAI31X1        4 14.7   220   147    6695    (-,-) 
  csa_tree_add_3739_54_groupi_g1578/Y   -       A->Y    F     AND2X2         2  9.2    75   199    6894    (-,-) 
  csa_tree_add_3739_54_groupi_g1573/Y   -       A0->Y   R     AOI221X1       4 14.9   585   398    7291    (-,-) 
  csa_tree_add_3739_54_groupi_g1569/Y   -       A->Y    F     NOR3X1         1  4.9   143   115    7407    (-,-) 
  csa_tree_add_3739_54_groupi_g1566/Y   -       B0->Y   R     AOI211X1       3 10.2   428   274    7681    (-,-) 
  csa_tree_add_3739_54_groupi_g1562/Y   -       A0->Y   F     OAI21XL        3 11.4   222   194    7875    (-,-) 
  csa_tree_add_3739_54_groupi_g1560/Y   -       A0->Y   R     AOI21X1        3 10.2   303   239    8114    (-,-) 
  csa_tree_add_3739_54_groupi_g1559/Y   -       B0->Y   F     OAI2BB2X1      1  4.3   114    98    8212    (-,-) 
  g40435__6161/Y                        -       B0->Y   R     AOI22X1        1  2.6   315   190    8402    (-,-) 
  g40406/Y                              -       A->Y    F     INVXL          1  1.9    78    57    8459    (-,-) 
  s_reg_18_reg[28]/D                    -       -       F     DFFX1          1    -     -     0    8459    (-,-) 
#----------------------------------------------------------------------------------------------------------------



Path 5: MET (2373 ps) Setup Check with Pin s_reg_18_reg[27]/CK->D
          Group: C2C
     Startpoint: (R) gs_ctrl_proc_h40040000000000_reg/CK
          Clock: (R) clock
       Endpoint: (F) s_reg_18_reg[27]/D
          Clock: (R) clock

                     Capture       Launch     
        Clock Edge:+   11000            0     
       Src Latency:+       0            0     
       Net Latency:+       0 (I)        0 (I) 
           Arrival:=   11000            0     
                                              
             Setup:-     264                  
     Required Time:=   10736                  
      Launch Clock:-       0                  
         Data Path:-    8363                  
             Slack:=    2373                  

#----------------------------------------------------------------------------------------------------------------
#             Timing Point              Flags    Arc    Edge   Cell     Fanout Load Trans Delay Arrival Instance 
#                                                                              (fF)  (ps)  (ps)   (ps)  Location 
#----------------------------------------------------------------------------------------------------------------
  gs_ctrl_proc_h40040000000000_reg/CK   -       -       R     (arrival)    195    -     0     0       0    (-,-) 
  gs_ctrl_proc_h40040000000000_reg/Q    -       CK->Q   R     DFFRX1         5 22.9   318   802     802    (-,-) 
  g35383__2346/Y                        -       S0->Y   R     MX2X1         11 46.6   608   602    1404    (-,-) 
  csa_tree_mul_4306_112_g992/Y          -       A->Y    F     INVX1         10 45.1   359   333    1738    (-,-) 
  csa_tree_mul_4306_112_g943/Y          -       B->Y    R     MXI2X1         9 35.1   817   462    2199    (-,-) 
  csa_tree_mul_4306_112_g914/Y          -       B0->Y   F     OAI21XL        8 34.8   552   477    2676    (-,-) 
  csa_tree_mul_4306_112_g881/Y          -       A0->Y   R     OAI22X1        1  6.8   366   252    2928    (-,-) 
  csa_tree_mul_4306_112_cdnfadd_004_0/S -       B->S    F     ADDFX1         1  3.2   148   594    3521    (-,-) 
  g41390/Y                              -       A->Y    F     AND2X2         1  7.6    73   178    3699    (-,-) 
  g41548/CO                             -       C->CO   F     CMPR42X1       1  2.7   100   714    4413    (-,-) 
  g41547/CO                             -       ICI->CO F     CMPR42X1       1  2.7   100   301    4714    (-,-) 
  g41546/CO                             -       ICI->CO F     CMPR42X1       1  2.7   100   301    5015    (-,-) 
  g41545/CO                             -       ICI->CO F     CMPR42X1       3 10.7   154   356    5371    (-,-) 
  csa_tree_add_3739_54_groupi_g1606/Y   -       B->Y    R     NAND2BX1       3 11.3   211   164    5534    (-,-) 
  csa_tree_add_3739_54_groupi_g1604/Y   -       B->Y    F     NOR4BX1        1  4.9   149   108    5643    (-,-) 
  csa_tree_add_3739_54_groupi_g1602/Y   -       B0->Y   R     AOI211X1       3 11.1   445   287    5930    (-,-) 
  csa_tree_add_3739_54_groupi_g1599/Y   -       A->Y    F     NOR2X1         3 13.4   168   146    6076    (-,-) 
  csa_tree_add_3739_54_groupi_g1594/Y   -       A0->Y   R     AOI31X1        3 11.1   358   247    6324    (-,-) 
  csa_tree_add_3739_54_groupi_g1590/Y   -       A->Y    F     NOR2X1         2  8.3   123   104    6428    (-,-) 
  csa_tree_add_3739_54_groupi_g1585/Y   -       A->Y    R     NAND2X1        2  8.0   178   120    6547    (-,-) 
  csa_tree_add_3739_54_groupi_g1579/Y   -       A0->Y   F     OAI31X1        4 14.7   220   147    6695    (-,-) 
  csa_tree_add_3739_54_groupi_g1578/Y   -       A->Y    F     AND2X2         2  9.2    75   199    6894    (-,-) 
  csa_tree_add_3739_54_groupi_g1573/Y   -       A0->Y   R     AOI221X1       4 14.9   585   398    7291    (-,-) 
  csa_tree_add_3739_54_groupi_g1569/Y   -       A->Y    F     NOR3X1         1  4.9   143   115    7407    (-,-) 
  csa_tree_add_3739_54_groupi_g1566/Y   -       B0->Y   R     AOI211X1       3 10.2   428   274    7681    (-,-) 
  csa_tree_add_3739_54_groupi_g1562/Y   -       A0->Y   F     OAI21XL        3 11.4   222   194    7875    (-,-) 
  csa_tree_add_3739_54_groupi_g1561/Y   -       A1N->Y  F     OAI2BB2X1      1  4.3   118   240    8115    (-,-) 
  g40434__4733/Y                        -       B0->Y   R     AOI22X1        1  2.6   315   191    8306    (-,-) 
  g40405/Y                              -       A->Y    F     INVXL          1  1.9    78    57    8363    (-,-) 
  s_reg_18_reg[27]/D                    -       -       F     DFFX1          1    -     -     0    8363    (-,-) 
#----------------------------------------------------------------------------------------------------------------



Path 6: MET (2494 ps) Setup Check with Pin s_reg_13_reg[2]/CK->D
          Group: C2C
     Startpoint: (R) s_reg_18_reg[4]/CK
          Clock: (R) clock
       Endpoint: (R) s_reg_13_reg[2]/D
          Clock: (R) clock

                     Capture       Launch     
        Clock Edge:+   11000            0     
       Src Latency:+       0            0     
       Net Latency:+       0 (I)        0 (I) 
           Arrival:=   11000            0     
                                              
             Setup:-     164                  
     Required Time:=   10836                  
      Launch Clock:-       0                  
         Data Path:-    8342                  
             Slack:=    2494                  

#-----------------------------------------------------------------------------------------------------
#       Timing Point         Flags    Arc    Edge   Cell     Fanout Load Trans Delay Arrival Instance 
#                                                                   (fF)  (ps)  (ps)   (ps)  Location 
#-----------------------------------------------------------------------------------------------------
  s_reg_18_reg[4]/CK         -       -       R     (arrival)    195    -     0     0       0    (-,-) 
  s_reg_18_reg[4]/Q          -       CK->Q   R     DFFX1         15 69.7   859   789     789    (-,-) 
  const_mul_4262_72_g2055/S  -       B->S    F     ADDFX1         2  7.9   182   725    1514    (-,-) 
  const_mul_4262_72_g2027/Y  -       A->Y    F     OR2X2          2  7.8    83   231    1744    (-,-) 
  const_mul_4262_72_g1960/Y  -       A0->Y   R     AOI32X1        1  3.0   262   199    1943    (-,-) 
  const_mul_4262_72_g1948/Y  -       B0->Y   F     OAI21XL        1  3.4   131   123    2066    (-,-) 
  const_mul_4262_72_g1943/Y  -       A0->Y   R     OAI21XL        1  3.3   234   181    2247    (-,-) 
  const_mul_4262_72_g1942/Y  -       C0->Y   F     OAI221XL       2  6.2   230   180    2427    (-,-) 
  const_mul_4262_72_g1938/Y  -       A0->Y   R     AOI31X1        3 10.2   341   247    2674    (-,-) 
  const_mul_4262_72_g1935/Y  -       A0->Y   F     OAI21XL        1  2.7   113   106    2780    (-,-) 
  g41544/CO                  -       ICI->CO F     CMPR42X1       5 18.8   209   415    3195    (-,-) 
  const_mul_4262_72_g1933/Y  -       A->Y    F     AND3X2         1  4.9    70   213    3408    (-,-) 
  const_mul_4262_72_g1930/Y  -       B0->Y   R     AOI211X1       4 13.6   503   305    3714    (-,-) 
  const_mul_4262_72_g1922/Y  -       A0->Y   F     OAI221XL       4 15.5   344   306    4019    (-,-) 
  const_mul_4262_72_g1915/Y  -       A->Y    R     NAND2X1        2  7.6   172   161    4180    (-,-) 
  const_mul_4262_72_g1905/Y  -       A0->Y   F     OAI221XL       3 11.4   287   222    4402    (-,-) 
  const_mul_4262_72_g1897/Y  -       A0->Y   R     AOI21X1        3 10.2   300   248    4650    (-,-) 
  const_mul_4262_72_g1894/Y  -       A0->Y   F     OAI21XL        1  6.2   153   134    4784    (-,-) 
  const_mul_4262_72_g1893/CO -       CI->CO  F     ADDFX2         3 11.4   161   370    5154    (-,-) 
  const_mul_4262_72_g1891/Y  -       A0->Y   R     AOI21X1        2  6.8   244   194    5348    (-,-) 
  const_mul_4262_72_g1890/Y  -       B0->Y   F     OAI2BB2X1      1  4.9   123    99    5447    (-,-) 
  g40312__1705/Y             -       B->Y    R     NOR4BX1        1  4.8   334   255    5702    (-,-) 
  g40233__8428/Y             -       A->Y    F     NAND3X1        1  4.7   140   111    5813    (-,-) 
  g40155__7410/Y             -       A0->Y   R     AOI22X1        4 15.5   454   276    6089    (-,-) 
  g40147/Y                   -       A->Y    F     INVX1          4 18.8   202   176    6265    (-,-) 
  g40132__6783/Y             -       C0->Y   R     AOI221X1       2  7.8   430   278    6543    (-,-) 
  g40123/Y                   -       A->Y    F     INVX1          2  8.7   131   103    6646    (-,-) 
  g40104__6131/Y             -       A->Y    R     NAND2X1        2  6.8   152   113    6760    (-,-) 
  g40097__1705/Y             -       AN->Y   R     NOR2BX1        2  9.1   249   237    6997    (-,-) 
  g40083__6260/Y             -       B0->Y   F     AOI21X1        2  6.0   124    86    7083    (-,-) 
  g40066__6131/Y             -       A->Y    F     OR3XL          1  4.7   122   303    7386    (-,-) 
  g40004__2346/Y             -       A1->Y   R     AOI31X1        1  4.4   238   199    7585    (-,-) 
  g40003__2883/Y             -       B0->Y   F     AOI21X1        8 37.6   368   224    7809    (-,-) 
  g39991__7098/Y             -       A->Y    R     NOR3X1         8 12.8   442   320    8129    (-,-) 
  g39961__9315/Y             -       A1N->Y  R     OAI2BB1XL      1  2.1   124   213    8342    (-,-) 
  s_reg_13_reg[2]/D          -       -       R     DFFHQX1        1    -     -     0    8342    (-,-) 
#-----------------------------------------------------------------------------------------------------



Path 7: MET (2532 ps) Setup Check with Pin s_reg_13_reg[6]/CK->D
          Group: C2C
     Startpoint: (R) s_reg_18_reg[4]/CK
          Clock: (R) clock
       Endpoint: (R) s_reg_13_reg[6]/D
          Clock: (R) clock

                     Capture       Launch     
        Clock Edge:+   11000            0     
       Src Latency:+       0            0     
       Net Latency:+       0 (I)        0 (I) 
           Arrival:=   11000            0     
                                              
             Setup:-     128                  
     Required Time:=   10872                  
      Launch Clock:-       0                  
         Data Path:-    8340                  
             Slack:=    2532                  

#-----------------------------------------------------------------------------------------------------
#       Timing Point         Flags    Arc    Edge   Cell     Fanout Load Trans Delay Arrival Instance 
#                                                                   (fF)  (ps)  (ps)   (ps)  Location 
#-----------------------------------------------------------------------------------------------------
  s_reg_18_reg[4]/CK         -       -       R     (arrival)    195    -     0     0       0    (-,-) 
  s_reg_18_reg[4]/Q          -       CK->Q   R     DFFX1         15 69.7   859   789     789    (-,-) 
  const_mul_4262_72_g2055/S  -       B->S    F     ADDFX1         2  7.9   182   725    1514    (-,-) 
  const_mul_4262_72_g2027/Y  -       A->Y    F     OR2X2          2  7.8    83   231    1744    (-,-) 
  const_mul_4262_72_g1960/Y  -       A0->Y   R     AOI32X1        1  3.0   262   199    1943    (-,-) 
  const_mul_4262_72_g1948/Y  -       B0->Y   F     OAI21XL        1  3.4   131   123    2066    (-,-) 
  const_mul_4262_72_g1943/Y  -       A0->Y   R     OAI21XL        1  3.3   234   181    2247    (-,-) 
  const_mul_4262_72_g1942/Y  -       C0->Y   F     OAI221XL       2  6.2   230   180    2427    (-,-) 
  const_mul_4262_72_g1938/Y  -       A0->Y   R     AOI31X1        3 10.2   341   247    2674    (-,-) 
  const_mul_4262_72_g1935/Y  -       A0->Y   F     OAI21XL        1  2.7   113   106    2780    (-,-) 
  g41544/CO                  -       ICI->CO F     CMPR42X1       5 18.8   209   415    3195    (-,-) 
  const_mul_4262_72_g1933/Y  -       A->Y    F     AND3X2         1  4.9    70   213    3408    (-,-) 
  const_mul_4262_72_g1930/Y  -       B0->Y   R     AOI211X1       4 13.6   503   305    3714    (-,-) 
  const_mul_4262_72_g1922/Y  -       A0->Y   F     OAI221XL       4 15.5   344   306    4019    (-,-) 
  const_mul_4262_72_g1915/Y  -       A->Y    R     NAND2X1        2  7.6   172   161    4180    (-,-) 
  const_mul_4262_72_g1905/Y  -       A0->Y   F     OAI221XL       3 11.4   287   222    4402    (-,-) 
  const_mul_4262_72_g1897/Y  -       A0->Y   R     AOI21X1        3 10.2   300   248    4650    (-,-) 
  const_mul_4262_72_g1894/Y  -       A0->Y   F     OAI21XL        1  6.2   153   134    4784    (-,-) 
  const_mul_4262_72_g1893/CO -       CI->CO  F     ADDFX2         3 11.4   161   370    5154    (-,-) 
  const_mul_4262_72_g1891/Y  -       A0->Y   R     AOI21X1        2  6.8   244   194    5348    (-,-) 
  const_mul_4262_72_g1890/Y  -       B0->Y   F     OAI2BB2X1      1  4.9   123    99    5447    (-,-) 
  g40312__1705/Y             -       B->Y    R     NOR4BX1        1  4.8   334   255    5702    (-,-) 
  g40233__8428/Y             -       A->Y    F     NAND3X1        1  4.7   140   111    5813    (-,-) 
  g40155__7410/Y             -       A0->Y   R     AOI22X1        4 15.5   454   276    6089    (-,-) 
  g40147/Y                   -       A->Y    F     INVX1          4 18.8   202   176    6265    (-,-) 
  g40132__6783/Y             -       C0->Y   R     AOI221X1       2  7.8   430   278    6543    (-,-) 
  g40123/Y                   -       A->Y    F     INVX1          2  8.7   131   103    6646    (-,-) 
  g40104__6131/Y             -       A->Y    R     NAND2X1        2  6.8   152   113    6760    (-,-) 
  g40097__1705/Y             -       AN->Y   R     NOR2BX1        2  9.1   249   237    6997    (-,-) 
  g40083__6260/Y             -       B0->Y   F     AOI21X1        2  6.0   124    86    7083    (-,-) 
  g40066__6131/Y             -       A->Y    F     OR3XL          1  4.7   122   303    7386    (-,-) 
  g40004__2346/Y             -       A1->Y   R     AOI31X1        1  4.4   238   199    7585    (-,-) 
  g40003__2883/Y             -       B0->Y   F     AOI21X1        8 37.6   368   224    7809    (-,-) 
  g39991__7098/Y             -       A->Y    R     NOR3X1         8 12.8   442   320    8129    (-,-) 
  g39969__7410/Y             -       A1N->Y  R     OAI2BB1XL      1  1.9   120   211    8340    (-,-) 
  s_reg_13_reg[6]/D          -       -       R     DFFX1          1    -     -     0    8340    (-,-) 
#-----------------------------------------------------------------------------------------------------



Path 8: MET (2532 ps) Setup Check with Pin s_reg_13_reg[5]/CK->D
          Group: C2C
     Startpoint: (R) s_reg_18_reg[4]/CK
          Clock: (R) clock
       Endpoint: (R) s_reg_13_reg[5]/D
          Clock: (R) clock

                     Capture       Launch     
        Clock Edge:+   11000            0     
       Src Latency:+       0            0     
       Net Latency:+       0 (I)        0 (I) 
           Arrival:=   11000            0     
                                              
             Setup:-     128                  
     Required Time:=   10872                  
      Launch Clock:-       0                  
         Data Path:-    8340                  
             Slack:=    2532                  

#-----------------------------------------------------------------------------------------------------
#       Timing Point         Flags    Arc    Edge   Cell     Fanout Load Trans Delay Arrival Instance 
#                                                                   (fF)  (ps)  (ps)   (ps)  Location 
#-----------------------------------------------------------------------------------------------------
  s_reg_18_reg[4]/CK         -       -       R     (arrival)    195    -     0     0       0    (-,-) 
  s_reg_18_reg[4]/Q          -       CK->Q   R     DFFX1         15 69.7   859   789     789    (-,-) 
  const_mul_4262_72_g2055/S  -       B->S    F     ADDFX1         2  7.9   182   725    1514    (-,-) 
  const_mul_4262_72_g2027/Y  -       A->Y    F     OR2X2          2  7.8    83   231    1744    (-,-) 
  const_mul_4262_72_g1960/Y  -       A0->Y   R     AOI32X1        1  3.0   262   199    1943    (-,-) 
  const_mul_4262_72_g1948/Y  -       B0->Y   F     OAI21XL        1  3.4   131   123    2066    (-,-) 
  const_mul_4262_72_g1943/Y  -       A0->Y   R     OAI21XL        1  3.3   234   181    2247    (-,-) 
  const_mul_4262_72_g1942/Y  -       C0->Y   F     OAI221XL       2  6.2   230   180    2427    (-,-) 
  const_mul_4262_72_g1938/Y  -       A0->Y   R     AOI31X1        3 10.2   341   247    2674    (-,-) 
  const_mul_4262_72_g1935/Y  -       A0->Y   F     OAI21XL        1  2.7   113   106    2780    (-,-) 
  g41544/CO                  -       ICI->CO F     CMPR42X1       5 18.8   209   415    3195    (-,-) 
  const_mul_4262_72_g1933/Y  -       A->Y    F     AND3X2         1  4.9    70   213    3408    (-,-) 
  const_mul_4262_72_g1930/Y  -       B0->Y   R     AOI211X1       4 13.6   503   305    3714    (-,-) 
  const_mul_4262_72_g1922/Y  -       A0->Y   F     OAI221XL       4 15.5   344   306    4019    (-,-) 
  const_mul_4262_72_g1915/Y  -       A->Y    R     NAND2X1        2  7.6   172   161    4180    (-,-) 
  const_mul_4262_72_g1905/Y  -       A0->Y   F     OAI221XL       3 11.4   287   222    4402    (-,-) 
  const_mul_4262_72_g1897/Y  -       A0->Y   R     AOI21X1        3 10.2   300   248    4650    (-,-) 
  const_mul_4262_72_g1894/Y  -       A0->Y   F     OAI21XL        1  6.2   153   134    4784    (-,-) 
  const_mul_4262_72_g1893/CO -       CI->CO  F     ADDFX2         3 11.4   161   370    5154    (-,-) 
  const_mul_4262_72_g1891/Y  -       A0->Y   R     AOI21X1        2  6.8   244   194    5348    (-,-) 
  const_mul_4262_72_g1890/Y  -       B0->Y   F     OAI2BB2X1      1  4.9   123    99    5447    (-,-) 
  g40312__1705/Y             -       B->Y    R     NOR4BX1        1  4.8   334   255    5702    (-,-) 
  g40233__8428/Y             -       A->Y    F     NAND3X1        1  4.7   140   111    5813    (-,-) 
  g40155__7410/Y             -       A0->Y   R     AOI22X1        4 15.5   454   276    6089    (-,-) 
  g40147/Y                   -       A->Y    F     INVX1          4 18.8   202   176    6265    (-,-) 
  g40132__6783/Y             -       C0->Y   R     AOI221X1       2  7.8   430   278    6543    (-,-) 
  g40123/Y                   -       A->Y    F     INVX1          2  8.7   131   103    6646    (-,-) 
  g40104__6131/Y             -       A->Y    R     NAND2X1        2  6.8   152   113    6760    (-,-) 
  g40097__1705/Y             -       AN->Y   R     NOR2BX1        2  9.1   249   237    6997    (-,-) 
  g40083__6260/Y             -       B0->Y   F     AOI21X1        2  6.0   124    86    7083    (-,-) 
  g40066__6131/Y             -       A->Y    F     OR3XL          1  4.7   122   303    7386    (-,-) 
  g40004__2346/Y             -       A1->Y   R     AOI31X1        1  4.4   238   199    7585    (-,-) 
  g40003__2883/Y             -       B0->Y   F     AOI21X1        8 37.6   368   224    7809    (-,-) 
  g39991__7098/Y             -       A->Y    R     NOR3X1         8 12.8   442   320    8129    (-,-) 
  g39968__1666/Y             -       A1N->Y  R     OAI2BB1XL      1  1.9   120   211    8340    (-,-) 
  s_reg_13_reg[5]/D          -       -       R     DFFX1          1    -     -     0    8340    (-,-) 
#-----------------------------------------------------------------------------------------------------



Path 9: MET (2532 ps) Setup Check with Pin s_reg_13_reg[4]/CK->D
          Group: C2C
     Startpoint: (R) s_reg_18_reg[4]/CK
          Clock: (R) clock
       Endpoint: (R) s_reg_13_reg[4]/D
          Clock: (R) clock

                     Capture       Launch     
        Clock Edge:+   11000            0     
       Src Latency:+       0            0     
       Net Latency:+       0 (I)        0 (I) 
           Arrival:=   11000            0     
                                              
             Setup:-     128                  
     Required Time:=   10872                  
      Launch Clock:-       0                  
         Data Path:-    8340                  
             Slack:=    2532                  

#-----------------------------------------------------------------------------------------------------
#       Timing Point         Flags    Arc    Edge   Cell     Fanout Load Trans Delay Arrival Instance 
#                                                                   (fF)  (ps)  (ps)   (ps)  Location 
#-----------------------------------------------------------------------------------------------------
  s_reg_18_reg[4]/CK         -       -       R     (arrival)    195    -     0     0       0    (-,-) 
  s_reg_18_reg[4]/Q          -       CK->Q   R     DFFX1         15 69.7   859   789     789    (-,-) 
  const_mul_4262_72_g2055/S  -       B->S    F     ADDFX1         2  7.9   182   725    1514    (-,-) 
  const_mul_4262_72_g2027/Y  -       A->Y    F     OR2X2          2  7.8    83   231    1744    (-,-) 
  const_mul_4262_72_g1960/Y  -       A0->Y   R     AOI32X1        1  3.0   262   199    1943    (-,-) 
  const_mul_4262_72_g1948/Y  -       B0->Y   F     OAI21XL        1  3.4   131   123    2066    (-,-) 
  const_mul_4262_72_g1943/Y  -       A0->Y   R     OAI21XL        1  3.3   234   181    2247    (-,-) 
  const_mul_4262_72_g1942/Y  -       C0->Y   F     OAI221XL       2  6.2   230   180    2427    (-,-) 
  const_mul_4262_72_g1938/Y  -       A0->Y   R     AOI31X1        3 10.2   341   247    2674    (-,-) 
  const_mul_4262_72_g1935/Y  -       A0->Y   F     OAI21XL        1  2.7   113   106    2780    (-,-) 
  g41544/CO                  -       ICI->CO F     CMPR42X1       5 18.8   209   415    3195    (-,-) 
  const_mul_4262_72_g1933/Y  -       A->Y    F     AND3X2         1  4.9    70   213    3408    (-,-) 
  const_mul_4262_72_g1930/Y  -       B0->Y   R     AOI211X1       4 13.6   503   305    3714    (-,-) 
  const_mul_4262_72_g1922/Y  -       A0->Y   F     OAI221XL       4 15.5   344   306    4019    (-,-) 
  const_mul_4262_72_g1915/Y  -       A->Y    R     NAND2X1        2  7.6   172   161    4180    (-,-) 
  const_mul_4262_72_g1905/Y  -       A0->Y   F     OAI221XL       3 11.4   287   222    4402    (-,-) 
  const_mul_4262_72_g1897/Y  -       A0->Y   R     AOI21X1        3 10.2   300   248    4650    (-,-) 
  const_mul_4262_72_g1894/Y  -       A0->Y   F     OAI21XL        1  6.2   153   134    4784    (-,-) 
  const_mul_4262_72_g1893/CO -       CI->CO  F     ADDFX2         3 11.4   161   370    5154    (-,-) 
  const_mul_4262_72_g1891/Y  -       A0->Y   R     AOI21X1        2  6.8   244   194    5348    (-,-) 
  const_mul_4262_72_g1890/Y  -       B0->Y   F     OAI2BB2X1      1  4.9   123    99    5447    (-,-) 
  g40312__1705/Y             -       B->Y    R     NOR4BX1        1  4.8   334   255    5702    (-,-) 
  g40233__8428/Y             -       A->Y    F     NAND3X1        1  4.7   140   111    5813    (-,-) 
  g40155__7410/Y             -       A0->Y   R     AOI22X1        4 15.5   454   276    6089    (-,-) 
  g40147/Y                   -       A->Y    F     INVX1          4 18.8   202   176    6265    (-,-) 
  g40132__6783/Y             -       C0->Y   R     AOI221X1       2  7.8   430   278    6543    (-,-) 
  g40123/Y                   -       A->Y    F     INVX1          2  8.7   131   103    6646    (-,-) 
  g40104__6131/Y             -       A->Y    R     NAND2X1        2  6.8   152   113    6760    (-,-) 
  g40097__1705/Y             -       AN->Y   R     NOR2BX1        2  9.1   249   237    6997    (-,-) 
  g40083__6260/Y             -       B0->Y   F     AOI21X1        2  6.0   124    86    7083    (-,-) 
  g40066__6131/Y             -       A->Y    F     OR3XL          1  4.7   122   303    7386    (-,-) 
  g40004__2346/Y             -       A1->Y   R     AOI31X1        1  4.4   238   199    7585    (-,-) 
  g40003__2883/Y             -       B0->Y   F     AOI21X1        8 37.6   368   224    7809    (-,-) 
  g39991__7098/Y             -       A->Y    R     NOR3X1         8 12.8   442   320    8129    (-,-) 
  g39967__2346/Y             -       A1N->Y  R     OAI2BB1XL      1  1.9   120   211    8340    (-,-) 
  s_reg_13_reg[4]/D          -       -       R     DFFX1          1    -     -     0    8340    (-,-) 
#-----------------------------------------------------------------------------------------------------



Path 10: MET (2532 ps) Setup Check with Pin s_reg_13_reg[3]/CK->D
          Group: C2C
     Startpoint: (R) s_reg_18_reg[4]/CK
          Clock: (R) clock
       Endpoint: (R) s_reg_13_reg[3]/D
          Clock: (R) clock

                     Capture       Launch     
        Clock Edge:+   11000            0     
       Src Latency:+       0            0     
       Net Latency:+       0 (I)        0 (I) 
           Arrival:=   11000            0     
                                              
             Setup:-     128                  
     Required Time:=   10872                  
      Launch Clock:-       0                  
         Data Path:-    8340                  
             Slack:=    2532                  

#-----------------------------------------------------------------------------------------------------
#       Timing Point         Flags    Arc    Edge   Cell     Fanout Load Trans Delay Arrival Instance 
#                                                                   (fF)  (ps)  (ps)   (ps)  Location 
#-----------------------------------------------------------------------------------------------------
  s_reg_18_reg[4]/CK         -       -       R     (arrival)    195    -     0     0       0    (-,-) 
  s_reg_18_reg[4]/Q          -       CK->Q   R     DFFX1         15 69.7   859   789     789    (-,-) 
  const_mul_4262_72_g2055/S  -       B->S    F     ADDFX1         2  7.9   182   725    1514    (-,-) 
  const_mul_4262_72_g2027/Y  -       A->Y    F     OR2X2          2  7.8    83   231    1744    (-,-) 
  const_mul_4262_72_g1960/Y  -       A0->Y   R     AOI32X1        1  3.0   262   199    1943    (-,-) 
  const_mul_4262_72_g1948/Y  -       B0->Y   F     OAI21XL        1  3.4   131   123    2066    (-,-) 
  const_mul_4262_72_g1943/Y  -       A0->Y   R     OAI21XL        1  3.3   234   181    2247    (-,-) 
  const_mul_4262_72_g1942/Y  -       C0->Y   F     OAI221XL       2  6.2   230   180    2427    (-,-) 
  const_mul_4262_72_g1938/Y  -       A0->Y   R     AOI31X1        3 10.2   341   247    2674    (-,-) 
  const_mul_4262_72_g1935/Y  -       A0->Y   F     OAI21XL        1  2.7   113   106    2780    (-,-) 
  g41544/CO                  -       ICI->CO F     CMPR42X1       5 18.8   209   415    3195    (-,-) 
  const_mul_4262_72_g1933/Y  -       A->Y    F     AND3X2         1  4.9    70   213    3408    (-,-) 
  const_mul_4262_72_g1930/Y  -       B0->Y   R     AOI211X1       4 13.6   503   305    3714    (-,-) 
  const_mul_4262_72_g1922/Y  -       A0->Y   F     OAI221XL       4 15.5   344   306    4019    (-,-) 
  const_mul_4262_72_g1915/Y  -       A->Y    R     NAND2X1        2  7.6   172   161    4180    (-,-) 
  const_mul_4262_72_g1905/Y  -       A0->Y   F     OAI221XL       3 11.4   287   222    4402    (-,-) 
  const_mul_4262_72_g1897/Y  -       A0->Y   R     AOI21X1        3 10.2   300   248    4650    (-,-) 
  const_mul_4262_72_g1894/Y  -       A0->Y   F     OAI21XL        1  6.2   153   134    4784    (-,-) 
  const_mul_4262_72_g1893/CO -       CI->CO  F     ADDFX2         3 11.4   161   370    5154    (-,-) 
  const_mul_4262_72_g1891/Y  -       A0->Y   R     AOI21X1        2  6.8   244   194    5348    (-,-) 
  const_mul_4262_72_g1890/Y  -       B0->Y   F     OAI2BB2X1      1  4.9   123    99    5447    (-,-) 
  g40312__1705/Y             -       B->Y    R     NOR4BX1        1  4.8   334   255    5702    (-,-) 
  g40233__8428/Y             -       A->Y    F     NAND3X1        1  4.7   140   111    5813    (-,-) 
  g40155__7410/Y             -       A0->Y   R     AOI22X1        4 15.5   454   276    6089    (-,-) 
  g40147/Y                   -       A->Y    F     INVX1          4 18.8   202   176    6265    (-,-) 
  g40132__6783/Y             -       C0->Y   R     AOI221X1       2  7.8   430   278    6543    (-,-) 
  g40123/Y                   -       A->Y    F     INVX1          2  8.7   131   103    6646    (-,-) 
  g40104__6131/Y             -       A->Y    R     NAND2X1        2  6.8   152   113    6760    (-,-) 
  g40097__1705/Y             -       AN->Y   R     NOR2BX1        2  9.1   249   237    6997    (-,-) 
  g40083__6260/Y             -       B0->Y   F     AOI21X1        2  6.0   124    86    7083    (-,-) 
  g40066__6131/Y             -       A->Y    F     OR3XL          1  4.7   122   303    7386    (-,-) 
  g40004__2346/Y             -       A1->Y   R     AOI31X1        1  4.4   238   199    7585    (-,-) 
  g40003__2883/Y             -       B0->Y   F     AOI21X1        8 37.6   368   224    7809    (-,-) 
  g39991__7098/Y             -       A->Y    R     NOR3X1         8 12.8   442   320    8129    (-,-) 
  g39966__2883/Y             -       A1N->Y  R     OAI2BB1XL      1  1.9   120   211    8340    (-,-) 
  s_reg_13_reg[3]/D          -       -       R     DFFX1          1    -     -     0    8340    (-,-) 
#-----------------------------------------------------------------------------------------------------



Path 11: MET (2532 ps) Setup Check with Pin s_reg_13_reg[1]/CK->D
          Group: C2C
     Startpoint: (R) s_reg_18_reg[4]/CK
          Clock: (R) clock
       Endpoint: (R) s_reg_13_reg[1]/D
          Clock: (R) clock

                     Capture       Launch     
        Clock Edge:+   11000            0     
       Src Latency:+       0            0     
       Net Latency:+       0 (I)        0 (I) 
           Arrival:=   11000            0     
                                              
             Setup:-     128                  
     Required Time:=   10872                  
      Launch Clock:-       0                  
         Data Path:-    8340                  
             Slack:=    2532                  

#-----------------------------------------------------------------------------------------------------
#       Timing Point         Flags    Arc    Edge   Cell     Fanout Load Trans Delay Arrival Instance 
#                                                                   (fF)  (ps)  (ps)   (ps)  Location 
#-----------------------------------------------------------------------------------------------------
  s_reg_18_reg[4]/CK         -       -       R     (arrival)    195    -     0     0       0    (-,-) 
  s_reg_18_reg[4]/Q          -       CK->Q   R     DFFX1         15 69.7   859   789     789    (-,-) 
  const_mul_4262_72_g2055/S  -       B->S    F     ADDFX1         2  7.9   182   725    1514    (-,-) 
  const_mul_4262_72_g2027/Y  -       A->Y    F     OR2X2          2  7.8    83   231    1744    (-,-) 
  const_mul_4262_72_g1960/Y  -       A0->Y   R     AOI32X1        1  3.0   262   199    1943    (-,-) 
  const_mul_4262_72_g1948/Y  -       B0->Y   F     OAI21XL        1  3.4   131   123    2066    (-,-) 
  const_mul_4262_72_g1943/Y  -       A0->Y   R     OAI21XL        1  3.3   234   181    2247    (-,-) 
  const_mul_4262_72_g1942/Y  -       C0->Y   F     OAI221XL       2  6.2   230   180    2427    (-,-) 
  const_mul_4262_72_g1938/Y  -       A0->Y   R     AOI31X1        3 10.2   341   247    2674    (-,-) 
  const_mul_4262_72_g1935/Y  -       A0->Y   F     OAI21XL        1  2.7   113   106    2780    (-,-) 
  g41544/CO                  -       ICI->CO F     CMPR42X1       5 18.8   209   415    3195    (-,-) 
  const_mul_4262_72_g1933/Y  -       A->Y    F     AND3X2         1  4.9    70   213    3408    (-,-) 
  const_mul_4262_72_g1930/Y  -       B0->Y   R     AOI211X1       4 13.6   503   305    3714    (-,-) 
  const_mul_4262_72_g1922/Y  -       A0->Y   F     OAI221XL       4 15.5   344   306    4019    (-,-) 
  const_mul_4262_72_g1915/Y  -       A->Y    R     NAND2X1        2  7.6   172   161    4180    (-,-) 
  const_mul_4262_72_g1905/Y  -       A0->Y   F     OAI221XL       3 11.4   287   222    4402    (-,-) 
  const_mul_4262_72_g1897/Y  -       A0->Y   R     AOI21X1        3 10.2   300   248    4650    (-,-) 
  const_mul_4262_72_g1894/Y  -       A0->Y   F     OAI21XL        1  6.2   153   134    4784    (-,-) 
  const_mul_4262_72_g1893/CO -       CI->CO  F     ADDFX2         3 11.4   161   370    5154    (-,-) 
  const_mul_4262_72_g1891/Y  -       A0->Y   R     AOI21X1        2  6.8   244   194    5348    (-,-) 
  const_mul_4262_72_g1890/Y  -       B0->Y   F     OAI2BB2X1      1  4.9   123    99    5447    (-,-) 
  g40312__1705/Y             -       B->Y    R     NOR4BX1        1  4.8   334   255    5702    (-,-) 
  g40233__8428/Y             -       A->Y    F     NAND3X1        1  4.7   140   111    5813    (-,-) 
  g40155__7410/Y             -       A0->Y   R     AOI22X1        4 15.5   454   276    6089    (-,-) 
  g40147/Y                   -       A->Y    F     INVX1          4 18.8   202   176    6265    (-,-) 
  g40132__6783/Y             -       C0->Y   R     AOI221X1       2  7.8   430   278    6543    (-,-) 
  g40123/Y                   -       A->Y    F     INVX1          2  8.7   131   103    6646    (-,-) 
  g40104__6131/Y             -       A->Y    R     NAND2X1        2  6.8   152   113    6760    (-,-) 
  g40097__1705/Y             -       AN->Y   R     NOR2BX1        2  9.1   249   237    6997    (-,-) 
  g40083__6260/Y             -       B0->Y   F     AOI21X1        2  6.0   124    86    7083    (-,-) 
  g40066__6131/Y             -       A->Y    F     OR3XL          1  4.7   122   303    7386    (-,-) 
  g40004__2346/Y             -       A1->Y   R     AOI31X1        1  4.4   238   199    7585    (-,-) 
  g40003__2883/Y             -       B0->Y   F     AOI21X1        8 37.6   368   224    7809    (-,-) 
  g39991__7098/Y             -       A->Y    R     NOR3X1         8 12.8   442   320    8129    (-,-) 
  g39962__9945/Y             -       A1N->Y  R     OAI2BB1XL      1  1.9   120   211    8340    (-,-) 
  s_reg_13_reg[1]/D          -       -       R     DFFX1          1    -     -     0    8340    (-,-) 
#-----------------------------------------------------------------------------------------------------



Path 12: MET (2532 ps) Setup Check with Pin s_reg_13_reg[0]/CK->D
          Group: C2C
     Startpoint: (R) s_reg_18_reg[4]/CK
          Clock: (R) clock
       Endpoint: (R) s_reg_13_reg[0]/D
          Clock: (R) clock

                     Capture       Launch     
        Clock Edge:+   11000            0     
       Src Latency:+       0            0     
       Net Latency:+       0 (I)        0 (I) 
           Arrival:=   11000            0     
                                              
             Setup:-     128                  
     Required Time:=   10872                  
      Launch Clock:-       0                  
         Data Path:-    8340                  
             Slack:=    2532                  

#-----------------------------------------------------------------------------------------------------
#       Timing Point         Flags    Arc    Edge   Cell     Fanout Load Trans Delay Arrival Instance 
#                                                                   (fF)  (ps)  (ps)   (ps)  Location 
#-----------------------------------------------------------------------------------------------------
  s_reg_18_reg[4]/CK         -       -       R     (arrival)    195    -     0     0       0    (-,-) 
  s_reg_18_reg[4]/Q          -       CK->Q   R     DFFX1         15 69.7   859   789     789    (-,-) 
  const_mul_4262_72_g2055/S  -       B->S    F     ADDFX1         2  7.9   182   725    1514    (-,-) 
  const_mul_4262_72_g2027/Y  -       A->Y    F     OR2X2          2  7.8    83   231    1744    (-,-) 
  const_mul_4262_72_g1960/Y  -       A0->Y   R     AOI32X1        1  3.0   262   199    1943    (-,-) 
  const_mul_4262_72_g1948/Y  -       B0->Y   F     OAI21XL        1  3.4   131   123    2066    (-,-) 
  const_mul_4262_72_g1943/Y  -       A0->Y   R     OAI21XL        1  3.3   234   181    2247    (-,-) 
  const_mul_4262_72_g1942/Y  -       C0->Y   F     OAI221XL       2  6.2   230   180    2427    (-,-) 
  const_mul_4262_72_g1938/Y  -       A0->Y   R     AOI31X1        3 10.2   341   247    2674    (-,-) 
  const_mul_4262_72_g1935/Y  -       A0->Y   F     OAI21XL        1  2.7   113   106    2780    (-,-) 
  g41544/CO                  -       ICI->CO F     CMPR42X1       5 18.8   209   415    3195    (-,-) 
  const_mul_4262_72_g1933/Y  -       A->Y    F     AND3X2         1  4.9    70   213    3408    (-,-) 
  const_mul_4262_72_g1930/Y  -       B0->Y   R     AOI211X1       4 13.6   503   305    3714    (-,-) 
  const_mul_4262_72_g1922/Y  -       A0->Y   F     OAI221XL       4 15.5   344   306    4019    (-,-) 
  const_mul_4262_72_g1915/Y  -       A->Y    R     NAND2X1        2  7.6   172   161    4180    (-,-) 
  const_mul_4262_72_g1905/Y  -       A0->Y   F     OAI221XL       3 11.4   287   222    4402    (-,-) 
  const_mul_4262_72_g1897/Y  -       A0->Y   R     AOI21X1        3 10.2   300   248    4650    (-,-) 
  const_mul_4262_72_g1894/Y  -       A0->Y   F     OAI21XL        1  6.2   153   134    4784    (-,-) 
  const_mul_4262_72_g1893/CO -       CI->CO  F     ADDFX2         3 11.4   161   370    5154    (-,-) 
  const_mul_4262_72_g1891/Y  -       A0->Y   R     AOI21X1        2  6.8   244   194    5348    (-,-) 
  const_mul_4262_72_g1890/Y  -       B0->Y   F     OAI2BB2X1      1  4.9   123    99    5447    (-,-) 
  g40312__1705/Y             -       B->Y    R     NOR4BX1        1  4.8   334   255    5702    (-,-) 
  g40233__8428/Y             -       A->Y    F     NAND3X1        1  4.7   140   111    5813    (-,-) 
  g40155__7410/Y             -       A0->Y   R     AOI22X1        4 15.5   454   276    6089    (-,-) 
  g40147/Y                   -       A->Y    F     INVX1          4 18.8   202   176    6265    (-,-) 
  g40132__6783/Y             -       C0->Y   R     AOI221X1       2  7.8   430   278    6543    (-,-) 
  g40123/Y                   -       A->Y    F     INVX1          2  8.7   131   103    6646    (-,-) 
  g40104__6131/Y             -       A->Y    R     NAND2X1        2  6.8   152   113    6760    (-,-) 
  g40097__1705/Y             -       AN->Y   R     NOR2BX1        2  9.1   249   237    6997    (-,-) 
  g40083__6260/Y             -       B0->Y   F     AOI21X1        2  6.0   124    86    7083    (-,-) 
  g40066__6131/Y             -       A->Y    F     OR3XL          1  4.7   122   303    7386    (-,-) 
  g40004__2346/Y             -       A1->Y   R     AOI31X1        1  4.4   238   199    7585    (-,-) 
  g40003__2883/Y             -       B0->Y   F     AOI21X1        8 37.6   368   224    7809    (-,-) 
  g39991__7098/Y             -       A->Y    R     NOR3X1         8 12.8   442   320    8129    (-,-) 
  g39970__6417/Y             -       A1N->Y  R     OAI2BB1XL      1  1.9   120   211    8340    (-,-) 
  s_reg_13_reg[0]/D          -       -       R     DFFX1          1    -     -     0    8340    (-,-) 
#-----------------------------------------------------------------------------------------------------



Path 13: MET (2533 ps) Setup Check with Pin s_reg_13_reg[7]/CK->D
          Group: C2C
     Startpoint: (R) s_reg_18_reg[4]/CK
          Clock: (R) clock
       Endpoint: (R) s_reg_13_reg[7]/D
          Clock: (R) clock

                     Capture       Launch     
        Clock Edge:+   11000            0     
       Src Latency:+       0            0     
       Net Latency:+       0 (I)        0 (I) 
           Arrival:=   11000            0     
                                              
             Setup:-     127                  
     Required Time:=   10873                  
      Launch Clock:-       0                  
         Data Path:-    8340                  
             Slack:=    2533                  

#-----------------------------------------------------------------------------------------------------
#       Timing Point         Flags    Arc    Edge   Cell     Fanout Load Trans Delay Arrival Instance 
#                                                                   (fF)  (ps)  (ps)   (ps)  Location 
#-----------------------------------------------------------------------------------------------------
  s_reg_18_reg[4]/CK         -       -       R     (arrival)    195    -     0     0       0    (-,-) 
  s_reg_18_reg[4]/Q          -       CK->Q   R     DFFX1         15 69.7   859   789     789    (-,-) 
  const_mul_4262_72_g2055/S  -       B->S    F     ADDFX1         2  7.9   182   725    1514    (-,-) 
  const_mul_4262_72_g2027/Y  -       A->Y    F     OR2X2          2  7.8    83   231    1744    (-,-) 
  const_mul_4262_72_g1960/Y  -       A0->Y   R     AOI32X1        1  3.0   262   199    1943    (-,-) 
  const_mul_4262_72_g1948/Y  -       B0->Y   F     OAI21XL        1  3.4   131   123    2066    (-,-) 
  const_mul_4262_72_g1943/Y  -       A0->Y   R     OAI21XL        1  3.3   234   181    2247    (-,-) 
  const_mul_4262_72_g1942/Y  -       C0->Y   F     OAI221XL       2  6.2   230   180    2427    (-,-) 
  const_mul_4262_72_g1938/Y  -       A0->Y   R     AOI31X1        3 10.2   341   247    2674    (-,-) 
  const_mul_4262_72_g1935/Y  -       A0->Y   F     OAI21XL        1  2.7   113   106    2780    (-,-) 
  g41544/CO                  -       ICI->CO F     CMPR42X1       5 18.8   209   415    3195    (-,-) 
  const_mul_4262_72_g1933/Y  -       A->Y    F     AND3X2         1  4.9    70   213    3408    (-,-) 
  const_mul_4262_72_g1930/Y  -       B0->Y   R     AOI211X1       4 13.6   503   305    3714    (-,-) 
  const_mul_4262_72_g1922/Y  -       A0->Y   F     OAI221XL       4 15.5   344   306    4019    (-,-) 
  const_mul_4262_72_g1915/Y  -       A->Y    R     NAND2X1        2  7.6   172   161    4180    (-,-) 
  const_mul_4262_72_g1905/Y  -       A0->Y   F     OAI221XL       3 11.4   287   222    4402    (-,-) 
  const_mul_4262_72_g1897/Y  -       A0->Y   R     AOI21X1        3 10.2   300   248    4650    (-,-) 
  const_mul_4262_72_g1894/Y  -       A0->Y   F     OAI21XL        1  6.2   153   134    4784    (-,-) 
  const_mul_4262_72_g1893/CO -       CI->CO  F     ADDFX2         3 11.4   161   370    5154    (-,-) 
  const_mul_4262_72_g1891/Y  -       A0->Y   R     AOI21X1        2  6.8   244   194    5348    (-,-) 
  const_mul_4262_72_g1890/Y  -       B0->Y   F     OAI2BB2X1      1  4.9   123    99    5447    (-,-) 
  g40312__1705/Y             -       B->Y    R     NOR4BX1        1  4.8   334   255    5702    (-,-) 
  g40233__8428/Y             -       A->Y    F     NAND3X1        1  4.7   140   111    5813    (-,-) 
  g40155__7410/Y             -       A0->Y   R     AOI22X1        4 15.5   454   276    6089    (-,-) 
  g40147/Y                   -       A->Y    F     INVX1          4 18.8   202   176    6265    (-,-) 
  g40132__6783/Y             -       C0->Y   R     AOI221X1       2  7.8   430   278    6543    (-,-) 
  g40123/Y                   -       A->Y    F     INVX1          2  8.7   131   103    6646    (-,-) 
  g40104__6131/Y             -       A->Y    R     NAND2X1        2  6.8   152   113    6760    (-,-) 
  g40097__1705/Y             -       AN->Y   R     NOR2BX1        2  9.1   249   237    6997    (-,-) 
  g40083__6260/Y             -       B0->Y   F     AOI21X1        2  6.0   124    86    7083    (-,-) 
  g40066__6131/Y             -       A->Y    F     OR3XL          1  4.7   122   303    7386    (-,-) 
  g40004__2346/Y             -       A1->Y   R     AOI31X1        1  4.4   238   199    7585    (-,-) 
  g40003__2883/Y             -       B0->Y   F     AOI21X1        8 37.6   368   224    7809    (-,-) 
  g39991__7098/Y             -       A->Y    R     NOR3X1         8 12.8   442   320    8129    (-,-) 
  g39971__5477/Y             -       A1N->Y  R     OAI2BB1XL      1  1.9   109   211    8340    (-,-) 
  s_reg_13_reg[7]/D          -       -       R     DFFX1          1    -     -     0    8340    (-,-) 
#-----------------------------------------------------------------------------------------------------



Path 14: MET (2704 ps) Setup Check with Pin s_reg_18_reg[26]/CK->D
          Group: C2C
     Startpoint: (R) gs_ctrl_proc_h40040000000000_reg/CK
          Clock: (R) clock
       Endpoint: (F) s_reg_18_reg[26]/D
          Clock: (R) clock

                     Capture       Launch     
        Clock Edge:+   11000            0     
       Src Latency:+       0            0     
       Net Latency:+       0 (I)        0 (I) 
           Arrival:=   11000            0     
                                              
             Setup:-     264                  
     Required Time:=   10736                  
      Launch Clock:-       0                  
         Data Path:-    8032                  
             Slack:=    2704                  

#----------------------------------------------------------------------------------------------------------------
#             Timing Point              Flags    Arc    Edge   Cell     Fanout Load Trans Delay Arrival Instance 
#                                                                              (fF)  (ps)  (ps)   (ps)  Location 
#----------------------------------------------------------------------------------------------------------------
  gs_ctrl_proc_h40040000000000_reg/CK   -       -       R     (arrival)    195    -     0     0       0    (-,-) 
  gs_ctrl_proc_h40040000000000_reg/Q    -       CK->Q   R     DFFRX1         5 22.9   318   802     802    (-,-) 
  g35383__2346/Y                        -       S0->Y   R     MX2X1         11 46.6   608   602    1404    (-,-) 
  csa_tree_mul_4306_112_g992/Y          -       A->Y    F     INVX1         10 45.1   359   333    1738    (-,-) 
  csa_tree_mul_4306_112_g943/Y          -       B->Y    R     MXI2X1         9 35.1   817   462    2199    (-,-) 
  csa_tree_mul_4306_112_g914/Y          -       B0->Y   F     OAI21XL        8 34.8   552   477    2676    (-,-) 
  csa_tree_mul_4306_112_g881/Y          -       A0->Y   R     OAI22X1        1  6.8   366   252    2928    (-,-) 
  csa_tree_mul_4306_112_cdnfadd_004_0/S -       B->S    F     ADDFX1         1  3.2   148   594    3521    (-,-) 
  g41390/Y                              -       A->Y    F     AND2X2         1  7.6    73   178    3699    (-,-) 
  g41548/CO                             -       C->CO   F     CMPR42X1       1  2.7   100   714    4413    (-,-) 
  g41547/CO                             -       ICI->CO F     CMPR42X1       1  2.7   100   301    4714    (-,-) 
  g41546/CO                             -       ICI->CO F     CMPR42X1       1  2.7   100   301    5015    (-,-) 
  g41545/CO                             -       ICI->CO F     CMPR42X1       3 10.7   154   356    5371    (-,-) 
  csa_tree_add_3739_54_groupi_g1606/Y   -       B->Y    R     NAND2BX1       3 11.3   211   164    5534    (-,-) 
  csa_tree_add_3739_54_groupi_g1604/Y   -       B->Y    F     NOR4BX1        1  4.9   149   108    5643    (-,-) 
  csa_tree_add_3739_54_groupi_g1602/Y   -       B0->Y   R     AOI211X1       3 11.1   445   287    5930    (-,-) 
  csa_tree_add_3739_54_groupi_g1599/Y   -       A->Y    F     NOR2X1         3 13.4   168   146    6076    (-,-) 
  csa_tree_add_3739_54_groupi_g1594/Y   -       A0->Y   R     AOI31X1        3 11.1   358   247    6324    (-,-) 
  csa_tree_add_3739_54_groupi_g1590/Y   -       A->Y    F     NOR2X1         2  8.3   123   104    6428    (-,-) 
  csa_tree_add_3739_54_groupi_g1585/Y   -       A->Y    R     NAND2X1        2  8.0   178   120    6547    (-,-) 
  csa_tree_add_3739_54_groupi_g1579/Y   -       A0->Y   F     OAI31X1        4 14.7   220   147    6695    (-,-) 
  csa_tree_add_3739_54_groupi_g1578/Y   -       A->Y    F     AND2X2         2  9.2    75   199    6894    (-,-) 
  csa_tree_add_3739_54_groupi_g1573/Y   -       A0->Y   R     AOI221X1       4 14.9   585   398    7291    (-,-) 
  csa_tree_add_3739_54_groupi_g1569/Y   -       A->Y    F     NOR3X1         1  4.9   143   115    7407    (-,-) 
  csa_tree_add_3739_54_groupi_g1566/Y   -       B0->Y   R     AOI211X1       3 10.2   428   274    7681    (-,-) 
  csa_tree_add_3739_54_groupi_g1563/Y   -       B0->Y   F     OAI2BB2X1      1  4.3   116   103    7784    (-,-) 
  g40433__7482/Y                        -       B0->Y   R     AOI22X1        1  2.6   315   191    7975    (-,-) 
  g40404/Y                              -       A->Y    F     INVXL          1  1.9    78    57    8032    (-,-) 
  s_reg_18_reg[26]/D                    -       -       F     DFFX1          1    -     -     0    8032    (-,-) 
#----------------------------------------------------------------------------------------------------------------



Path 15: MET (2802 ps) Setup Check with Pin s_reg_18_reg[25]/CK->D
          Group: C2C
     Startpoint: (R) gs_ctrl_proc_h40040000000000_reg/CK
          Clock: (R) clock
       Endpoint: (F) s_reg_18_reg[25]/D
          Clock: (R) clock

                     Capture       Launch     
        Clock Edge:+   11000            0     
       Src Latency:+       0            0     
       Net Latency:+       0 (I)        0 (I) 
           Arrival:=   11000            0     
                                              
             Setup:-     264                  
     Required Time:=   10736                  
      Launch Clock:-       0                  
         Data Path:-    7934                  
             Slack:=    2802                  

#----------------------------------------------------------------------------------------------------------------
#             Timing Point              Flags    Arc    Edge   Cell     Fanout Load Trans Delay Arrival Instance 
#                                                                              (fF)  (ps)  (ps)   (ps)  Location 
#----------------------------------------------------------------------------------------------------------------
  gs_ctrl_proc_h40040000000000_reg/CK   -       -       R     (arrival)    195    -     0     0       0    (-,-) 
  gs_ctrl_proc_h40040000000000_reg/Q    -       CK->Q   R     DFFRX1         5 22.9   318   802     802    (-,-) 
  g35383__2346/Y                        -       S0->Y   R     MX2X1         11 46.6   608   602    1404    (-,-) 
  csa_tree_mul_4306_112_g992/Y          -       A->Y    F     INVX1         10 45.1   359   333    1738    (-,-) 
  csa_tree_mul_4306_112_g943/Y          -       B->Y    R     MXI2X1         9 35.1   817   462    2199    (-,-) 
  csa_tree_mul_4306_112_g914/Y          -       B0->Y   F     OAI21XL        8 34.8   552   477    2676    (-,-) 
  csa_tree_mul_4306_112_g881/Y          -       A0->Y   R     OAI22X1        1  6.8   366   252    2928    (-,-) 
  csa_tree_mul_4306_112_cdnfadd_004_0/S -       B->S    F     ADDFX1         1  3.2   148   594    3521    (-,-) 
  g41390/Y                              -       A->Y    F     AND2X2         1  7.6    73   178    3699    (-,-) 
  g41548/CO                             -       C->CO   F     CMPR42X1       1  2.7   100   714    4413    (-,-) 
  g41547/CO                             -       ICI->CO F     CMPR42X1       1  2.7   100   301    4714    (-,-) 
  g41546/CO                             -       ICI->CO F     CMPR42X1       1  2.7   100   301    5015    (-,-) 
  g41545/CO                             -       ICI->CO F     CMPR42X1       3 10.7   154   356    5371    (-,-) 
  csa_tree_add_3739_54_groupi_g1606/Y   -       B->Y    R     NAND2BX1       3 11.3   211   164    5534    (-,-) 
  csa_tree_add_3739_54_groupi_g1604/Y   -       B->Y    F     NOR4BX1        1  4.9   149   108    5643    (-,-) 
  csa_tree_add_3739_54_groupi_g1602/Y   -       B0->Y   R     AOI211X1       3 11.1   445   287    5930    (-,-) 
  csa_tree_add_3739_54_groupi_g1599/Y   -       A->Y    F     NOR2X1         3 13.4   168   146    6076    (-,-) 
  csa_tree_add_3739_54_groupi_g1594/Y   -       A0->Y   R     AOI31X1        3 11.1   358   247    6324    (-,-) 
  csa_tree_add_3739_54_groupi_g1590/Y   -       A->Y    F     NOR2X1         2  8.3   123   104    6428    (-,-) 
  csa_tree_add_3739_54_groupi_g1585/Y   -       A->Y    R     NAND2X1        2  8.0   178   120    6547    (-,-) 
  csa_tree_add_3739_54_groupi_g1579/Y   -       A0->Y   F     OAI31X1        4 14.7   220   147    6695    (-,-) 
  csa_tree_add_3739_54_groupi_g1578/Y   -       A->Y    F     AND2X2         2  9.2    75   199    6894    (-,-) 
  csa_tree_add_3739_54_groupi_g1573/Y   -       A0->Y   R     AOI221X1       4 14.9   585   398    7291    (-,-) 
  csa_tree_add_3739_54_groupi_g1567/Y   -       A0->Y   F     OAI21XL        2  6.8   187   164    7456    (-,-) 
  csa_tree_add_3739_54_groupi_g1564/Y   -       A1N->Y  F     OAI2BB2X1      1  4.3   114   230    7686    (-,-) 
  g40432__5115/Y                        -       B0->Y   R     AOI22X1        1  2.6   315   190    7876    (-,-) 
  g40403/Y                              -       A->Y    F     INVXL          1  1.9    78    57    7934    (-,-) 
  s_reg_18_reg[25]/D                    -       -       F     DFFX1          1    -     -     0    7934    (-,-) 
#----------------------------------------------------------------------------------------------------------------



Path 16: MET (3070 ps) Setup Check with Pin s_reg_18_reg[24]/CK->D
          Group: C2C
     Startpoint: (R) gs_ctrl_proc_h40040000000000_reg/CK
          Clock: (R) clock
       Endpoint: (F) s_reg_18_reg[24]/D
          Clock: (R) clock

                     Capture       Launch     
        Clock Edge:+   11000            0     
       Src Latency:+       0            0     
       Net Latency:+       0 (I)        0 (I) 
           Arrival:=   11000            0     
                                              
             Setup:-     264                  
     Required Time:=   10736                  
      Launch Clock:-       0                  
         Data Path:-    7665                  
             Slack:=    3070                  

#----------------------------------------------------------------------------------------------------------------
#             Timing Point              Flags    Arc    Edge   Cell     Fanout Load Trans Delay Arrival Instance 
#                                                                              (fF)  (ps)  (ps)   (ps)  Location 
#----------------------------------------------------------------------------------------------------------------
  gs_ctrl_proc_h40040000000000_reg/CK   -       -       R     (arrival)    195    -     0     0       0    (-,-) 
  gs_ctrl_proc_h40040000000000_reg/Q    -       CK->Q   R     DFFRX1         5 22.9   318   802     802    (-,-) 
  g35383__2346/Y                        -       S0->Y   R     MX2X1         11 46.6   608   602    1404    (-,-) 
  csa_tree_mul_4306_112_g992/Y          -       A->Y    F     INVX1         10 45.1   359   333    1738    (-,-) 
  csa_tree_mul_4306_112_g943/Y          -       B->Y    R     MXI2X1         9 35.1   817   462    2199    (-,-) 
  csa_tree_mul_4306_112_g914/Y          -       B0->Y   F     OAI21XL        8 34.8   552   477    2676    (-,-) 
  csa_tree_mul_4306_112_g881/Y          -       A0->Y   R     OAI22X1        1  6.8   366   252    2928    (-,-) 
  csa_tree_mul_4306_112_cdnfadd_004_0/S -       B->S    F     ADDFX1         1  3.2   148   594    3521    (-,-) 
  g41390/Y                              -       A->Y    F     AND2X2         1  7.6    73   178    3699    (-,-) 
  g41548/CO                             -       C->CO   R     CMPR42X1       1  2.7   100   691    4390    (-,-) 
  g41547/CO                             -       ICI->CO R     CMPR42X1       1  2.7   100   261    4651    (-,-) 
  g41546/CO                             -       ICI->CO R     CMPR42X1       1  2.7   100   261    4912    (-,-) 
  g41545/CO                             -       ICI->CO R     CMPR42X1       3 10.7   191   323    5235    (-,-) 
  csa_tree_add_3739_54_groupi_g1606/Y   -       B->Y    F     NAND2BX1       3 11.3   143   115    5350    (-,-) 
  csa_tree_add_3739_54_groupi_g1604/Y   -       B->Y    R     NOR4BX1        1  4.9   337   260    5610    (-,-) 
  csa_tree_add_3739_54_groupi_g1602/Y   -       B0->Y   F     AOI211X1       3 11.1   204   134    5744    (-,-) 
  csa_tree_add_3739_54_groupi_g1599/Y   -       A->Y    R     NOR2X1         3 13.4   327   234    5978    (-,-) 
  csa_tree_add_3739_54_groupi_g1594/Y   -       A0->Y   F     AOI31X1        3 11.1   209   175    6154    (-,-) 
  csa_tree_add_3739_54_groupi_g1590/Y   -       A->Y    R     NOR2X1         2  8.3   239   182    6335    (-,-) 
  csa_tree_add_3739_54_groupi_g1585/Y   -       A->Y    F     NAND2X1        2  8.0   125   100    6436    (-,-) 
  csa_tree_add_3739_54_groupi_g1579/Y   -       A0->Y   R     OAI31X1        4 14.7   536   340    6776    (-,-) 
  csa_tree_add_3739_54_groupi_g1578/Y   -       A->Y    R     AND2X2         2  9.2   114   224    7000    (-,-) 
  csa_tree_add_3739_54_groupi_g1573/Y   -       A0->Y   F     AOI221X1       4 14.9   272   161    7161    (-,-) 
  csa_tree_add_3739_54_groupi_g1568/Y   -       A1N->Y  F     OAI2BB2X1      1  4.3   133   253    7413    (-,-) 
  g40431__1881/Y                        -       B0->Y   R     AOI22X1        1  2.6   315   195    7608    (-,-) 
  g40402/Y                              -       A->Y    F     INVXL          1  1.9    78    57    7665    (-,-) 
  s_reg_18_reg[24]/D                    -       -       F     DFFX1          1    -     -     0    7665    (-,-) 
#----------------------------------------------------------------------------------------------------------------



Path 17: MET (3158 ps) Setup Check with Pin s_reg_18_reg[23]/CK->D
          Group: C2C
     Startpoint: (R) gs_ctrl_proc_h40040000000000_reg/CK
          Clock: (R) clock
       Endpoint: (F) s_reg_18_reg[23]/D
          Clock: (R) clock

                     Capture       Launch     
        Clock Edge:+   11000            0     
       Src Latency:+       0            0     
       Net Latency:+       0 (I)        0 (I) 
           Arrival:=   11000            0     
                                              
             Setup:-     264                  
     Required Time:=   10736                  
      Launch Clock:-       0                  
         Data Path:-    7578                  
             Slack:=    3158                  

#----------------------------------------------------------------------------------------------------------------
#             Timing Point              Flags    Arc    Edge   Cell     Fanout Load Trans Delay Arrival Instance 
#                                                                              (fF)  (ps)  (ps)   (ps)  Location 
#----------------------------------------------------------------------------------------------------------------
  gs_ctrl_proc_h40040000000000_reg/CK   -       -       R     (arrival)    195    -     0     0       0    (-,-) 
  gs_ctrl_proc_h40040000000000_reg/Q    -       CK->Q   R     DFFRX1         5 22.9   318   802     802    (-,-) 
  g35383__2346/Y                        -       S0->Y   R     MX2X1         11 46.6   608   602    1404    (-,-) 
  csa_tree_mul_4306_112_g992/Y          -       A->Y    F     INVX1         10 45.1   359   333    1738    (-,-) 
  csa_tree_mul_4306_112_g943/Y          -       B->Y    R     MXI2X1         9 35.1   817   462    2199    (-,-) 
  csa_tree_mul_4306_112_g914/Y          -       B0->Y   F     OAI21XL        8 34.8   552   477    2676    (-,-) 
  csa_tree_mul_4306_112_g881/Y          -       A0->Y   R     OAI22X1        1  6.8   366   252    2928    (-,-) 
  csa_tree_mul_4306_112_cdnfadd_004_0/S -       B->S    F     ADDFX1         1  3.2   148   594    3521    (-,-) 
  g41390/Y                              -       A->Y    F     AND2X2         1  7.6    73   178    3699    (-,-) 
  g41548/CO                             -       C->CO   R     CMPR42X1       1  2.7   100   691    4390    (-,-) 
  g41547/CO                             -       ICI->CO R     CMPR42X1       1  2.7   100   261    4651    (-,-) 
  g41546/CO                             -       ICI->CO R     CMPR42X1       1  2.7   100   261    4912    (-,-) 
  g41545/CO                             -       ICI->CO R     CMPR42X1       3 10.7   191   323    5235    (-,-) 
  csa_tree_add_3739_54_groupi_g1606/Y   -       B->Y    F     NAND2BX1       3 11.3   143   115    5350    (-,-) 
  csa_tree_add_3739_54_groupi_g1604/Y   -       B->Y    R     NOR4BX1        1  4.9   337   260    5610    (-,-) 
  csa_tree_add_3739_54_groupi_g1602/Y   -       B0->Y   F     AOI211X1       3 11.1   204   134    5744    (-,-) 
  csa_tree_add_3739_54_groupi_g1599/Y   -       A->Y    R     NOR2X1         3 13.4   327   234    5978    (-,-) 
  csa_tree_add_3739_54_groupi_g1594/Y   -       A0->Y   F     AOI31X1        3 11.1   209   175    6154    (-,-) 
  csa_tree_add_3739_54_groupi_g1590/Y   -       A->Y    R     NOR2X1         2  8.3   239   182    6335    (-,-) 
  csa_tree_add_3739_54_groupi_g1585/Y   -       A->Y    F     NAND2X1        2  8.0   125   100    6436    (-,-) 
  csa_tree_add_3739_54_groupi_g1579/Y   -       A0->Y   R     OAI31X1        4 14.7   536   340    6776    (-,-) 
  csa_tree_add_3739_54_groupi_g1575/Y   -       A0->Y   F     AOI31X1        3 10.2   226   200    6976    (-,-) 
  csa_tree_add_3739_54_groupi_g1570/Y   -       A0->Y   R     OAI21XL        2  6.8   332   256    7231    (-,-) 
  csa_tree_add_3739_54_groupi_g1565/Y   -       B0->Y   F     OAI2BB2X1      1  4.3   114    99    7330    (-,-) 
  g40430__6131/Y                        -       B0->Y   R     AOI22X1        1  2.6   315   190    7520    (-,-) 
  g40401/Y                              -       A->Y    F     INVXL          1  1.9    78    57    7578    (-,-) 
  s_reg_18_reg[23]/D                    -       -       F     DFFX1          1    -     -     0    7578    (-,-) 
#----------------------------------------------------------------------------------------------------------------



Path 18: MET (3204 ps) Setup Check with Pin s_reg_18_reg[21]/CK->D
          Group: C2C
     Startpoint: (R) gs_ctrl_proc_h40040000000000_reg/CK
          Clock: (R) clock
       Endpoint: (F) s_reg_18_reg[21]/D
          Clock: (R) clock

                     Capture       Launch     
        Clock Edge:+   11000            0     
       Src Latency:+       0            0     
       Net Latency:+       0 (I)        0 (I) 
           Arrival:=   11000            0     
                                              
             Setup:-     264                  
     Required Time:=   10736                  
      Launch Clock:-       0                  
         Data Path:-    7532                  
             Slack:=    3204                  

#----------------------------------------------------------------------------------------------------------------
#             Timing Point              Flags    Arc    Edge   Cell     Fanout Load Trans Delay Arrival Instance 
#                                                                              (fF)  (ps)  (ps)   (ps)  Location 
#----------------------------------------------------------------------------------------------------------------
  gs_ctrl_proc_h40040000000000_reg/CK   -       -       R     (arrival)    195    -     0     0       0    (-,-) 
  gs_ctrl_proc_h40040000000000_reg/Q    -       CK->Q   R     DFFRX1         5 22.9   318   802     802    (-,-) 
  g35383__2346/Y                        -       S0->Y   R     MX2X1         11 46.6   608   602    1404    (-,-) 
  csa_tree_mul_4306_112_g992/Y          -       A->Y    F     INVX1         10 45.1   359   333    1738    (-,-) 
  csa_tree_mul_4306_112_g943/Y          -       B->Y    R     MXI2X1         9 35.1   817   462    2199    (-,-) 
  csa_tree_mul_4306_112_g914/Y          -       B0->Y   F     OAI21XL        8 34.8   552   477    2676    (-,-) 
  csa_tree_mul_4306_112_g881/Y          -       A0->Y   R     OAI22X1        1  6.8   366   252    2928    (-,-) 
  csa_tree_mul_4306_112_cdnfadd_004_0/S -       B->S    F     ADDFX1         1  3.2   148   594    3521    (-,-) 
  g41390/Y                              -       A->Y    F     AND2X2         1  7.6    73   178    3699    (-,-) 
  g41548/CO                             -       C->CO   R     CMPR42X1       1  2.7   100   691    4390    (-,-) 
  g41547/CO                             -       ICI->CO R     CMPR42X1       1  2.7   100   261    4651    (-,-) 
  g41546/CO                             -       ICI->CO R     CMPR42X1       1  2.7   100   261    4912    (-,-) 
  g41545/CO                             -       ICI->CO R     CMPR42X1       3 10.7   191   323    5235    (-,-) 
  csa_tree_add_3739_54_groupi_g1606/Y   -       B->Y    F     NAND2BX1       3 11.3   143   115    5350    (-,-) 
  csa_tree_add_3739_54_groupi_g1604/Y   -       B->Y    R     NOR4BX1        1  4.9   337   260    5610    (-,-) 
  csa_tree_add_3739_54_groupi_g1602/Y   -       B0->Y   F     AOI211X1       3 11.1   204   134    5744    (-,-) 
  csa_tree_add_3739_54_groupi_g1599/Y   -       A->Y    R     NOR2X1         3 13.4   327   234    5978    (-,-) 
  csa_tree_add_3739_54_groupi_g1594/Y   -       A0->Y   F     AOI31X1        3 11.1   209   175    6154    (-,-) 
  csa_tree_add_3739_54_groupi_g1590/Y   -       A->Y    R     NOR2X1         2  8.3   239   182    6335    (-,-) 
  csa_tree_add_3739_54_groupi_g1585/Y   -       A->Y    F     NAND2X1        2  8.0   125   100    6436    (-,-) 
  csa_tree_add_3739_54_groupi_g1579/Y   -       A0->Y   R     OAI31X1        4 14.7   536   340    6776    (-,-) 
  csa_tree_add_3739_54_groupi_g1578/Y   -       A->Y    R     AND2X2         2  9.2   114   224    7000    (-,-) 
  csa_tree_add_3739_54_groupi_g1574/Y   -       A->Y    F     NOR2X1         2  6.8   116    72    7072    (-,-) 
  csa_tree_add_3739_54_groupi_g1572/Y   -       A1N->Y  F     OAI2BB2X1      1  4.3   114   212    7284    (-,-) 
  g40428__8246/Y                        -       B0->Y   R     AOI22X1        1  2.6   315   190    7474    (-,-) 
  g40399/Y                              -       A->Y    F     INVXL          1  1.9    78    57    7532    (-,-) 
  s_reg_18_reg[21]/D                    -       -       F     DFFX1          1    -     -     0    7532    (-,-) 
#----------------------------------------------------------------------------------------------------------------



Path 19: MET (3272 ps) Setup Check with Pin s_reg_18_reg[22]/CK->D
          Group: C2C
     Startpoint: (R) gs_ctrl_proc_h40040000000000_reg/CK
          Clock: (R) clock
       Endpoint: (F) s_reg_18_reg[22]/D
          Clock: (R) clock

                     Capture       Launch     
        Clock Edge:+   11000            0     
       Src Latency:+       0            0     
       Net Latency:+       0 (I)        0 (I) 
           Arrival:=   11000            0     
                                              
             Setup:-     264                  
     Required Time:=   10736                  
      Launch Clock:-       0                  
         Data Path:-    7464                  
             Slack:=    3272                  

#----------------------------------------------------------------------------------------------------------------
#             Timing Point              Flags    Arc    Edge   Cell     Fanout Load Trans Delay Arrival Instance 
#                                                                              (fF)  (ps)  (ps)   (ps)  Location 
#----------------------------------------------------------------------------------------------------------------
  gs_ctrl_proc_h40040000000000_reg/CK   -       -       R     (arrival)    195    -     0     0       0    (-,-) 
  gs_ctrl_proc_h40040000000000_reg/Q    -       CK->Q   R     DFFRX1         5 22.9   318   802     802    (-,-) 
  g35383__2346/Y                        -       S0->Y   R     MX2X1         11 46.6   608   602    1404    (-,-) 
  csa_tree_mul_4306_112_g992/Y          -       A->Y    F     INVX1         10 45.1   359   333    1738    (-,-) 
  csa_tree_mul_4306_112_g943/Y          -       B->Y    R     MXI2X1         9 35.1   817   462    2199    (-,-) 
  csa_tree_mul_4306_112_g914/Y          -       B0->Y   F     OAI21XL        8 34.8   552   477    2676    (-,-) 
  csa_tree_mul_4306_112_g881/Y          -       A0->Y   R     OAI22X1        1  6.8   366   252    2928    (-,-) 
  csa_tree_mul_4306_112_cdnfadd_004_0/S -       B->S    F     ADDFX1         1  3.2   148   594    3521    (-,-) 
  g41390/Y                              -       A->Y    F     AND2X2         1  7.6    73   178    3699    (-,-) 
  g41548/CO                             -       C->CO   R     CMPR42X1       1  2.7   100   691    4390    (-,-) 
  g41547/CO                             -       ICI->CO R     CMPR42X1       1  2.7   100   261    4651    (-,-) 
  g41546/CO                             -       ICI->CO R     CMPR42X1       1  2.7   100   261    4912    (-,-) 
  g41545/CO                             -       ICI->CO R     CMPR42X1       3 10.7   191   323    5235    (-,-) 
  csa_tree_add_3739_54_groupi_g1606/Y   -       B->Y    F     NAND2BX1       3 11.3   143   115    5350    (-,-) 
  csa_tree_add_3739_54_groupi_g1604/Y   -       B->Y    R     NOR4BX1        1  4.9   337   260    5610    (-,-) 
  csa_tree_add_3739_54_groupi_g1602/Y   -       B0->Y   F     AOI211X1       3 11.1   204   134    5744    (-,-) 
  csa_tree_add_3739_54_groupi_g1599/Y   -       A->Y    R     NOR2X1         3 13.4   327   234    5978    (-,-) 
  csa_tree_add_3739_54_groupi_g1594/Y   -       A0->Y   F     AOI31X1        3 11.1   209   175    6154    (-,-) 
  csa_tree_add_3739_54_groupi_g1590/Y   -       A->Y    R     NOR2X1         2  8.3   239   182    6335    (-,-) 
  csa_tree_add_3739_54_groupi_g1585/Y   -       A->Y    F     NAND2X1        2  8.0   125   100    6436    (-,-) 
  csa_tree_add_3739_54_groupi_g1579/Y   -       A0->Y   R     OAI31X1        4 14.7   536   340    6776    (-,-) 
  csa_tree_add_3739_54_groupi_g1575/Y   -       A0->Y   F     AOI31X1        3 10.2   226   200    6976    (-,-) 
  csa_tree_add_3739_54_groupi_g1571/Y   -       A1N->Y  F     OAI2BB2X1      1  4.3   114   241    7216    (-,-) 
  g40410__2883/Y                        -       B0->Y   R     AOI22X1        1  2.6   315   190    7407    (-,-) 
  g40381/Y                              -       A->Y    F     INVXL          1  1.9    78    57    7464    (-,-) 
  s_reg_18_reg[22]/D                    -       -       F     DFFX1          1    -     -     0    7464    (-,-) 
#----------------------------------------------------------------------------------------------------------------



Path 20: MET (3393 ps) Setup Check with Pin s_reg_18_reg[19]/CK->D
          Group: C2C
     Startpoint: (R) gs_ctrl_proc_h40040000000000_reg/CK
          Clock: (R) clock
       Endpoint: (F) s_reg_18_reg[19]/D
          Clock: (R) clock

                     Capture       Launch     
        Clock Edge:+   11000            0     
       Src Latency:+       0            0     
       Net Latency:+       0 (I)        0 (I) 
           Arrival:=   11000            0     
                                              
             Setup:-     264                  
     Required Time:=   10736                  
      Launch Clock:-       0                  
         Data Path:-    7343                  
             Slack:=    3393                  

#----------------------------------------------------------------------------------------------------------------
#             Timing Point              Flags    Arc    Edge   Cell     Fanout Load Trans Delay Arrival Instance 
#                                                                              (fF)  (ps)  (ps)   (ps)  Location 
#----------------------------------------------------------------------------------------------------------------
  gs_ctrl_proc_h40040000000000_reg/CK   -       -       R     (arrival)    195    -     0     0       0    (-,-) 
  gs_ctrl_proc_h40040000000000_reg/Q    -       CK->Q   R     DFFRX1         5 22.9   318   802     802    (-,-) 
  g35383__2346/Y                        -       S0->Y   R     MX2X1         11 46.6   608   602    1404    (-,-) 
  csa_tree_mul_4306_112_g992/Y          -       A->Y    F     INVX1         10 45.1   359   333    1738    (-,-) 
  csa_tree_mul_4306_112_g943/Y          -       B->Y    R     MXI2X1         9 35.1   817   462    2199    (-,-) 
  csa_tree_mul_4306_112_g914/Y          -       B0->Y   F     OAI21XL        8 34.8   552   477    2676    (-,-) 
  csa_tree_mul_4306_112_g881/Y          -       A0->Y   R     OAI22X1        1  6.8   366   252    2928    (-,-) 
  csa_tree_mul_4306_112_cdnfadd_004_0/S -       B->S    F     ADDFX1         1  3.2   148   594    3521    (-,-) 
  g41390/Y                              -       A->Y    F     AND2X2         1  7.6    73   178    3699    (-,-) 
  g41548/CO                             -       C->CO   R     CMPR42X1       1  2.7   100   691    4390    (-,-) 
  g41547/CO                             -       ICI->CO R     CMPR42X1       1  2.7   100   261    4651    (-,-) 
  g41546/CO                             -       ICI->CO R     CMPR42X1       1  2.7   100   261    4912    (-,-) 
  g41545/CO                             -       ICI->CO R     CMPR42X1       3 10.7   191   323    5235    (-,-) 
  csa_tree_add_3739_54_groupi_g1606/Y   -       B->Y    F     NAND2BX1       3 11.3   143   115    5350    (-,-) 
  csa_tree_add_3739_54_groupi_g1604/Y   -       B->Y    R     NOR4BX1        1  4.9   337   260    5610    (-,-) 
  csa_tree_add_3739_54_groupi_g1602/Y   -       B0->Y   F     AOI211X1       3 11.1   204   134    5744    (-,-) 
  csa_tree_add_3739_54_groupi_g1599/Y   -       A->Y    R     NOR2X1         3 13.4   327   234    5978    (-,-) 
  csa_tree_add_3739_54_groupi_g1594/Y   -       A0->Y   F     AOI31X1        3 11.1   209   175    6154    (-,-) 
  csa_tree_add_3739_54_groupi_g1590/Y   -       A->Y    R     NOR2X1         2  8.3   239   182    6335    (-,-) 
  csa_tree_add_3739_54_groupi_g1585/Y   -       A->Y    F     NAND2X1        2  8.0   125   100    6436    (-,-) 
  csa_tree_add_3739_54_groupi_g1584/Y   -       A->Y    F     AND2X2         3  9.3    74   176    6611    (-,-) 
  csa_tree_add_3739_54_groupi_g1580/Y   -       A0N->Y  F     AOI2BB1XL      2  6.8   131   268    6879    (-,-) 
  csa_tree_add_3739_54_groupi_g1577/Y   -       A1N->Y  F     OAI2BB2X1      1  4.3   114   216    7095    (-,-) 
  g40426__1705/Y                        -       B0->Y   R     AOI22X1        1  2.6   315   190    7286    (-,-) 
  g40397/Y                              -       A->Y    F     INVXL          1  1.9    78    57    7343    (-,-) 
  s_reg_18_reg[19]/D                    -       -       F     DFFX1          1    -     -     0    7343    (-,-) 
#----------------------------------------------------------------------------------------------------------------



Path 21: MET (3551 ps) Setup Check with Pin s_reg_18_reg[20]/CK->D
          Group: C2C
     Startpoint: (R) gs_ctrl_proc_h40040000000000_reg/CK
          Clock: (R) clock
       Endpoint: (F) s_reg_18_reg[20]/D
          Clock: (R) clock

                     Capture       Launch     
        Clock Edge:+   11000            0     
       Src Latency:+       0            0     
       Net Latency:+       0 (I)        0 (I) 
           Arrival:=   11000            0     
                                              
             Setup:-     264                  
     Required Time:=   10736                  
      Launch Clock:-       0                  
         Data Path:-    7184                  
             Slack:=    3551                  

#----------------------------------------------------------------------------------------------------------------
#             Timing Point              Flags    Arc    Edge   Cell     Fanout Load Trans Delay Arrival Instance 
#                                                                              (fF)  (ps)  (ps)   (ps)  Location 
#----------------------------------------------------------------------------------------------------------------
  gs_ctrl_proc_h40040000000000_reg/CK   -       -       R     (arrival)    195    -     0     0       0    (-,-) 
  gs_ctrl_proc_h40040000000000_reg/Q    -       CK->Q   R     DFFRX1         5 22.9   318   802     802    (-,-) 
  g35383__2346/Y                        -       S0->Y   R     MX2X1         11 46.6   608   602    1404    (-,-) 
  csa_tree_mul_4306_112_g992/Y          -       A->Y    F     INVX1         10 45.1   359   333    1738    (-,-) 
  csa_tree_mul_4306_112_g943/Y          -       B->Y    R     MXI2X1         9 35.1   817   462    2199    (-,-) 
  csa_tree_mul_4306_112_g914/Y          -       B0->Y   F     OAI21XL        8 34.8   552   477    2676    (-,-) 
  csa_tree_mul_4306_112_g881/Y          -       A0->Y   R     OAI22X1        1  6.8   366   252    2928    (-,-) 
  csa_tree_mul_4306_112_cdnfadd_004_0/S -       B->S    F     ADDFX1         1  3.2   148   594    3521    (-,-) 
  g41390/Y                              -       A->Y    F     AND2X2         1  7.6    73   178    3699    (-,-) 
  g41548/CO                             -       C->CO   F     CMPR42X1       1  2.7   100   714    4413    (-,-) 
  g41547/CO                             -       ICI->CO F     CMPR42X1       1  2.7   100   301    4714    (-,-) 
  g41546/CO                             -       ICI->CO F     CMPR42X1       1  2.7   100   301    5015    (-,-) 
  g41545/CO                             -       ICI->CO F     CMPR42X1       3 10.7   154   356    5371    (-,-) 
  csa_tree_add_3739_54_groupi_g1606/Y   -       B->Y    R     NAND2BX1       3 11.3   211   164    5534    (-,-) 
  csa_tree_add_3739_54_groupi_g1604/Y   -       B->Y    F     NOR4BX1        1  4.9   149   108    5643    (-,-) 
  csa_tree_add_3739_54_groupi_g1602/Y   -       B0->Y   R     AOI211X1       3 11.1   445   287    5930    (-,-) 
  csa_tree_add_3739_54_groupi_g1599/Y   -       A->Y    F     NOR2X1         3 13.4   168   146    6076    (-,-) 
  csa_tree_add_3739_54_groupi_g1594/Y   -       A0->Y   R     AOI31X1        3 11.1   358   247    6324    (-,-) 
  csa_tree_add_3739_54_groupi_g1590/Y   -       A->Y    F     NOR2X1         2  8.3   123   104    6428    (-,-) 
  csa_tree_add_3739_54_groupi_g1585/Y   -       A->Y    R     NAND2X1        2  8.0   178   120    6547    (-,-) 
  csa_tree_add_3739_54_groupi_g1579/Y   -       A0->Y   F     OAI31X1        4 14.7   220   147    6695    (-,-) 
  csa_tree_add_3739_54_groupi_g1576/Y   -       A1N->Y  F     OAI2BB2X1      1  4.3   128   239    6934    (-,-) 
  g40427__5122/Y                        -       B0->Y   R     AOI22X1        1  2.6   315   194    7127    (-,-) 
  g40398/Y                              -       A->Y    F     INVXL          1  1.9    78    57    7184    (-,-) 
  s_reg_18_reg[20]/D                    -       -       F     DFFX1          1    -     -     0    7184    (-,-) 
#----------------------------------------------------------------------------------------------------------------



Path 22: MET (3676 ps) Setup Check with Pin s_reg_18_reg[18]/CK->D
          Group: C2C
     Startpoint: (R) gs_ctrl_proc_h40040000000000_reg/CK
          Clock: (R) clock
       Endpoint: (F) s_reg_18_reg[18]/D
          Clock: (R) clock

                     Capture       Launch     
        Clock Edge:+   11000            0     
       Src Latency:+       0            0     
       Net Latency:+       0 (I)        0 (I) 
           Arrival:=   11000            0     
                                              
             Setup:-     264                  
     Required Time:=   10736                  
      Launch Clock:-       0                  
         Data Path:-    7060                  
             Slack:=    3676                  

#----------------------------------------------------------------------------------------------------------------
#             Timing Point              Flags    Arc    Edge   Cell     Fanout Load Trans Delay Arrival Instance 
#                                                                              (fF)  (ps)  (ps)   (ps)  Location 
#----------------------------------------------------------------------------------------------------------------
  gs_ctrl_proc_h40040000000000_reg/CK   -       -       R     (arrival)    195    -     0     0       0    (-,-) 
  gs_ctrl_proc_h40040000000000_reg/Q    -       CK->Q   R     DFFRX1         5 22.9   318   802     802    (-,-) 
  g35383__2346/Y                        -       S0->Y   R     MX2X1         11 46.6   608   602    1404    (-,-) 
  csa_tree_mul_4306_112_g992/Y          -       A->Y    F     INVX1         10 45.1   359   333    1738    (-,-) 
  csa_tree_mul_4306_112_g943/Y          -       B->Y    R     MXI2X1         9 35.1   817   462    2199    (-,-) 
  csa_tree_mul_4306_112_g914/Y          -       B0->Y   F     OAI21XL        8 34.8   552   477    2676    (-,-) 
  csa_tree_mul_4306_112_g881/Y          -       A0->Y   R     OAI22X1        1  6.8   366   252    2928    (-,-) 
  csa_tree_mul_4306_112_cdnfadd_004_0/S -       B->S    F     ADDFX1         1  3.2   148   594    3521    (-,-) 
  g41390/Y                              -       A->Y    F     AND2X2         1  7.6    73   178    3699    (-,-) 
  g41548/CO                             -       C->CO   R     CMPR42X1       1  2.7   100   691    4390    (-,-) 
  g41547/CO                             -       ICI->CO R     CMPR42X1       1  2.7   100   261    4651    (-,-) 
  g41546/CO                             -       ICI->CO R     CMPR42X1       1  2.7   100   261    4912    (-,-) 
  g41545/CO                             -       ICI->CO R     CMPR42X1       3 10.7   191   323    5235    (-,-) 
  csa_tree_add_3739_54_groupi_g1606/Y   -       B->Y    F     NAND2BX1       3 11.3   143   115    5350    (-,-) 
  csa_tree_add_3739_54_groupi_g1604/Y   -       B->Y    R     NOR4BX1        1  4.9   337   260    5610    (-,-) 
  csa_tree_add_3739_54_groupi_g1602/Y   -       B0->Y   F     AOI211X1       3 11.1   204   134    5744    (-,-) 
  csa_tree_add_3739_54_groupi_g1599/Y   -       A->Y    R     NOR2X1         3 13.4   327   234    5978    (-,-) 
  csa_tree_add_3739_54_groupi_g1594/Y   -       A0->Y   F     AOI31X1        3 11.1   209   175    6154    (-,-) 
  csa_tree_add_3739_54_groupi_g1590/Y   -       A->Y    R     NOR2X1         2  8.3   239   182    6335    (-,-) 
  csa_tree_add_3739_54_groupi_g1585/Y   -       A->Y    F     NAND2X1        2  8.0   125   100    6436    (-,-) 
  csa_tree_add_3739_54_groupi_g1584/Y   -       A->Y    F     AND2X2         3  9.3    74   176    6611    (-,-) 
  csa_tree_add_3739_54_groupi_g1581/Y   -       A1N->Y  F     OAI2BB2X1      1  4.3   114   201    6812    (-,-) 
  g40425__2802/Y                        -       B0->Y   R     AOI22X1        1  2.6   315   190    7003    (-,-) 
  g40396/Y                              -       A->Y    F     INVXL          1  1.9    78    57    7060    (-,-) 
  s_reg_18_reg[18]/D                    -       -       F     DFFX1          1    -     -     0    7060    (-,-) 
#----------------------------------------------------------------------------------------------------------------



Path 23: MET (3814 ps) Setup Check with Pin s_reg_18_reg[15]/CK->D
          Group: C2C
     Startpoint: (R) gs_ctrl_proc_h40040000000000_reg/CK
          Clock: (R) clock
       Endpoint: (F) s_reg_18_reg[15]/D
          Clock: (R) clock

                     Capture       Launch     
        Clock Edge:+   11000            0     
       Src Latency:+       0            0     
       Net Latency:+       0 (I)        0 (I) 
           Arrival:=   11000            0     
                                              
             Setup:-     264                  
     Required Time:=   10736                  
      Launch Clock:-       0                  
         Data Path:-    6921                  
             Slack:=    3814                  

#----------------------------------------------------------------------------------------------------------------
#             Timing Point              Flags    Arc    Edge   Cell     Fanout Load Trans Delay Arrival Instance 
#                                                                              (fF)  (ps)  (ps)   (ps)  Location 
#----------------------------------------------------------------------------------------------------------------
  gs_ctrl_proc_h40040000000000_reg/CK   -       -       R     (arrival)    195    -     0     0       0    (-,-) 
  gs_ctrl_proc_h40040000000000_reg/Q    -       CK->Q   R     DFFRX1         5 22.9   318   802     802    (-,-) 
  g35383__2346/Y                        -       S0->Y   R     MX2X1         11 46.6   608   602    1404    (-,-) 
  csa_tree_mul_4306_112_g992/Y          -       A->Y    F     INVX1         10 45.1   359   333    1738    (-,-) 
  csa_tree_mul_4306_112_g943/Y          -       B->Y    R     MXI2X1         9 35.1   817   462    2199    (-,-) 
  csa_tree_mul_4306_112_g914/Y          -       B0->Y   F     OAI21XL        8 34.8   552   477    2676    (-,-) 
  csa_tree_mul_4306_112_g881/Y          -       A0->Y   R     OAI22X1        1  6.8   366   252    2928    (-,-) 
  csa_tree_mul_4306_112_cdnfadd_004_0/S -       B->S    F     ADDFX1         1  3.2   148   594    3521    (-,-) 
  g41390/Y                              -       A->Y    F     AND2X2         1  7.6    73   178    3699    (-,-) 
  g41548/CO                             -       C->CO   F     CMPR42X1       1  2.7   100   714    4413    (-,-) 
  g41547/CO                             -       ICI->CO F     CMPR42X1       1  2.7   100   301    4714    (-,-) 
  g41546/CO                             -       ICI->CO F     CMPR42X1       1  2.7   100   301    5015    (-,-) 
  g41545/CO                             -       ICI->CO F     CMPR42X1       3 10.7   154   356    5371    (-,-) 
  csa_tree_add_3739_54_groupi_g1606/Y   -       B->Y    R     NAND2BX1       3 11.3   211   164    5534    (-,-) 
  csa_tree_add_3739_54_groupi_g1604/Y   -       B->Y    F     NOR4BX1        1  4.9   149   108    5643    (-,-) 
  csa_tree_add_3739_54_groupi_g1602/Y   -       B0->Y   R     AOI211X1       3 11.1   445   287    5930    (-,-) 
  csa_tree_add_3739_54_groupi_g1599/Y   -       A->Y    F     NOR2X1         3 13.4   168   146    6076    (-,-) 
  csa_tree_add_3739_54_groupi_g1593/Y   -       A0->Y   R     AOI21X1        3 10.2   302   231    6307    (-,-) 
  csa_tree_add_3739_54_groupi_g1587/Y   -       A0->Y   F     OAI21XL        2  6.8   174   140    6447    (-,-) 
  csa_tree_add_3739_54_groupi_g1583/Y   -       A1N->Y  F     OAI2BB2X1      1  4.3   114   227    6674    (-,-) 
  g40422__6783/Y                        -       B0->Y   R     AOI22X1        1  2.6   315   190    6864    (-,-) 
  g40393/Y                              -       A->Y    F     INVXL          1  1.9    78    57    6921    (-,-) 
  s_reg_18_reg[15]/D                    -       -       F     DFFX1          1    -     -     0    6921    (-,-) 
#----------------------------------------------------------------------------------------------------------------



Path 24: MET (3818 ps) Setup Check with Pin s_reg_18_reg[17]/CK->D
          Group: C2C
     Startpoint: (R) gs_ctrl_proc_h40040000000000_reg/CK
          Clock: (R) clock
       Endpoint: (F) s_reg_18_reg[17]/D
          Clock: (R) clock

                     Capture       Launch     
        Clock Edge:+   11000            0     
       Src Latency:+       0            0     
       Net Latency:+       0 (I)        0 (I) 
           Arrival:=   11000            0     
                                              
             Setup:-     264                  
     Required Time:=   10736                  
      Launch Clock:-       0                  
         Data Path:-    6918                  
             Slack:=    3818                  

#----------------------------------------------------------------------------------------------------------------
#             Timing Point              Flags    Arc    Edge   Cell     Fanout Load Trans Delay Arrival Instance 
#                                                                              (fF)  (ps)  (ps)   (ps)  Location 
#----------------------------------------------------------------------------------------------------------------
  gs_ctrl_proc_h40040000000000_reg/CK   -       -       R     (arrival)    195    -     0     0       0    (-,-) 
  gs_ctrl_proc_h40040000000000_reg/Q    -       CK->Q   R     DFFRX1         5 22.9   318   802     802    (-,-) 
  g35383__2346/Y                        -       S0->Y   R     MX2X1         11 46.6   608   602    1404    (-,-) 
  csa_tree_mul_4306_112_g992/Y          -       A->Y    F     INVX1         10 45.1   359   333    1738    (-,-) 
  csa_tree_mul_4306_112_g943/Y          -       B->Y    R     MXI2X1         9 35.1   817   462    2199    (-,-) 
  csa_tree_mul_4306_112_g914/Y          -       B0->Y   F     OAI21XL        8 34.8   552   477    2676    (-,-) 
  csa_tree_mul_4306_112_g881/Y          -       A0->Y   R     OAI22X1        1  6.8   366   252    2928    (-,-) 
  csa_tree_mul_4306_112_cdnfadd_004_0/S -       B->S    F     ADDFX1         1  3.2   148   594    3521    (-,-) 
  g41390/Y                              -       A->Y    F     AND2X2         1  7.6    73   178    3699    (-,-) 
  g41548/CO                             -       C->CO   F     CMPR42X1       1  2.7   100   714    4413    (-,-) 
  g41547/CO                             -       ICI->CO F     CMPR42X1       1  2.7   100   301    4714    (-,-) 
  g41546/CO                             -       ICI->CO F     CMPR42X1       1  2.7   100   301    5015    (-,-) 
  g41545/CO                             -       ICI->CO F     CMPR42X1       3 10.7   154   356    5371    (-,-) 
  csa_tree_add_3739_54_groupi_g1606/Y   -       B->Y    R     NAND2BX1       3 11.3   211   164    5534    (-,-) 
  csa_tree_add_3739_54_groupi_g1604/Y   -       B->Y    F     NOR4BX1        1  4.9   149   108    5643    (-,-) 
  csa_tree_add_3739_54_groupi_g1602/Y   -       B0->Y   R     AOI211X1       3 11.1   445   287    5930    (-,-) 
  csa_tree_add_3739_54_groupi_g1599/Y   -       A->Y    F     NOR2X1         3 13.4   168   146    6076    (-,-) 
  csa_tree_add_3739_54_groupi_g1594/Y   -       A0->Y   R     AOI31X1        3 11.1   358   247    6324    (-,-) 
  csa_tree_add_3739_54_groupi_g1590/Y   -       A->Y    F     NOR2X1         2  8.3   123   104    6428    (-,-) 
  csa_tree_add_3739_54_groupi_g1586/Y   -       A->Y    R     NOR2X1         2  6.8   208   149    6576    (-,-) 
  csa_tree_add_3739_54_groupi_g1582/Y   -       B0->Y   F     OAI2BB2X1      1  4.3   114    94    6670    (-,-) 
  g40424__1617/Y                        -       B0->Y   R     AOI22X1        1  2.6   315   190    6861    (-,-) 
  g40395/Y                              -       A->Y    F     INVXL          1  1.9    78    57    6918    (-,-) 
  s_reg_18_reg[17]/D                    -       -       F     DFFX1          1    -     -     0    6918    (-,-) 
#----------------------------------------------------------------------------------------------------------------



Path 25: MET (4064 ps) Setup Check with Pin s_reg_18_reg[16]/CK->D
          Group: C2C
     Startpoint: (R) gs_ctrl_proc_h40040000000000_reg/CK
          Clock: (R) clock
       Endpoint: (F) s_reg_18_reg[16]/D
          Clock: (R) clock

                     Capture       Launch     
        Clock Edge:+   11000            0     
       Src Latency:+       0            0     
       Net Latency:+       0 (I)        0 (I) 
           Arrival:=   11000            0     
                                              
             Setup:-     264                  
     Required Time:=   10736                  
      Launch Clock:-       0                  
         Data Path:-    6671                  
             Slack:=    4064                  

#----------------------------------------------------------------------------------------------------------------
#             Timing Point              Flags    Arc    Edge   Cell     Fanout Load Trans Delay Arrival Instance 
#                                                                              (fF)  (ps)  (ps)   (ps)  Location 
#----------------------------------------------------------------------------------------------------------------
  gs_ctrl_proc_h40040000000000_reg/CK   -       -       R     (arrival)    195    -     0     0       0    (-,-) 
  gs_ctrl_proc_h40040000000000_reg/Q    -       CK->Q   R     DFFRX1         5 22.9   318   802     802    (-,-) 
  g35383__2346/Y                        -       S0->Y   R     MX2X1         11 46.6   608   602    1404    (-,-) 
  csa_tree_mul_4306_112_g992/Y          -       A->Y    F     INVX1         10 45.1   359   333    1738    (-,-) 
  csa_tree_mul_4306_112_g943/Y          -       B->Y    R     MXI2X1         9 35.1   817   462    2199    (-,-) 
  csa_tree_mul_4306_112_g914/Y          -       B0->Y   F     OAI21XL        8 34.8   552   477    2676    (-,-) 
  csa_tree_mul_4306_112_g881/Y          -       A0->Y   R     OAI22X1        1  6.8   366   252    2928    (-,-) 
  csa_tree_mul_4306_112_cdnfadd_004_0/S -       B->S    F     ADDFX1         1  3.2   148   594    3521    (-,-) 
  g41390/Y                              -       A->Y    F     AND2X2         1  7.6    73   178    3699    (-,-) 
  g41548/CO                             -       C->CO   F     CMPR42X1       1  2.7   100   714    4413    (-,-) 
  g41547/CO                             -       ICI->CO F     CMPR42X1       1  2.7   100   301    4714    (-,-) 
  g41546/CO                             -       ICI->CO F     CMPR42X1       1  2.7   100   301    5015    (-,-) 
  g41545/CO                             -       ICI->CO F     CMPR42X1       3 10.7   154   356    5371    (-,-) 
  csa_tree_add_3739_54_groupi_g1606/Y   -       B->Y    R     NAND2BX1       3 11.3   211   164    5534    (-,-) 
  csa_tree_add_3739_54_groupi_g1604/Y   -       B->Y    F     NOR4BX1        1  4.9   149   108    5643    (-,-) 
  csa_tree_add_3739_54_groupi_g1602/Y   -       B0->Y   R     AOI211X1       3 11.1   445   287    5930    (-,-) 
  csa_tree_add_3739_54_groupi_g1599/Y   -       A->Y    F     NOR2X1         3 13.4   168   146    6076    (-,-) 
  csa_tree_add_3739_54_groupi_g1594/Y   -       A0->Y   R     AOI31X1        3 11.1   358   247    6324    (-,-) 
  csa_tree_add_3739_54_groupi_g1588/Y   -       B0->Y   F     OAI2BB2X1      1  4.3   114   100    6424    (-,-) 
  g40423__3680/Y                        -       B0->Y   R     AOI22X1        1  2.6   315   190    6614    (-,-) 
  g40394/Y                              -       A->Y    F     INVXL          1  1.9    78    57    6671    (-,-) 
  s_reg_18_reg[16]/D                    -       -       F     DFFX1          1    -     -     0    6671    (-,-) 
#----------------------------------------------------------------------------------------------------------------



Path 26: MET (4083 ps) Setup Check with Pin s_reg_18_reg[14]/CK->D
          Group: C2C
     Startpoint: (R) gs_ctrl_proc_h40040000000000_reg/CK
          Clock: (R) clock
       Endpoint: (F) s_reg_18_reg[14]/D
          Clock: (R) clock

                     Capture       Launch     
        Clock Edge:+   11000            0     
       Src Latency:+       0            0     
       Net Latency:+       0 (I)        0 (I) 
           Arrival:=   11000            0     
                                              
             Setup:-     264                  
     Required Time:=   10736                  
      Launch Clock:-       0                  
         Data Path:-    6652                  
             Slack:=    4083                  

#----------------------------------------------------------------------------------------------------------------
#             Timing Point              Flags    Arc    Edge   Cell     Fanout Load Trans Delay Arrival Instance 
#                                                                              (fF)  (ps)  (ps)   (ps)  Location 
#----------------------------------------------------------------------------------------------------------------
  gs_ctrl_proc_h40040000000000_reg/CK   -       -       R     (arrival)    195    -     0     0       0    (-,-) 
  gs_ctrl_proc_h40040000000000_reg/Q    -       CK->Q   R     DFFRX1         5 22.9   318   802     802    (-,-) 
  g35383__2346/Y                        -       S0->Y   R     MX2X1         11 46.6   608   602    1404    (-,-) 
  csa_tree_mul_4306_112_g992/Y          -       A->Y    F     INVX1         10 45.1   359   333    1738    (-,-) 
  csa_tree_mul_4306_112_g943/Y          -       B->Y    R     MXI2X1         9 35.1   817   462    2199    (-,-) 
  csa_tree_mul_4306_112_g914/Y          -       B0->Y   F     OAI21XL        8 34.8   552   477    2676    (-,-) 
  csa_tree_mul_4306_112_g881/Y          -       A0->Y   R     OAI22X1        1  6.8   366   252    2928    (-,-) 
  csa_tree_mul_4306_112_cdnfadd_004_0/S -       B->S    F     ADDFX1         1  3.2   148   594    3521    (-,-) 
  g41390/Y                              -       A->Y    F     AND2X2         1  7.6    73   178    3699    (-,-) 
  g41548/CO                             -       C->CO   F     CMPR42X1       1  2.7   100   714    4413    (-,-) 
  g41547/CO                             -       ICI->CO F     CMPR42X1       1  2.7   100   301    4714    (-,-) 
  g41546/CO                             -       ICI->CO F     CMPR42X1       1  2.7   100   301    5015    (-,-) 
  g41545/CO                             -       ICI->CO F     CMPR42X1       3 10.7   154   356    5371    (-,-) 
  csa_tree_add_3739_54_groupi_g1606/Y   -       B->Y    R     NAND2BX1       3 11.3   211   164    5534    (-,-) 
  csa_tree_add_3739_54_groupi_g1604/Y   -       B->Y    F     NOR4BX1        1  4.9   149   108    5643    (-,-) 
  csa_tree_add_3739_54_groupi_g1602/Y   -       B0->Y   R     AOI211X1       3 11.1   445   287    5930    (-,-) 
  csa_tree_add_3739_54_groupi_g1599/Y   -       A->Y    F     NOR2X1         3 13.4   168   146    6076    (-,-) 
  csa_tree_add_3739_54_groupi_g1593/Y   -       A0->Y   R     AOI21X1        3 10.2   302   231    6307    (-,-) 
  csa_tree_add_3739_54_groupi_g1589/Y   -       B0->Y   F     OAI2BB2X1      1  4.3   114    98    6405    (-,-) 
  g40421__5526/Y                        -       B0->Y   R     AOI22X1        1  2.6   315   190    6595    (-,-) 
  g40392/Y                              -       A->Y    F     INVXL          1  1.9    78    57    6652    (-,-) 
  s_reg_18_reg[14]/D                    -       -       F     DFFX1          1    -     -     0    6652    (-,-) 
#----------------------------------------------------------------------------------------------------------------



Path 27: MET (4142 ps) Setup Check with Pin s_reg_18_reg[13]/CK->D
          Group: C2C
     Startpoint: (R) gs_ctrl_proc_h40040000000000_reg/CK
          Clock: (R) clock
       Endpoint: (F) s_reg_18_reg[13]/D
          Clock: (R) clock

                     Capture       Launch     
        Clock Edge:+   11000            0     
       Src Latency:+       0            0     
       Net Latency:+       0 (I)        0 (I) 
           Arrival:=   11000            0     
                                              
             Setup:-     264                  
     Required Time:=   10736                  
      Launch Clock:-       0                  
         Data Path:-    6594                  
             Slack:=    4142                  

#----------------------------------------------------------------------------------------------------------------
#             Timing Point              Flags    Arc    Edge   Cell     Fanout Load Trans Delay Arrival Instance 
#                                                                              (fF)  (ps)  (ps)   (ps)  Location 
#----------------------------------------------------------------------------------------------------------------
  gs_ctrl_proc_h40040000000000_reg/CK   -       -       R     (arrival)    195    -     0     0       0    (-,-) 
  gs_ctrl_proc_h40040000000000_reg/Q    -       CK->Q   R     DFFRX1         5 22.9   318   802     802    (-,-) 
  g35383__2346/Y                        -       S0->Y   R     MX2X1         11 46.6   608   602    1404    (-,-) 
  csa_tree_mul_4306_112_g992/Y          -       A->Y    F     INVX1         10 45.1   359   333    1738    (-,-) 
  csa_tree_mul_4306_112_g943/Y          -       B->Y    R     MXI2X1         9 35.1   817   462    2199    (-,-) 
  csa_tree_mul_4306_112_g914/Y          -       B0->Y   F     OAI21XL        8 34.8   552   477    2676    (-,-) 
  csa_tree_mul_4306_112_g881/Y          -       A0->Y   R     OAI22X1        1  6.8   366   252    2928    (-,-) 
  csa_tree_mul_4306_112_cdnfadd_004_0/S -       B->S    F     ADDFX1         1  3.2   148   594    3521    (-,-) 
  g41390/Y                              -       A->Y    F     AND2X2         1  7.6    73   178    3699    (-,-) 
  g41548/CO                             -       C->CO   F     CMPR42X1       1  2.7   100   714    4413    (-,-) 
  g41547/CO                             -       ICI->CO F     CMPR42X1       1  2.7   100   301    4714    (-,-) 
  g41546/CO                             -       ICI->CO F     CMPR42X1       1  2.7   100   301    5015    (-,-) 
  g41545/CO                             -       ICI->CO F     CMPR42X1       3 10.7   154   356    5371    (-,-) 
  csa_tree_add_3739_54_groupi_g1606/Y   -       B->Y    R     NAND2BX1       3 11.3   211   164    5534    (-,-) 
  csa_tree_add_3739_54_groupi_g1604/Y   -       B->Y    F     NOR4BX1        1  4.9   149   108    5643    (-,-) 
  csa_tree_add_3739_54_groupi_g1602/Y   -       B0->Y   R     AOI211X1       3 11.1   445   287    5930    (-,-) 
  csa_tree_add_3739_54_groupi_g1599/Y   -       A->Y    F     NOR2X1         3 13.4   168   146    6076    (-,-) 
  csa_tree_add_3739_54_groupi_g1595/Y   -       B->Y    R     NOR2BX1        2  6.8   208   176    6252    (-,-) 
  csa_tree_add_3739_54_groupi_g1591/Y   -       B0->Y   F     OAI2BB2X1      1  4.3   114    94    6346    (-,-) 
  g40420__8428/Y                        -       B0->Y   R     AOI22X1        1  2.6   315   190    6537    (-,-) 
  g40391/Y                              -       A->Y    F     INVXL          1  1.9    78    57    6594    (-,-) 
  s_reg_18_reg[13]/D                    -       -       F     DFFX1          1    -     -     0    6594    (-,-) 
#----------------------------------------------------------------------------------------------------------------



Path 28: MET (4321 ps) Setup Check with Pin s_reg_18_reg[11]/CK->D
          Group: C2C
     Startpoint: (R) gs_ctrl_proc_h40040000000000_reg/CK
          Clock: (R) clock
       Endpoint: (F) s_reg_18_reg[11]/D
          Clock: (R) clock

                     Capture       Launch     
        Clock Edge:+   11000            0     
       Src Latency:+       0            0     
       Net Latency:+       0 (I)        0 (I) 
           Arrival:=   11000            0     
                                              
             Setup:-     264                  
     Required Time:=   10736                  
      Launch Clock:-       0                  
         Data Path:-    6414                  
             Slack:=    4321                  

#----------------------------------------------------------------------------------------------------------------
#             Timing Point              Flags    Arc    Edge   Cell     Fanout Load Trans Delay Arrival Instance 
#                                                                              (fF)  (ps)  (ps)   (ps)  Location 
#----------------------------------------------------------------------------------------------------------------
  gs_ctrl_proc_h40040000000000_reg/CK   -       -       R     (arrival)    195    -     0     0       0    (-,-) 
  gs_ctrl_proc_h40040000000000_reg/Q    -       CK->Q   R     DFFRX1         5 22.9   318   802     802    (-,-) 
  g35383__2346/Y                        -       S0->Y   R     MX2X1         11 46.6   608   602    1404    (-,-) 
  csa_tree_mul_4306_112_g992/Y          -       A->Y    F     INVX1         10 45.1   359   333    1738    (-,-) 
  csa_tree_mul_4306_112_g943/Y          -       B->Y    R     MXI2X1         9 35.1   817   462    2199    (-,-) 
  csa_tree_mul_4306_112_g914/Y          -       B0->Y   F     OAI21XL        8 34.8   552   477    2676    (-,-) 
  csa_tree_mul_4306_112_g881/Y          -       A0->Y   R     OAI22X1        1  6.8   366   252    2928    (-,-) 
  csa_tree_mul_4306_112_cdnfadd_004_0/S -       B->S    F     ADDFX1         1  3.2   148   594    3521    (-,-) 
  g41390/Y                              -       A->Y    F     AND2X2         1  7.6    73   178    3699    (-,-) 
  g41548/CO                             -       C->CO   F     CMPR42X1       1  2.7   100   714    4413    (-,-) 
  g41547/CO                             -       ICI->CO F     CMPR42X1       1  2.7   100   301    4714    (-,-) 
  g41546/CO                             -       ICI->CO F     CMPR42X1       1  2.7   100   301    5015    (-,-) 
  g41545/CO                             -       ICI->CO F     CMPR42X1       3 10.7   154   356    5371    (-,-) 
  csa_tree_add_3739_54_groupi_g1606/Y   -       B->Y    R     NAND2BX1       3 11.3   211   164    5534    (-,-) 
  csa_tree_add_3739_54_groupi_g1601/Y   -       A0N->Y  R     AOI2BB1X1      3 10.2   274   268    5802    (-,-) 
  csa_tree_add_3739_54_groupi_g1596/Y   -       A0->Y   F     OAI21XL        2  6.8   174   137    5940    (-,-) 
  csa_tree_add_3739_54_groupi_g1592/Y   -       A1N->Y  F     OAI2BB2X1      1  4.3   114   227    6167    (-,-) 
  g40418__6260/Y                        -       B0->Y   R     AOI22X1        1  2.6   315   190    6357    (-,-) 
  g40389/Y                              -       A->Y    F     INVXL          1  1.9    78    57    6414    (-,-) 
  s_reg_18_reg[11]/D                    -       -       F     DFFX1          1    -     -     0    6414    (-,-) 
#----------------------------------------------------------------------------------------------------------------



Path 29: MET (4454 ps) Setup Check with Pin s_reg_18_reg[12]/CK->D
          Group: C2C
     Startpoint: (R) gs_ctrl_proc_h40040000000000_reg/CK
          Clock: (R) clock
       Endpoint: (F) s_reg_18_reg[12]/D
          Clock: (R) clock

                     Capture       Launch     
        Clock Edge:+   11000            0     
       Src Latency:+       0            0     
       Net Latency:+       0 (I)        0 (I) 
           Arrival:=   11000            0     
                                              
             Setup:-     264                  
     Required Time:=   10736                  
      Launch Clock:-       0                  
         Data Path:-    6282                  
             Slack:=    4454                  

#----------------------------------------------------------------------------------------------------------------
#             Timing Point              Flags    Arc    Edge   Cell     Fanout Load Trans Delay Arrival Instance 
#                                                                              (fF)  (ps)  (ps)   (ps)  Location 
#----------------------------------------------------------------------------------------------------------------
  gs_ctrl_proc_h40040000000000_reg/CK   -       -       R     (arrival)    195    -     0     0       0    (-,-) 
  gs_ctrl_proc_h40040000000000_reg/Q    -       CK->Q   R     DFFRX1         5 22.9   318   802     802    (-,-) 
  g35383__2346/Y                        -       S0->Y   R     MX2X1         11 46.6   608   602    1404    (-,-) 
  csa_tree_mul_4306_112_g992/Y          -       A->Y    F     INVX1         10 45.1   359   333    1738    (-,-) 
  csa_tree_mul_4306_112_g943/Y          -       B->Y    R     MXI2X1         9 35.1   817   462    2199    (-,-) 
  csa_tree_mul_4306_112_g914/Y          -       B0->Y   F     OAI21XL        8 34.8   552   477    2676    (-,-) 
  csa_tree_mul_4306_112_g881/Y          -       A0->Y   R     OAI22X1        1  6.8   366   252    2928    (-,-) 
  csa_tree_mul_4306_112_cdnfadd_004_0/S -       B->S    F     ADDFX1         1  3.2   148   594    3521    (-,-) 
  g41390/Y                              -       A->Y    F     AND2X2         1  7.6    73   178    3699    (-,-) 
  g41548/CO                             -       C->CO   F     CMPR42X1       1  2.7   100   714    4413    (-,-) 
  g41547/CO                             -       ICI->CO F     CMPR42X1       1  2.7   100   301    4714    (-,-) 
  g41546/CO                             -       ICI->CO F     CMPR42X1       1  2.7   100   301    5015    (-,-) 
  g41545/CO                             -       ICI->CO F     CMPR42X1       3 10.7   154   356    5371    (-,-) 
  csa_tree_add_3739_54_groupi_g1606/Y   -       B->Y    R     NAND2BX1       3 11.3   211   164    5534    (-,-) 
  csa_tree_add_3739_54_groupi_g1604/Y   -       B->Y    F     NOR4BX1        1  4.9   149   108    5643    (-,-) 
  csa_tree_add_3739_54_groupi_g1602/Y   -       B0->Y   R     AOI211X1       3 11.1   445   287    5930    (-,-) 
  csa_tree_add_3739_54_groupi_g1597/Y   -       B0->Y   F     OAI2BB2X1      1  4.3   118   104    6034    (-,-) 
  g40419__4319/Y                        -       B0->Y   R     AOI22X1        1  2.6   315   191    6225    (-,-) 
  g40390/Y                              -       A->Y    F     INVXL          1  1.9    78    57    6282    (-,-) 
  s_reg_18_reg[12]/D                    -       -       F     DFFX1          1    -     -     0    6282    (-,-) 
#----------------------------------------------------------------------------------------------------------------



Path 30: MET (4589 ps) Setup Check with Pin s_reg_18_reg[10]/CK->D
          Group: C2C
     Startpoint: (R) gs_ctrl_proc_h40040000000000_reg/CK
          Clock: (R) clock
       Endpoint: (F) s_reg_18_reg[10]/D
          Clock: (R) clock

                     Capture       Launch     
        Clock Edge:+   11000            0     
       Src Latency:+       0            0     
       Net Latency:+       0 (I)        0 (I) 
           Arrival:=   11000            0     
                                              
             Setup:-     264                  
     Required Time:=   10736                  
      Launch Clock:-       0                  
         Data Path:-    6146                  
             Slack:=    4589                  

#----------------------------------------------------------------------------------------------------------------
#             Timing Point              Flags    Arc    Edge   Cell     Fanout Load Trans Delay Arrival Instance 
#                                                                              (fF)  (ps)  (ps)   (ps)  Location 
#----------------------------------------------------------------------------------------------------------------
  gs_ctrl_proc_h40040000000000_reg/CK   -       -       R     (arrival)    195    -     0     0       0    (-,-) 
  gs_ctrl_proc_h40040000000000_reg/Q    -       CK->Q   R     DFFRX1         5 22.9   318   802     802    (-,-) 
  g35383__2346/Y                        -       S0->Y   R     MX2X1         11 46.6   608   602    1404    (-,-) 
  csa_tree_mul_4306_112_g992/Y          -       A->Y    F     INVX1         10 45.1   359   333    1738    (-,-) 
  csa_tree_mul_4306_112_g943/Y          -       B->Y    R     MXI2X1         9 35.1   817   462    2199    (-,-) 
  csa_tree_mul_4306_112_g914/Y          -       B0->Y   F     OAI21XL        8 34.8   552   477    2676    (-,-) 
  csa_tree_mul_4306_112_g881/Y          -       A0->Y   R     OAI22X1        1  6.8   366   252    2928    (-,-) 
  csa_tree_mul_4306_112_cdnfadd_004_0/S -       B->S    F     ADDFX1         1  3.2   148   594    3521    (-,-) 
  g41390/Y                              -       A->Y    F     AND2X2         1  7.6    73   178    3699    (-,-) 
  g41548/CO                             -       C->CO   F     CMPR42X1       1  2.7   100   714    4413    (-,-) 
  g41547/CO                             -       ICI->CO F     CMPR42X1       1  2.7   100   301    4714    (-,-) 
  g41546/CO                             -       ICI->CO F     CMPR42X1       1  2.7   100   301    5015    (-,-) 
  g41545/CO                             -       ICI->CO F     CMPR42X1       3 10.7   154   356    5371    (-,-) 
  csa_tree_add_3739_54_groupi_g1606/Y   -       B->Y    R     NAND2BX1       3 11.3   211   164    5534    (-,-) 
  csa_tree_add_3739_54_groupi_g1601/Y   -       A0N->Y  R     AOI2BB1X1      3 10.2   274   268    5802    (-,-) 
  csa_tree_add_3739_54_groupi_g1598/Y   -       B0->Y   F     OAI2BB2X1      1  4.3   114    97    5899    (-,-) 
  g40417__5107/Y                        -       B0->Y   R     AOI22X1        1  2.6   315   190    6089    (-,-) 
  g40388/Y                              -       A->Y    F     INVXL          1  1.9    78    57    6146    (-,-) 
  s_reg_18_reg[10]/D                    -       -       F     DFFX1          1    -     -     0    6146    (-,-) 
#----------------------------------------------------------------------------------------------------------------



Path 31: MET (4652 ps) Setup Check with Pin s_reg_18_reg[9]/CK->D
          Group: C2C
     Startpoint: (R) gs_ctrl_proc_h40040000000000_reg/CK
          Clock: (R) clock
       Endpoint: (F) s_reg_18_reg[9]/D
          Clock: (R) clock

                     Capture       Launch     
        Clock Edge:+   11000            0     
       Src Latency:+       0            0     
       Net Latency:+       0 (I)        0 (I) 
           Arrival:=   11000            0     
                                              
             Setup:-     264                  
     Required Time:=   10736                  
      Launch Clock:-       0                  
         Data Path:-    6084                  
             Slack:=    4652                  

#----------------------------------------------------------------------------------------------------------------
#             Timing Point              Flags    Arc    Edge   Cell     Fanout Load Trans Delay Arrival Instance 
#                                                                              (fF)  (ps)  (ps)   (ps)  Location 
#----------------------------------------------------------------------------------------------------------------
  gs_ctrl_proc_h40040000000000_reg/CK   -       -       R     (arrival)    195    -     0     0       0    (-,-) 
  gs_ctrl_proc_h40040000000000_reg/Q    -       CK->Q   R     DFFRX1         5 22.9   318   802     802    (-,-) 
  g35383__2346/Y                        -       S0->Y   R     MX2X1         11 46.6   608   602    1404    (-,-) 
  csa_tree_mul_4306_112_g992/Y          -       A->Y    F     INVX1         10 45.1   359   333    1738    (-,-) 
  csa_tree_mul_4306_112_g943/Y          -       B->Y    R     MXI2X1         9 35.1   817   462    2199    (-,-) 
  csa_tree_mul_4306_112_g914/Y          -       B0->Y   F     OAI21XL        8 34.8   552   477    2676    (-,-) 
  csa_tree_mul_4306_112_g881/Y          -       A0->Y   R     OAI22X1        1  6.8   366   252    2928    (-,-) 
  csa_tree_mul_4306_112_cdnfadd_004_0/S -       B->S    F     ADDFX1         1  3.2   148   594    3521    (-,-) 
  g41390/Y                              -       A->Y    F     AND2X2         1  7.6    73   178    3699    (-,-) 
  g41548/CO                             -       C->CO   F     CMPR42X1       1  2.7   100   714    4413    (-,-) 
  g41547/CO                             -       ICI->CO F     CMPR42X1       1  2.7   100   301    4714    (-,-) 
  g41546/CO                             -       ICI->CO F     CMPR42X1       1  2.7   100   301    5015    (-,-) 
  g41545/CO                             -       ICI->CO F     CMPR42X1       3 10.7   154   356    5371    (-,-) 
  csa_tree_add_3739_54_groupi_g1606/Y   -       B->Y    R     NAND2BX1       3 11.3   211   164    5534    (-,-) 
  csa_tree_add_3739_54_groupi_g1603/Y   -       A->Y    F     NAND2X1        2  6.8   112    91    5625    (-,-) 
  csa_tree_add_3739_54_groupi_g1600/Y   -       A1N->Y  F     OAI2BB2X1      1  4.3   114   211    5836    (-,-) 
  g40416__2398/Y                        -       B0->Y   R     AOI22X1        1  2.6   315   190    6027    (-,-) 
  g40387/Y                              -       A->Y    F     INVXL          1  1.9    78    57    6084    (-,-) 
  s_reg_18_reg[9]/D                     -       -       F     DFFX1          1    -     -     0    6084    (-,-) 
#----------------------------------------------------------------------------------------------------------------



Path 32: MET (4895 ps) Setup Check with Pin s_reg_18_reg[8]/CK->D
          Group: C2C
     Startpoint: (R) gs_ctrl_proc_h40040000000000_reg/CK
          Clock: (R) clock
       Endpoint: (F) s_reg_18_reg[8]/D
          Clock: (R) clock

                     Capture       Launch     
        Clock Edge:+   11000            0     
       Src Latency:+       0            0     
       Net Latency:+       0 (I)        0 (I) 
           Arrival:=   11000            0     
                                              
             Setup:-     264                  
     Required Time:=   10736                  
      Launch Clock:-       0                  
         Data Path:-    5840                  
             Slack:=    4895                  

#----------------------------------------------------------------------------------------------------------------
#             Timing Point              Flags    Arc    Edge   Cell     Fanout Load Trans Delay Arrival Instance 
#                                                                              (fF)  (ps)  (ps)   (ps)  Location 
#----------------------------------------------------------------------------------------------------------------
  gs_ctrl_proc_h40040000000000_reg/CK   -       -       R     (arrival)    195    -     0     0       0    (-,-) 
  gs_ctrl_proc_h40040000000000_reg/Q    -       CK->Q   R     DFFRX1         5 22.9   318   802     802    (-,-) 
  g35383__2346/Y                        -       S0->Y   R     MX2X1         11 46.6   608   602    1404    (-,-) 
  csa_tree_mul_4306_112_g992/Y          -       A->Y    F     INVX1         10 45.1   359   333    1738    (-,-) 
  csa_tree_mul_4306_112_g943/Y          -       B->Y    R     MXI2X1         9 35.1   817   462    2199    (-,-) 
  csa_tree_mul_4306_112_g914/Y          -       B0->Y   F     OAI21XL        8 34.8   552   477    2676    (-,-) 
  csa_tree_mul_4306_112_g881/Y          -       A0->Y   R     OAI22X1        1  6.8   366   252    2928    (-,-) 
  csa_tree_mul_4306_112_cdnfadd_004_0/S -       B->S    F     ADDFX1         1  3.2   148   594    3521    (-,-) 
  g41390/Y                              -       A->Y    F     AND2X2         1  7.6    73   178    3699    (-,-) 
  g41548/CO                             -       C->CO   F     CMPR42X1       1  2.7   100   714    4413    (-,-) 
  g41547/CO                             -       ICI->CO F     CMPR42X1       1  2.7   100   301    4714    (-,-) 
  g41546/CO                             -       ICI->CO F     CMPR42X1       1  2.7   100   301    5015    (-,-) 
  g41545/CO                             -       ICI->CO F     CMPR42X1       3 10.7   154   356    5371    (-,-) 
  csa_tree_add_3739_54_groupi_g1605/Y   -       A1N->Y  F     OAI2BB2X1      1  4.3   114   222    5593    (-,-) 
  g40415__5477/Y                        -       B0->Y   R     AOI22X1        1  2.6   315   190    5783    (-,-) 
  g40386/Y                              -       A->Y    F     INVXL          1  1.9    78    57    5840    (-,-) 
  s_reg_18_reg[8]/D                     -       -       F     DFFX1          1    -     -     0    5840    (-,-) 
#----------------------------------------------------------------------------------------------------------------



Path 33: MET (5049 ps) Setup Check with Pin s_reg_18_reg[7]/CK->D
          Group: C2C
     Startpoint: (R) gs_ctrl_proc_h40040000000000_reg/CK
          Clock: (R) clock
       Endpoint: (F) s_reg_18_reg[7]/D
          Clock: (R) clock

                     Capture       Launch     
        Clock Edge:+   11000            0     
       Src Latency:+       0            0     
       Net Latency:+       0 (I)        0 (I) 
           Arrival:=   11000            0     
                                              
             Setup:-     264                  
     Required Time:=   10736                  
      Launch Clock:-       0                  
         Data Path:-    5687                  
             Slack:=    5049                  

#----------------------------------------------------------------------------------------------------------------
#             Timing Point              Flags    Arc    Edge   Cell     Fanout Load Trans Delay Arrival Instance 
#                                                                              (fF)  (ps)  (ps)   (ps)  Location 
#----------------------------------------------------------------------------------------------------------------
  gs_ctrl_proc_h40040000000000_reg/CK   -       -       R     (arrival)    195    -     0     0       0    (-,-) 
  gs_ctrl_proc_h40040000000000_reg/Q    -       CK->Q   R     DFFRX1         5 22.9   318   802     802    (-,-) 
  g35383__2346/Y                        -       S0->Y   R     MX2X1         11 46.6   608   602    1404    (-,-) 
  csa_tree_mul_4306_112_g992/Y          -       A->Y    F     INVX1         10 45.1   359   333    1738    (-,-) 
  csa_tree_mul_4306_112_g943/Y          -       B->Y    R     MXI2X1         9 35.1   817   462    2199    (-,-) 
  csa_tree_mul_4306_112_g914/Y          -       B0->Y   F     OAI21XL        8 34.8   552   477    2676    (-,-) 
  csa_tree_mul_4306_112_g881/Y          -       A0->Y   R     OAI22X1        1  6.8   366   252    2928    (-,-) 
  csa_tree_mul_4306_112_cdnfadd_004_0/S -       B->S    F     ADDFX1         1  3.2   148   594    3521    (-,-) 
  g41390/Y                              -       A->Y    F     AND2X2         1  7.6    73   178    3699    (-,-) 
  g41548/CO                             -       C->CO   F     CMPR42X1       1  2.7   100   714    4413    (-,-) 
  g41547/CO                             -       ICI->CO F     CMPR42X1       1  2.7   100   301    4714    (-,-) 
  g41546/CO                             -       ICI->CO F     CMPR42X1       1  2.7   100   301    5015    (-,-) 
  g41545/S                              -       ICI->S  F     CMPR42X1       1  4.3   111   425    5440    (-,-) 
  g40414__6417/Y                        -       B0->Y   R     AOI22X1        1  2.6   315   190    5630    (-,-) 
  g40385/Y                              -       A->Y    F     INVXL          1  1.9    78    57    5687    (-,-) 
  s_reg_18_reg[7]/D                     -       -       F     DFFX1          1    -     -     0    5687    (-,-) 
#----------------------------------------------------------------------------------------------------------------



Path 34: MET (5350 ps) Setup Check with Pin s_reg_18_reg[6]/CK->D
          Group: C2C
     Startpoint: (R) gs_ctrl_proc_h40040000000000_reg/CK
          Clock: (R) clock
       Endpoint: (F) s_reg_18_reg[6]/D
          Clock: (R) clock

                     Capture       Launch     
        Clock Edge:+   11000            0     
       Src Latency:+       0            0     
       Net Latency:+       0 (I)        0 (I) 
           Arrival:=   11000            0     
                                              
             Setup:-     264                  
     Required Time:=   10736                  
      Launch Clock:-       0                  
         Data Path:-    5386                  
             Slack:=    5350                  

#----------------------------------------------------------------------------------------------------------------
#             Timing Point              Flags    Arc    Edge   Cell     Fanout Load Trans Delay Arrival Instance 
#                                                                              (fF)  (ps)  (ps)   (ps)  Location 
#----------------------------------------------------------------------------------------------------------------
  gs_ctrl_proc_h40040000000000_reg/CK   -       -       R     (arrival)    195    -     0     0       0    (-,-) 
  gs_ctrl_proc_h40040000000000_reg/Q    -       CK->Q   R     DFFRX1         5 22.9   318   802     802    (-,-) 
  g35383__2346/Y                        -       S0->Y   R     MX2X1         11 46.6   608   602    1404    (-,-) 
  csa_tree_mul_4306_112_g992/Y          -       A->Y    F     INVX1         10 45.1   359   333    1738    (-,-) 
  csa_tree_mul_4306_112_g943/Y          -       B->Y    R     MXI2X1         9 35.1   817   462    2199    (-,-) 
  csa_tree_mul_4306_112_g914/Y          -       B0->Y   F     OAI21XL        8 34.8   552   477    2676    (-,-) 
  csa_tree_mul_4306_112_g881/Y          -       A0->Y   R     OAI22X1        1  6.8   366   252    2928    (-,-) 
  csa_tree_mul_4306_112_cdnfadd_004_0/S -       B->S    F     ADDFX1         1  3.2   148   594    3521    (-,-) 
  g41390/Y                              -       A->Y    F     AND2X2         1  7.6    73   178    3699    (-,-) 
  g41548/CO                             -       C->CO   F     CMPR42X1       1  2.7   100   714    4413    (-,-) 
  g41547/CO                             -       ICI->CO F     CMPR42X1       1  2.7   100   301    4714    (-,-) 
  g41546/S                              -       ICI->S  F     CMPR42X1       1  4.3   111   425    5139    (-,-) 
  g40413__7410/Y                        -       B0->Y   R     AOI22X1        1  2.6   315   190    5329    (-,-) 
  g40384/Y                              -       A->Y    F     INVXL          1  1.9    78    57    5386    (-,-) 
  s_reg_18_reg[6]/D                     -       -       F     DFFX1          1    -     -     0    5386    (-,-) 
#----------------------------------------------------------------------------------------------------------------



Path 35: MET (5651 ps) Setup Check with Pin s_reg_18_reg[5]/CK->D
          Group: C2C
     Startpoint: (R) gs_ctrl_proc_h40040000000000_reg/CK
          Clock: (R) clock
       Endpoint: (F) s_reg_18_reg[5]/D
          Clock: (R) clock

                     Capture       Launch     
        Clock Edge:+   11000            0     
       Src Latency:+       0            0     
       Net Latency:+       0 (I)        0 (I) 
           Arrival:=   11000            0     
                                              
             Setup:-     264                  
     Required Time:=   10736                  
      Launch Clock:-       0                  
         Data Path:-    5085                  
             Slack:=    5651                  

#---------------------------------------------------------------------------------------------------------------
#             Timing Point              Flags    Arc   Edge   Cell     Fanout Load Trans Delay Arrival Instance 
#                                                                             (fF)  (ps)  (ps)   (ps)  Location 
#---------------------------------------------------------------------------------------------------------------
  gs_ctrl_proc_h40040000000000_reg/CK   -       -      R     (arrival)    195    -     0     0       0    (-,-) 
  gs_ctrl_proc_h40040000000000_reg/Q    -       CK->Q  R     DFFRX1         5 22.9   318   802     802    (-,-) 
  g35383__2346/Y                        -       S0->Y  R     MX2X1         11 46.6   608   602    1404    (-,-) 
  csa_tree_mul_4306_112_g992/Y          -       A->Y   F     INVX1         10 45.1   359   333    1738    (-,-) 
  csa_tree_mul_4306_112_g943/Y          -       B->Y   R     MXI2X1         9 35.1   817   462    2199    (-,-) 
  csa_tree_mul_4306_112_g914/Y          -       B0->Y  F     OAI21XL        8 34.8   552   477    2676    (-,-) 
  csa_tree_mul_4306_112_g881/Y          -       A0->Y  R     OAI22X1        1  6.8   366   252    2928    (-,-) 
  csa_tree_mul_4306_112_cdnfadd_004_0/S -       B->S   F     ADDFX1         1  3.2   148   594    3521    (-,-) 
  g41390/Y                              -       A->Y   F     AND2X2         1  7.6    73   178    3699    (-,-) 
  g41548/CO                             -       C->CO  F     CMPR42X1       1  2.7   100   714    4413    (-,-) 
  g41547/S                              -       ICI->S F     CMPR42X1       1  4.3   111   425    4838    (-,-) 
  g40412__1666/Y                        -       B0->Y  R     AOI22X1        1  2.6   315   190    5028    (-,-) 
  g40383/Y                              -       A->Y   F     INVXL          1  1.9    78    57    5085    (-,-) 
  s_reg_18_reg[5]/D                     -       -      F     DFFX1          1    -     -     0    5085    (-,-) 
#---------------------------------------------------------------------------------------------------------------



Path 36: MET (5954 ps) Setup Check with Pin s_reg_18_reg[4]/CK->D
          Group: C2C
     Startpoint: (R) gs_ctrl_proc_h40040000000000_reg/CK
          Clock: (R) clock
       Endpoint: (F) s_reg_18_reg[4]/D
          Clock: (R) clock

                     Capture       Launch     
        Clock Edge:+   11000            0     
       Src Latency:+       0            0     
       Net Latency:+       0 (I)        0 (I) 
           Arrival:=   11000            0     
                                              
             Setup:-     264                  
     Required Time:=   10736                  
      Launch Clock:-       0                  
         Data Path:-    4782                  
             Slack:=    5954                  

#--------------------------------------------------------------------------------------------------------------
#             Timing Point              Flags   Arc   Edge   Cell     Fanout Load Trans Delay Arrival Instance 
#                                                                            (fF)  (ps)  (ps)   (ps)  Location 
#--------------------------------------------------------------------------------------------------------------
  gs_ctrl_proc_h40040000000000_reg/CK   -       -     R     (arrival)    195    -     0     0       0    (-,-) 
  gs_ctrl_proc_h40040000000000_reg/Q    -       CK->Q R     DFFRX1         5 22.9   318   802     802    (-,-) 
  g35383__2346/Y                        -       S0->Y R     MX2X1         11 46.6   608   602    1404    (-,-) 
  csa_tree_mul_4306_112_g992/Y          -       A->Y  F     INVX1         10 45.1   359   333    1738    (-,-) 
  csa_tree_mul_4306_112_g943/Y          -       B->Y  R     MXI2X1         9 35.1   817   462    2199    (-,-) 
  csa_tree_mul_4306_112_g914/Y          -       B0->Y F     OAI21XL        8 34.8   552   477    2676    (-,-) 
  csa_tree_mul_4306_112_g881/Y          -       A0->Y R     OAI22X1        1  6.8   366   252    2928    (-,-) 
  csa_tree_mul_4306_112_cdnfadd_004_0/S -       B->S  F     ADDFX1         1  3.2   148   594    3521    (-,-) 
  g41390/Y                              -       A->Y  F     AND2X2         1  7.6    73   178    3699    (-,-) 
  g41548/S                              -       C->S  F     CMPR42X1       1  4.3   111   836    4535    (-,-) 
  g40411__2346/Y                        -       B0->Y R     AOI22X1        1  2.6   315   190    4725    (-,-) 
  g40382/Y                              -       A->Y  F     INVXL          1  1.9    78    57    4782    (-,-) 
  s_reg_18_reg[4]/D                     -       -     F     DFFX1          1    -     -     0    4782    (-,-) 
#--------------------------------------------------------------------------------------------------------------



Path 37: MET (6145 ps) Setup Check with Pin s_reg_58_reg[7]/CK->D
          Group: C2C
     Startpoint: (R) global_state_reg[1]/CK
          Clock: (R) clock
       Endpoint: (F) s_reg_58_reg[7]/D
          Clock: (R) clock

                     Capture       Launch     
        Clock Edge:+   11000            0     
       Src Latency:+       0            0     
       Net Latency:+       0 (I)        0 (I) 
           Arrival:=   11000            0     
                                              
             Setup:-     270                  
     Required Time:=   10730                  
      Launch Clock:-       0                  
         Data Path:-    4586                  
             Slack:=    6145                  

#-----------------------------------------------------------------------------------------------
#     Timing Point       Flags   Arc   Edge   Cell     Fanout Load Trans Delay Arrival Instance 
#                                                             (fF)  (ps)  (ps)   (ps)  Location 
#-----------------------------------------------------------------------------------------------
  global_state_reg[1]/CK -       -     R     (arrival)    195    -     0     0       0    (-,-) 
  global_state_reg[1]/Q  -       CK->Q R     DFFRHQX1       3 10.9   291   430     430    (-,-) 
  g35697/Y               -       A->Y  F     INVX1          3 10.9   123   103     533    (-,-) 
  g35678__6783/Y         -       A->Y  R     NAND2X1       14 47.5   642   385     918    (-,-) 
  g35719__7482/Y         -       AN->Y R     NAND2BX1       7 26.8   394   360    1279    (-,-) 
  g40876/Y               -       A->Y  F     INVX1          2  8.6   125    99    1378    (-,-) 
  g40729/Y               -       A->Y  R     NOR2X1         6 20.1   445   286    1664    (-,-) 
  g40691/Y               -       A->Y  F     INVX1          7 29.8   259   229    1894    (-,-) 
  g40619__1617/Y         -       A0->Y R     AOI222X1       3 12.2   596   358    2252    (-,-) 
  g40525__1617/Y         -       B->Y  F     NOR2BX1        4 15.9   223   208    2460    (-,-) 
  g40310__1617/Y         -       A0->Y R     OAI21XL        1  3.5   255   205    2665    (-,-) 
  g40295/Y               -       A->Y  F     INVX1          1  4.4    80    65    2729    (-,-) 
  g40240__1617/Y         -       B0->Y R     AOI21X1        3 11.3   331   210    2940    (-,-) 
  g40219__9315/Y         -       B0->Y F     AOI21XL        1  4.1   167    90    3029    (-,-) 
  g40191__2398/Y         -       B0->Y R     AOI2BB1X1      3  9.9   270   210    3239    (-,-) 
  g40170__1705/Y         -       B0->Y F     AOI2BB1XL      1  4.4   110    97    3336    (-,-) 
  g40154__1666/Y         -       B0->Y R     AOI21X1        3 12.5   350   230    3565    (-,-) 
  g40126__2398/Y         -       B0->Y F     AOI21X1        1  4.1   137    83    3649    (-,-) 
  g40108__1881/Y         -       B0->Y R     AOI2BB1X1      3 12.2   310   229    3877    (-,-) 
  g40093__6783/Y         -       B0->Y F     AOI2BB1X1      1  4.4   107   100    3977    (-,-) 
  g40079__6417/Y         -       B0->Y R     AOI21X1        4 14.0   372   244    4222    (-,-) 
  g40068__5115/Y         -       B0->Y F     AOI21X1        1  4.1   136    85    4307    (-,-) 
  g40061__2802/Y         -       B0->Y R     AOI2BB1X1      2  8.1   236   186    4492    (-,-) 
  g40030__7098/Y         -       A0->Y F     OAI21XL        1  1.9   107    94    4586    (-,-) 
  s_reg_58_reg[7]/D      -       -     F     DFFX1          1    -     -     0    4586    (-,-) 
#-----------------------------------------------------------------------------------------------



Path 38: MET (6234 ps) Setup Check with Pin s_reg_58_reg[8]/CK->D
          Group: C2C
     Startpoint: (R) global_state_reg[1]/CK
          Clock: (R) clock
       Endpoint: (F) s_reg_58_reg[8]/D
          Clock: (R) clock

                     Capture       Launch     
        Clock Edge:+   11000            0     
       Src Latency:+       0            0     
       Net Latency:+       0 (I)        0 (I) 
           Arrival:=   11000            0     
                                              
             Setup:-     265                  
     Required Time:=   10735                  
      Launch Clock:-       0                  
         Data Path:-    4501                  
             Slack:=    6234                  

#------------------------------------------------------------------------------------------------
#     Timing Point       Flags    Arc   Edge   Cell     Fanout Load Trans Delay Arrival Instance 
#                                                              (fF)  (ps)  (ps)   (ps)  Location 
#------------------------------------------------------------------------------------------------
  global_state_reg[1]/CK -       -      R     (arrival)    195    -     0     0       0    (-,-) 
  global_state_reg[1]/Q  -       CK->Q  R     DFFRHQX1       3 10.9   291   430     430    (-,-) 
  g35697/Y               -       A->Y   F     INVX1          3 10.9   123   103     533    (-,-) 
  g35678__6783/Y         -       A->Y   R     NAND2X1       14 47.5   642   385     918    (-,-) 
  g35719__7482/Y         -       AN->Y  R     NAND2BX1       7 26.8   394   360    1279    (-,-) 
  g40876/Y               -       A->Y   F     INVX1          2  8.6   125    99    1378    (-,-) 
  g40729/Y               -       A->Y   R     NOR2X1         6 20.1   445   286    1664    (-,-) 
  g40691/Y               -       A->Y   F     INVX1          7 29.8   259   229    1894    (-,-) 
  g40619__1617/Y         -       A0->Y  R     AOI222X1       3 12.2   596   358    2252    (-,-) 
  g40525__1617/Y         -       B->Y   F     NOR2BX1        4 15.9   223   208    2460    (-,-) 
  g40310__1617/Y         -       A0->Y  R     OAI21XL        1  3.5   255   205    2665    (-,-) 
  g40295/Y               -       A->Y   F     INVX1          1  4.4    80    65    2729    (-,-) 
  g40240__1617/Y         -       B0->Y  R     AOI21X1        3 11.3   331   210    2940    (-,-) 
  g40219__9315/Y         -       B0->Y  F     AOI21XL        1  4.1   167    90    3029    (-,-) 
  g40191__2398/Y         -       B0->Y  R     AOI2BB1X1      3  9.9   270   210    3239    (-,-) 
  g40170__1705/Y         -       B0->Y  F     AOI2BB1XL      1  4.4   110    97    3336    (-,-) 
  g40154__1666/Y         -       B0->Y  R     AOI21X1        3 12.5   350   230    3565    (-,-) 
  g40126__2398/Y         -       B0->Y  F     AOI21X1        1  4.1   137    83    3649    (-,-) 
  g40108__1881/Y         -       B0->Y  R     AOI2BB1X1      3 12.2   310   229    3877    (-,-) 
  g40093__6783/Y         -       B0->Y  F     AOI2BB1X1      1  4.4   107   100    3977    (-,-) 
  g40079__6417/Y         -       B0->Y  R     AOI21X1        4 14.0   372   244    4222    (-,-) 
  g40062__1705/Y         -       A1N->Y R     OAI2BB1X1      1  3.4   119   218    4440    (-,-) 
  g40049__5477/Y         -       B0->Y  F     OAI2BB1X1      1  1.9    83    61    4501    (-,-) 
  s_reg_58_reg[8]/D      -       -      F     DFFX1          1    -     -     0    4501    (-,-) 
#------------------------------------------------------------------------------------------------



Path 39: MET (6320 ps) Setup Check with Pin gs_ctrl_proc_h10_reg/CK->D
          Group: I2C
     Startpoint: (F) start
          Clock: (R) clock
       Endpoint: (F) gs_ctrl_proc_h10_reg/D
          Clock: (R) clock

                     Capture       Launch     
        Clock Edge:+   11000            0     
        Drv Adjust:+       0            0     
       Src Latency:+       0            0     
       Net Latency:+       0 (I)        0 (I) 
           Arrival:=   11000            0     
                                              
             Setup:-     359                  
     Required Time:=   10641                  
      Launch Clock:-       0                  
       Input Delay:-    3300                  
         Data Path:-    1021                  
             Slack:=    6320                  

Exceptions/Constraints:
  input_delay             3300            qcnn.sdc_line_5 

#-----------------------------------------------------------------------------------------------
#     Timing Point       Flags   Arc   Edge   Cell     Fanout Load Trans Delay Arrival Instance 
#                                                             (fF)  (ps)  (ps)   (ps)  Location 
#-----------------------------------------------------------------------------------------------
  start                  -       -     F     (arrival)      3 10.4     0     0    3300    (-,-) 
  g35456__6417/Y         -       B->Y  R     NOR2BX1        3 11.6   293   194    3494    (-,-) 
  g35225__5477/Y         -       AN->Y R     NAND4BXL       4 12.3   370   286    3781    (-,-) 
  g35210__7098/Y         -       A->Y  F     NOR2X1         2  8.2   123   105    3886    (-,-) 
  g35205/Y               -       A->Y  R     INVX1          4 12.3   193   140    4026    (-,-) 
  g35197__5526/Y         -       A->Y  F     NOR2XL         2  7.2   124   100    4126    (-,-) 
  g35190__6417/Y         -       A->Y  R     NAND2X1        4 11.2   219   142    4268    (-,-) 
  g40988/Y               -       A->Y  F     INVXL          1  1.8    65    53    4321    (-,-) 
  gs_ctrl_proc_h10_reg/D -       -     F     DFFRHQX1       1    -     -     0    4321    (-,-) 
#-----------------------------------------------------------------------------------------------



Path 40: MET (6326 ps) Setup Check with Pin gs_ctrl_proc_hb0000000000_reg[0]/CK->D
          Group: I2C
     Startpoint: (R) start
          Clock: (R) clock
       Endpoint: (F) gs_ctrl_proc_hb0000000000_reg[0]/D
          Clock: (R) clock

                     Capture       Launch     
        Clock Edge:+   11000            0     
        Drv Adjust:+       0            0     
       Src Latency:+       0            0     
       Net Latency:+       0 (I)        0 (I) 
           Arrival:=   11000            0     
                                              
             Setup:-     367                  
     Required Time:=   10633                  
      Launch Clock:-       0                  
       Input Delay:-    3300                  
         Data Path:-    1007                  
             Slack:=    6326                  

Exceptions/Constraints:
  input_delay             3300            qcnn.sdc_line_5 

#-----------------------------------------------------------------------------------------------------------
#           Timing Point             Flags   Arc   Edge   Cell     Fanout Load Trans Delay Arrival Instance 
#                                                                         (fF)  (ps)  (ps)   (ps)  Location 
#-----------------------------------------------------------------------------------------------------------
  start                              -       -     R     (arrival)      3 10.4     0     0    3300    (-,-) 
  g35456__6417/Y                     -       B->Y  F     NOR2BX1        3 11.6   124    75    3375    (-,-) 
  g35232__6783/Y                     -       A0->Y R     OAI32X1        6 19.6   774   454    3829    (-,-) 
  g41007/Y                           -       A->Y  F     INVX1          2  8.7   177   122    3951    (-,-) 
  g40703/Y                           -       A->Y  R     NAND2X1        2  6.2   144   119    4070    (-,-) 
  g40642/Y                           -       A->Y  F     NOR2XL         2  3.9    94    74    4144    (-,-) 
  g40568__4733/Y                     -       AN->Y F     NAND2BXL       1  1.8   110   163    4307    (-,-) 
  gs_ctrl_proc_hb0000000000_reg[0]/D -       -     F     DFFRHQX1       1    -     -     0    4307    (-,-) 
#-----------------------------------------------------------------------------------------------------------



Path 41: MET (6336 ps) Setup Check with Pin s_reg_58_reg[6]/CK->D
          Group: C2C
     Startpoint: (R) global_state_reg[1]/CK
          Clock: (R) clock
       Endpoint: (F) s_reg_58_reg[6]/D
          Clock: (R) clock

                     Capture       Launch     
        Clock Edge:+   11000            0     
       Src Latency:+       0            0     
       Net Latency:+       0 (I)        0 (I) 
           Arrival:=   11000            0     
                                              
             Setup:-     340                  
     Required Time:=   10660                  
      Launch Clock:-       0                  
         Data Path:-    4324                  
             Slack:=    6336                  

#-----------------------------------------------------------------------------------------------
#     Timing Point       Flags   Arc   Edge   Cell     Fanout Load Trans Delay Arrival Instance 
#                                                             (fF)  (ps)  (ps)   (ps)  Location 
#-----------------------------------------------------------------------------------------------
  global_state_reg[1]/CK -       -     R     (arrival)    195    -     0     0       0    (-,-) 
  global_state_reg[1]/Q  -       CK->Q R     DFFRHQX1       3 10.9   291   430     430    (-,-) 
  g35697/Y               -       A->Y  F     INVX1          3 10.9   123   103     533    (-,-) 
  g35678__6783/Y         -       A->Y  R     NAND2X1       14 47.5   642   385     918    (-,-) 
  g35719__7482/Y         -       AN->Y R     NAND2BX1       7 26.8   394   360    1279    (-,-) 
  g40876/Y               -       A->Y  F     INVX1          2  8.6   125    99    1378    (-,-) 
  g40729/Y               -       A->Y  R     NOR2X1         6 20.1   445   286    1664    (-,-) 
  g40691/Y               -       A->Y  F     INVX1          7 29.8   259   229    1894    (-,-) 
  g40619__1617/Y         -       A0->Y R     AOI222X1       3 12.2   596   358    2252    (-,-) 
  g40525__1617/Y         -       B->Y  F     NOR2BX1        4 15.9   223   208    2460    (-,-) 
  g40310__1617/Y         -       A0->Y R     OAI21XL        1  3.5   255   205    2665    (-,-) 
  g40295/Y               -       A->Y  F     INVX1          1  4.4    80    65    2729    (-,-) 
  g40240__1617/Y         -       B0->Y R     AOI21X1        3 11.3   331   210    2940    (-,-) 
  g40219__9315/Y         -       B0->Y F     AOI21XL        1  4.1   167    90    3029    (-,-) 
  g40191__2398/Y         -       B0->Y R     AOI2BB1X1      3  9.9   270   210    3239    (-,-) 
  g40170__1705/Y         -       B0->Y F     AOI2BB1XL      1  4.4   110    97    3336    (-,-) 
  g40154__1666/Y         -       B0->Y R     AOI21X1        3 12.5   350   230    3565    (-,-) 
  g40126__2398/Y         -       B0->Y F     AOI21X1        1  4.1   137    83    3649    (-,-) 
  g40108__1881/Y         -       B0->Y R     AOI2BB1X1      3 12.2   310   229    3877    (-,-) 
  g40093__6783/Y         -       B0->Y F     AOI2BB1X1      1  4.4   107   100    3977    (-,-) 
  g40079__6417/Y         -       B0->Y R     AOI21X1        4 14.0   372   244    4222    (-,-) 
  g40051__5107/Y         -       A0->Y F     OAI21XL        1  2.1   111   102    4324    (-,-) 
  s_reg_58_reg[6]/D      -       -     F     DFFHQX1        1    -     -     0    4324    (-,-) 
#-----------------------------------------------------------------------------------------------



Path 42: MET (6337 ps) Setup Check with Pin gs_ctrl_proc_h10000000000001c_reg/CK->D
          Group: I2C
     Startpoint: (F) start
          Clock: (R) clock
       Endpoint: (F) gs_ctrl_proc_h10000000000001c_reg/D
          Clock: (R) clock

                     Capture       Launch     
        Clock Edge:+   11000            0     
        Drv Adjust:+       0            0     
       Src Latency:+       0            0     
       Net Latency:+       0 (I)        0 (I) 
           Arrival:=   11000            0     
                                              
             Setup:-     281                  
     Required Time:=   10719                  
      Launch Clock:-       0                  
       Input Delay:-    3300                  
         Data Path:-    1082                  
             Slack:=    6337                  

Exceptions/Constraints:
  input_delay             3300            qcnn.sdc_line_5 

#------------------------------------------------------------------------------------------------------------
#            Timing Point             Flags   Arc   Edge   Cell     Fanout Load Trans Delay Arrival Instance 
#                                                                          (fF)  (ps)  (ps)   (ps)  Location 
#------------------------------------------------------------------------------------------------------------
  start                               -       -     F     (arrival)      3 10.4     0     0    3300    (-,-) 
  g35456__6417/Y                      -       B->Y  R     NOR2BX1        3 11.6   293   194    3494    (-,-) 
  g35225__5477/Y                      -       AN->Y R     NAND4BXL       4 12.3   370   286    3781    (-,-) 
  g35210__7098/Y                      -       A->Y  F     NOR2X1         2  8.2   123   105    3886    (-,-) 
  g35205/Y                            -       A->Y  R     INVX1          4 12.3   193   140    4026    (-,-) 
  g35197__5526/Y                      -       A->Y  F     NOR2XL         2  7.2   124   100    4126    (-,-) 
  g35190__6417/Y                      -       A->Y  R     NAND2X1        4 11.2   219   142    4268    (-,-) 
  g35168__6131/Y                      -       B0->Y F     OAI21XL        1  3.1   181   115    4382    (-,-) 
  gs_ctrl_proc_h10000000000001c_reg/D -       -     F     DFFRHQXL       1    -     -     0    4382    (-,-) 
#------------------------------------------------------------------------------------------------------------



Path 43: MET (6366 ps) Setup Check with Pin gs_ctrl_proc_hd0000000000000_reg[0]/CK->D
          Group: I2C
     Startpoint: (R) start
          Clock: (R) clock
       Endpoint: (R) gs_ctrl_proc_hd0000000000000_reg[0]/D
          Clock: (R) clock

                     Capture       Launch     
        Clock Edge:+   11000            0     
        Drv Adjust:+       0            0     
       Src Latency:+       0            0     
       Net Latency:+       0 (I)        0 (I) 
           Arrival:=   11000            0     
                                              
             Setup:-     141                  
     Required Time:=   10859                  
      Launch Clock:-       0                  
       Input Delay:-    3300                  
         Data Path:-    1194                  
             Slack:=    6366                  

Exceptions/Constraints:
  input_delay             3300            qcnn.sdc_line_5 

#--------------------------------------------------------------------------------------------------------------
#             Timing Point              Flags   Arc   Edge   Cell     Fanout Load Trans Delay Arrival Instance 
#                                                                            (fF)  (ps)  (ps)   (ps)  Location 
#--------------------------------------------------------------------------------------------------------------
  start                                 -       -     R     (arrival)      3 10.4     0     0    3300    (-,-) 
  g35456__6417/Y                        -       B->Y  F     NOR2BX1        3 11.6   124    75    3375    (-,-) 
  g35232__6783/Y                        -       A0->Y R     OAI32X1        6 19.6   774   454    3829    (-,-) 
  g35202__1617/Y                        -       B->Y  F     NAND4BXL       3 11.1   347   282    4110    (-,-) 
  g35188__7410/Y                        -       B->Y  R     NOR2XL         2  6.5   270   229    4340    (-,-) 
  g35184__2883/Y                        -       A->Y  R     OR2X2          1  3.1    68   154    4494    (-,-) 
  gs_ctrl_proc_hd0000000000000_reg[0]/D -       -     R     DFFRHQXL       1    -     -     0    4494    (-,-) 
#--------------------------------------------------------------------------------------------------------------



Path 44: MET (6382 ps) Setup Check with Pin gs_ctrl_proc_hf0000000000010_reg[0]/CK->D
          Group: I2C
     Startpoint: (F) start
          Clock: (R) clock
       Endpoint: (F) gs_ctrl_proc_hf0000000000010_reg[0]/D
          Clock: (R) clock

                     Capture       Launch     
        Clock Edge:+   11000            0     
        Drv Adjust:+       0            0     
       Src Latency:+       0            0     
       Net Latency:+       0 (I)        0 (I) 
           Arrival:=   11000            0     
                                              
             Setup:-     268                  
     Required Time:=   10732                  
      Launch Clock:-       0                  
       Input Delay:-    3300                  
         Data Path:-    1050                  
             Slack:=    6382                  

Exceptions/Constraints:
  input_delay             3300            qcnn.sdc_line_5 

#--------------------------------------------------------------------------------------------------------------
#             Timing Point              Flags   Arc   Edge   Cell     Fanout Load Trans Delay Arrival Instance 
#                                                                            (fF)  (ps)  (ps)   (ps)  Location 
#--------------------------------------------------------------------------------------------------------------
  start                                 -       -     F     (arrival)      3 10.4     0     0    3300    (-,-) 
  g35456__6417/Y                        -       B->Y  R     NOR2BX1        3 11.6   293   194    3494    (-,-) 
  g35225__5477/Y                        -       AN->Y R     NAND4BXL       4 12.3   370   286    3781    (-,-) 
  g35210__7098/Y                        -       A->Y  F     NOR2X1         2  8.2   123   105    3886    (-,-) 
  g35205/Y                              -       A->Y  R     INVX1          4 12.3   193   140    4026    (-,-) 
  g35197__5526/Y                        -       A->Y  F     NOR2XL         2  7.2   124   100    4126    (-,-) 
  g35190__6417/Y                        -       A->Y  R     NAND2X1        4 11.2   219   142    4268    (-,-) 
  g35185__2346/Y                        -       B->Y  F     NAND2XL        1  3.1    92    82    4350    (-,-) 
  gs_ctrl_proc_hf0000000000010_reg[0]/D -       -     F     DFFRHQXL       1    -     -     0    4350    (-,-) 
#--------------------------------------------------------------------------------------------------------------



Path 45: MET (6405 ps) Setup Check with Pin s_reg_18_reg[3]/CK->D
          Group: C2C
     Startpoint: (R) gs_ctrl_proc_h40040000000000_reg/CK
          Clock: (R) clock
       Endpoint: (F) s_reg_18_reg[3]/D
          Clock: (R) clock

                     Capture       Launch     
        Clock Edge:+   11000            0     
       Src Latency:+       0            0     
       Net Latency:+       0 (I)        0 (I) 
           Arrival:=   11000            0     
                                              
             Setup:-     264                  
     Required Time:=   10736                  
      Launch Clock:-       0                  
         Data Path:-    4331                  
             Slack:=    6405                  

#------------------------------------------------------------------------------------------------------------
#            Timing Point             Flags   Arc   Edge   Cell     Fanout Load Trans Delay Arrival Instance 
#                                                                          (fF)  (ps)  (ps)   (ps)  Location 
#------------------------------------------------------------------------------------------------------------
  gs_ctrl_proc_h40040000000000_reg/CK -       -     R     (arrival)    195    -     0     0       0    (-,-) 
  gs_ctrl_proc_h40040000000000_reg/Q  -       CK->Q R     DFFRX1         5 22.9   318   802     802    (-,-) 
  g35383__2346/Y                      -       S0->Y R     MX2X1         11 46.6   608   602    1404    (-,-) 
  csa_tree_mul_4306_112_g992/Y        -       A->Y  F     INVX1         10 45.1   359   333    1738    (-,-) 
  csa_tree_mul_4306_112_g943/Y        -       B->Y  R     MXI2X1         9 35.1   817   462    2199    (-,-) 
  csa_tree_mul_4306_112_g914/Y        -       B0->Y F     OAI21XL        8 34.8   552   477    2676    (-,-) 
  csa_tree_mul_4306_112_g895/Y        -       A0->Y R     OAI22X1        1  3.2   303   209    2886    (-,-) 
  g3618/Y                             -       A->Y  R     AND2X2         1  8.1   109   190    3076    (-,-) 
  g41549/S                            -       A->S  F     CMPR42X1       1  4.3   111  1008    4084    (-,-) 
  g40429__7098/Y                      -       B0->Y R     AOI22X1        1  2.6   315   190    4274    (-,-) 
  g40400/Y                            -       A->Y  F     INVXL          1  1.9    78    57    4331    (-,-) 
  s_reg_18_reg[3]/D                   -       -     F     DFFX1          1    -     -     0    4331    (-,-) 
#------------------------------------------------------------------------------------------------------------



Path 46: MET (6423 ps) Setup Check with Pin gs_ctrl_proc_h160080_reg[0]/CK->D
          Group: I2C
     Startpoint: (R) start
          Clock: (R) clock
       Endpoint: (R) gs_ctrl_proc_h160080_reg[0]/D
          Clock: (R) clock

                     Capture       Launch     
        Clock Edge:+   11000            0     
        Drv Adjust:+       0            0     
       Src Latency:+       0            0     
       Net Latency:+       0 (I)        0 (I) 
           Arrival:=   11000            0     
                                              
             Setup:-     219                  
     Required Time:=   10781                  
      Launch Clock:-       0                  
       Input Delay:-    3300                  
         Data Path:-    1057                  
             Slack:=    6423                  

Exceptions/Constraints:
  input_delay             3300            qcnn.sdc_line_5 

#------------------------------------------------------------------------------------------------------
#         Timing Point          Flags   Arc   Edge   Cell     Fanout Load Trans Delay Arrival Instance 
#                                                                    (fF)  (ps)  (ps)   (ps)  Location 
#------------------------------------------------------------------------------------------------------
  start                         -       -     R     (arrival)      3 10.4     0     0    3300    (-,-) 
  g35456__6417/Y                -       B->Y  F     NOR2BX1        3 11.6   124    75    3375    (-,-) 
  g35232__6783/Y                -       A0->Y R     OAI32X1        6 19.6   774   454    3829    (-,-) 
  g41007/Y                      -       A->Y  F     INVX1          2  8.7   177   122    3951    (-,-) 
  g40641/Y                      -       A1->Y R     OAI31X1        2  3.9   285   254    4205    (-,-) 
  g40580__7410/Y                -       AN->Y R     NAND2BXL       1  1.8   114   152    4357    (-,-) 
  gs_ctrl_proc_h160080_reg[0]/D -       -     R     DFFRHQX1       1    -     -     0    4357    (-,-) 
#------------------------------------------------------------------------------------------------------



Path 47: MET (6440 ps) Setup Check with Pin gs_ctrl_proc_h2000080010_reg[0]/CK->D
          Group: I2C
     Startpoint: (R) start
          Clock: (R) clock
       Endpoint: (R) gs_ctrl_proc_h2000080010_reg[0]/D
          Clock: (R) clock

                     Capture       Launch     
        Clock Edge:+   11000            0     
        Drv Adjust:+       0            0     
       Src Latency:+       0            0     
       Net Latency:+       0 (I)        0 (I) 
           Arrival:=   11000            0     
                                              
             Setup:-     114                  
     Required Time:=   10886                  
      Launch Clock:-       0                  
       Input Delay:-    3300                  
         Data Path:-    1146                  
             Slack:=    6440                  

Exceptions/Constraints:
  input_delay             3300            qcnn.sdc_line_5 

#----------------------------------------------------------------------------------------------------------
#           Timing Point            Flags   Arc   Edge   Cell     Fanout Load Trans Delay Arrival Instance 
#                                                                        (fF)  (ps)  (ps)   (ps)  Location 
#----------------------------------------------------------------------------------------------------------
  start                             -       -     R     (arrival)      3 10.4     0     0    3300    (-,-) 
  g35456__6417/Y                    -       B->Y  F     NOR2BX1        3 11.6   124    75    3375    (-,-) 
  g35225__5477/Y                    -       AN->Y F     NAND4BXL       4 12.3   310   322    3697    (-,-) 
  g35210__7098/Y                    -       A->Y  R     NOR2X1         2  8.2   245   200    3897    (-,-) 
  g35205/Y                          -       A->Y  F     INVX1          4 12.3   123   105    4002    (-,-) 
  g35197__5526/Y                    -       A->Y  R     NOR2XL         2  7.2   274   189    4191    (-,-) 
  g35190__6417/Y                    -       A->Y  F     NAND2X1        4 11.2   209   123    4314    (-,-) 
  g35181__9945/Y                    -       B->Y  R     NAND2XL        1  3.2   137   132    4446    (-,-) 
  gs_ctrl_proc_h2000080010_reg[0]/D -       -     R     DFFRXL         1    -     -     0    4446    (-,-) 
#----------------------------------------------------------------------------------------------------------



Path 48: MET (6488 ps) Setup Check with Pin gs_ctrl_proc_h80000000000000_reg/CK->D
          Group: I2C
     Startpoint: (R) start
          Clock: (R) clock
       Endpoint: (R) gs_ctrl_proc_h80000000000000_reg/D
          Clock: (R) clock

                     Capture       Launch     
        Clock Edge:+   11000            0     
        Drv Adjust:+       0            0     
       Src Latency:+       0            0     
       Net Latency:+       0 (I)        0 (I) 
           Arrival:=   11000            0     
                                              
             Setup:-     225                  
     Required Time:=   10775                  
      Launch Clock:-       0                  
       Input Delay:-    3300                  
         Data Path:-     987                  
             Slack:=    6488                  

Exceptions/Constraints:
  input_delay             3300            qcnn.sdc_line_5 

#-----------------------------------------------------------------------------------------------------------
#           Timing Point             Flags   Arc   Edge   Cell     Fanout Load Trans Delay Arrival Instance 
#                                                                         (fF)  (ps)  (ps)   (ps)  Location 
#-----------------------------------------------------------------------------------------------------------
  start                              -       -     R     (arrival)      3 10.4     0     0    3300    (-,-) 
  g35456__6417/Y                     -       B->Y  F     NOR2BX1        3 11.6   124    75    3375    (-,-) 
  g35232__6783/Y                     -       A0->Y R     OAI32X1        6 19.6   774   454    3829    (-,-) 
  g35202__1617/Y                     -       B->Y  F     NAND4BXL       3 11.1   347   282    4110    (-,-) 
  g35194__6260/Y                     -       A->Y  R     NOR2X1         2  5.5   203   177    4287    (-,-) 
  gs_ctrl_proc_h80000000000000_reg/D -       -     R     DFFRHQX1       2    -     -     0    4287    (-,-) 
#-----------------------------------------------------------------------------------------------------------



Path 49: MET (6492 ps) Setup Check with Pin gs_ctrl_proc_h10000000000_reg/CK->D
          Group: I2C
     Startpoint: (R) start
          Clock: (R) clock
       Endpoint: (F) gs_ctrl_proc_h10000000000_reg/D
          Clock: (R) clock

                     Capture       Launch     
        Clock Edge:+   11000            0     
        Drv Adjust:+       0            0     
       Src Latency:+       0            0     
       Net Latency:+       0 (I)        0 (I) 
           Arrival:=   11000            0     
                                              
             Setup:-     364                  
     Required Time:=   10636                  
      Launch Clock:-       0                  
       Input Delay:-    3300                  
         Data Path:-     844                  
             Slack:=    6492                  

Exceptions/Constraints:
  input_delay             3300            qcnn.sdc_line_5 

#--------------------------------------------------------------------------------------------------------
#          Timing Point           Flags   Arc   Edge   Cell     Fanout Load Trans Delay Arrival Instance 
#                                                                      (fF)  (ps)  (ps)   (ps)  Location 
#--------------------------------------------------------------------------------------------------------
  start                           -       -     R     (arrival)      3 10.4     0     0    3300    (-,-) 
  g35456__6417/Y                  -       B->Y  F     NOR2BX1        3 11.6   124    75    3375    (-,-) 
  g35232__6783/Y                  -       A0->Y R     OAI32X1        6 19.6   774   454    3829    (-,-) 
  g41007/Y                        -       A->Y  F     INVX1          2  8.7   177   122    3951    (-,-) 
  g40703/Y                        -       A->Y  R     NAND2X1        2  6.2   144   119    4070    (-,-) 
  g40642/Y                        -       A->Y  F     NOR2XL         2  3.9    94    74    4144    (-,-) 
  gs_ctrl_proc_h10000000000_reg/D -       -     F     DFFRHQX1       2    -     -     0    4144    (-,-) 
#--------------------------------------------------------------------------------------------------------



Path 50: MET (6500 ps) Setup Check with Pin gs_ctrl_proc_hb0000000000_reg[1]/CK->D
          Group: I2C
     Startpoint: (R) start
          Clock: (R) clock
       Endpoint: (F) gs_ctrl_proc_hb0000000000_reg[1]/D
          Clock: (R) clock

                     Capture       Launch     
        Clock Edge:+   11000            0     
        Drv Adjust:+       0            0     
       Src Latency:+       0            0     
       Net Latency:+       0 (I)        0 (I) 
           Arrival:=   11000            0     
                                              
             Setup:-     360                  
     Required Time:=   10640                  
      Launch Clock:-       0                  
       Input Delay:-    3300                  
         Data Path:-     841                  
             Slack:=    6500                  

Exceptions/Constraints:
  input_delay             3300            qcnn.sdc_line_5 

#-----------------------------------------------------------------------------------------------------------
#           Timing Point             Flags   Arc   Edge   Cell     Fanout Load Trans Delay Arrival Instance 
#                                                                         (fF)  (ps)  (ps)   (ps)  Location 
#-----------------------------------------------------------------------------------------------------------
  start                              -       -     R     (arrival)      3 10.4     0     0    3300    (-,-) 
  g35456__6417/Y                     -       B->Y  F     NOR2BX1        3 11.6   124    75    3375    (-,-) 
  g35232__6783/Y                     -       A0->Y R     OAI32X1        6 19.6   774   454    3829    (-,-) 
  g41007/Y                           -       A->Y  F     INVX1          2  8.7   177   122    3951    (-,-) 
  g40703/Y                           -       A->Y  R     NAND2X1        2  6.2   144   119    4070    (-,-) 
  g40636/Y                           -       B->Y  F     NOR2BXL        1  1.8    70    70    4141    (-,-) 
  gs_ctrl_proc_hb0000000000_reg[1]/D -       -     F     DFFRHQX1       1    -     -     0    4141    (-,-) 
#-----------------------------------------------------------------------------------------------------------

