============================================================
  Generated by:           Genus(TM) Synthesis Solution 23.10-p004_1
  Generated on:           May 25 2025  08:12:13 pm
  Module:                 qcnn
  Operating conditions:   slow (balanced_tree)
  Wireload mode:          enclosed
  Area mode:              timing library
============================================================


Path 1: MET (4573 ps) Setup Check with Pin s_reg_13_reg[7]/clk->d
          Group: C2C
     Startpoint: (R) s_reg_18_reg[6]/clk
          Clock: (R) clock
       Endpoint: (R) s_reg_13_reg[7]/d
          Clock: (R) clock

                     Capture       Launch     
        Clock Edge:+   11000            0     
       Src Latency:+       0            0     
       Net Latency:+       0 (I)        0 (I) 
           Arrival:=   11000            0     
                                              
             Setup:-     241                  
     Required Time:=   10759                  
      Launch Clock:-       0                  
         Data Path:-    6186                  
             Slack:=    4573                  

#------------------------------------------------------------------------------------------------------------
#       Timing Point        Flags    Arc    Edge       Cell         Fanout Load Trans Delay Arrival Instance 
#                                                                          (fF)  (ps)  (ps)   (ps)  Location 
#------------------------------------------------------------------------------------------------------------
  s_reg_18_reg[6]/clk       -       -       R     (arrival)            195    -     0     0       0    (-,-) 
  s_reg_18_reg[6]/q         (u)     clk->q  R     unmapped_d_flop       38 59.5     0   581     581    (-,-) 
  const_mul_4262_72/g2314/z (u)     in_0->z R     unmapped_complex2      1  8.5     0    87     668    (-,-) 
  const_mul_4262_72/g2315/z (u)     in_1->z F     unmapped_nand2         2 17.0     0   105     773    (-,-) 
  const_mul_4262_72/g2105/z (u)     in_0->z F     unmapped_complex2      1  8.5     0    87     860    (-,-) 
  const_mul_4262_72/g2106/z (u)     in_1->z R     unmapped_nand2         2 17.0     0   105     965    (-,-) 
  const_mul_4262_72/g2073/z (u)     in_0->z F     unmapped_complex2      2 17.0     0   105    1070    (-,-) 
  const_mul_4262_72/g2037/z (u)     in_1->z F     unmapped_complex2      1  8.5     0    87    1157    (-,-) 
  const_mul_4262_72/g2007/z (u)     in_0->z R     unmapped_complex2      1  8.5     0    87    1244    (-,-) 
  const_mul_4262_72/g1971/z (u)     in_1->z F     unmapped_nand2         1  8.5     0    87    1331    (-,-) 
  const_mul_4262_72/g1952/z (u)     in_1->z R     unmapped_nand2         1  8.5     0    87    1418    (-,-) 
  const_mul_4262_72/g1951/z (u)     in_0->z R     unmapped_complex2      1  8.5     0    87    1505    (-,-) 
  const_mul_4262_72/g1942/z (u)     in_0->z F     unmapped_complex2      2 17.0     0   105    1610    (-,-) 
  const_mul_4262_72/g1937/z (u)     in_0->z R     unmapped_complex2      2 17.0     0   105    1715    (-,-) 
  const_mul_4262_72/g1935/z (u)     in_0->z F     unmapped_complex2      1  8.5     0    87    1802    (-,-) 
  const_mul_4262_72/g1930/z (u)     in_0->z R     unmapped_complex2      3 25.5     0   121    1923    (-,-) 
  const_mul_4262_72/g1925/z (u)     in_1->z F     unmapped_nand2         1  8.5     0    87    2010    (-,-) 
  const_mul_4262_72/g1920/z (u)     in_1->z R     unmapped_nand2         3 25.5     0   121    2131    (-,-) 
  const_mul_4262_72/g1916/z (u)     in_1->z F     unmapped_nand2         1  8.5     0    87    2218    (-,-) 
  const_mul_4262_72/g1915/z (u)     in_1->z R     unmapped_nand2         6 51.0     0   166    2385    (-,-) 
  const_mul_4262_72/g1911/z (u)     in_0->z F     unmapped_complex2      1  8.5     0    87    2472    (-,-) 
  const_mul_4262_72/g1905/z (u)     in_0->z R     unmapped_complex2      1  8.5     0    87    2559    (-,-) 
  const_mul_4262_72/g1899/z (u)     in_0->z F     unmapped_complex2      1  8.5     0    87    2646    (-,-) 
  const_mul_4262_72/g1888/z (u)     in_0->z R     unmapped_complex2      3 25.5     0   121    2767    (-,-) 
  const_mul_4262_72/g1862/z (u)     in_0->z F     unmapped_complex2      1  8.5     0    87    2854    (-,-) 
  const_mul_4262_72/g1856/z (u)     in_0->z R     unmapped_complex2      1  8.5     0    87    2941    (-,-) 
  const_mul_4262_72/g1850/z (u)     in_1->z F     unmapped_nand2         1  8.5     0    87    3028    (-,-) 
  const_mul_4262_72/g1842/z (u)     in_1->z R     unmapped_nand2         1  8.5     0    87    3116    (-,-) 
  const_mul_4262_72/g1834/z (u)     in_0->z F     unmapped_nand2         1  8.5     0    87    3203    (-,-) 
  const_mul_4262_72/g1829/z (u)     in_0->z R     unmapped_nand2         3 25.5     0   121    3324    (-,-) 
  const_mul_4262_72/g1825/z (u)     in_1->z F     unmapped_nand2         2 17.0     0   105    3429    (-,-) 
  const_mul_4262_72/g1823/z (u)     in_0->z F     unmapped_complex2      1  8.5     0    87    3516    (-,-) 
  const_mul_4262_72/g1822/z (u)     in_0->z R     unmapped_complex2      3 25.5     0   121    3637    (-,-) 
  const_mul_4262_72/g1814/z (u)     in_1->z F     unmapped_nand2         1  8.5     0    87    3724    (-,-) 
  const_mul_4262_72/g1812/z (u)     in_1->z R     unmapped_nand2         3 25.5     0   121    3845    (-,-) 
  const_mul_4262_72/g1807/z (u)     in_0->z F     unmapped_nand2         1  8.5     0    87    3932    (-,-) 
  const_mul_4262_72/g1806/z (u)     in_0->z R     unmapped_nand2         2 17.0     0   105    4037    (-,-) 
  const_mul_4262_72/g1804/z (u)     in_0->z R     unmapped_or2           1  8.5     0    87    4124    (-,-) 
  const_mul_4262_72/g1805/z (u)     in_1->z F     unmapped_nand2         1  8.5     0    87    4211    (-,-) 
  g26092/z                  (u)     in_1->z F     unmapped_or2           1  8.5     0    87    4298    (-,-) 
  g25956/z                  (u)     in_0->z R     unmapped_complex2      1  8.5     0    87    4386    (-,-) 
  g25867/z                  (u)     in_0->z F     unmapped_complex2      1  8.5     0    87    4473    (-,-) 
  g25669/z                  (u)     in_1->z R     unmapped_complex2      1  8.5     0    87    4560    (-,-) 
  g25578/z                  (u)     in_0->z F     unmapped_complex2      7 59.5     0   181    4740    (-,-) 
  g25520/z                  (u)     in_1->z F     unmapped_or2           2 17.0     0   105    4845    (-,-) 
  g28239/z                  (u)     in_1->z F     unmapped_complex2      1  8.5     0    87    4932    (-,-) 
  g25411/z                  (u)     in_1->z R     unmapped_nand2         1  8.5     0    87    5019    (-,-) 
  g25388/z                  (u)     in_1->z F     unmapped_nand2         1  8.5     0    87    5106    (-,-) 
  g25374/z                  (u)     in_0->z R     unmapped_nand2         1  8.5     0    87    5194    (-,-) 
  g25339/z                  (u)     in_0->z F     unmapped_nand2         1  8.5     0    87    5281    (-,-) 
  g25333/z                  (u)     in_0->z R     unmapped_nand2         1  8.5     0    87    5368    (-,-) 
  g28262/z                  (u)     in_0->z F     unmapped_complex2      1  8.5     0    87    5455    (-,-) 
  g28265/z                  (u)     in_0->z R     unmapped_complex2      1  8.5     0    87    5542    (-,-) 
  g28266/z                  (u)     in_0->z F     unmapped_complex2      1  8.5     0    87    5629    (-,-) 
  g25279/z                  (u)     in_1->z R     unmapped_nand2         8 68.0     0   191    5820    (-,-) 
  g25270/z                  (u)     in_0->z F     unmapped_complex2      8 68.0     0   191    6012    (-,-) 
  g25256/z                  (u)     in_0->z F     unmapped_complex2      1  8.5     0    87    6099    (-,-) 
  g25244/z                  (u)     in_0->z R     unmapped_complex2      1  8.5     0    87    6186    (-,-) 
  s_reg_13_reg[7]/d         -       -       R     unmapped_d_flop        1    -     -     0    6186    (-,-) 
#------------------------------------------------------------------------------------------------------------

(u) : Net has unmapped pin(s).



Path 2: MET (4573 ps) Setup Check with Pin s_reg_13_reg[6]/clk->d
          Group: C2C
     Startpoint: (R) s_reg_18_reg[6]/clk
          Clock: (R) clock
       Endpoint: (R) s_reg_13_reg[6]/d
          Clock: (R) clock

                     Capture       Launch     
        Clock Edge:+   11000            0     
       Src Latency:+       0            0     
       Net Latency:+       0 (I)        0 (I) 
           Arrival:=   11000            0     
                                              
             Setup:-     241                  
     Required Time:=   10759                  
      Launch Clock:-       0                  
         Data Path:-    6186                  
             Slack:=    4573                  

#------------------------------------------------------------------------------------------------------------
#       Timing Point        Flags    Arc    Edge       Cell         Fanout Load Trans Delay Arrival Instance 
#                                                                          (fF)  (ps)  (ps)   (ps)  Location 
#------------------------------------------------------------------------------------------------------------
  s_reg_18_reg[6]/clk       -       -       R     (arrival)            195    -     0     0       0    (-,-) 
  s_reg_18_reg[6]/q         (u)     clk->q  R     unmapped_d_flop       38 59.5     0   581     581    (-,-) 
  const_mul_4262_72/g2314/z (u)     in_0->z R     unmapped_complex2      1  8.5     0    87     668    (-,-) 
  const_mul_4262_72/g2315/z (u)     in_1->z F     unmapped_nand2         2 17.0     0   105     773    (-,-) 
  const_mul_4262_72/g2105/z (u)     in_0->z F     unmapped_complex2      1  8.5     0    87     860    (-,-) 
  const_mul_4262_72/g2106/z (u)     in_1->z R     unmapped_nand2         2 17.0     0   105     965    (-,-) 
  const_mul_4262_72/g2073/z (u)     in_0->z F     unmapped_complex2      2 17.0     0   105    1070    (-,-) 
  const_mul_4262_72/g2037/z (u)     in_1->z F     unmapped_complex2      1  8.5     0    87    1157    (-,-) 
  const_mul_4262_72/g2007/z (u)     in_0->z R     unmapped_complex2      1  8.5     0    87    1244    (-,-) 
  const_mul_4262_72/g1971/z (u)     in_1->z F     unmapped_nand2         1  8.5     0    87    1331    (-,-) 
  const_mul_4262_72/g1952/z (u)     in_1->z R     unmapped_nand2         1  8.5     0    87    1418    (-,-) 
  const_mul_4262_72/g1951/z (u)     in_0->z R     unmapped_complex2      1  8.5     0    87    1505    (-,-) 
  const_mul_4262_72/g1942/z (u)     in_0->z F     unmapped_complex2      2 17.0     0   105    1610    (-,-) 
  const_mul_4262_72/g1937/z (u)     in_0->z R     unmapped_complex2      2 17.0     0   105    1715    (-,-) 
  const_mul_4262_72/g1935/z (u)     in_0->z F     unmapped_complex2      1  8.5     0    87    1802    (-,-) 
  const_mul_4262_72/g1930/z (u)     in_0->z R     unmapped_complex2      3 25.5     0   121    1923    (-,-) 
  const_mul_4262_72/g1925/z (u)     in_1->z F     unmapped_nand2         1  8.5     0    87    2010    (-,-) 
  const_mul_4262_72/g1920/z (u)     in_1->z R     unmapped_nand2         3 25.5     0   121    2131    (-,-) 
  const_mul_4262_72/g1916/z (u)     in_1->z F     unmapped_nand2         1  8.5     0    87    2218    (-,-) 
  const_mul_4262_72/g1915/z (u)     in_1->z R     unmapped_nand2         6 51.0     0   166    2385    (-,-) 
  const_mul_4262_72/g1911/z (u)     in_0->z F     unmapped_complex2      1  8.5     0    87    2472    (-,-) 
  const_mul_4262_72/g1905/z (u)     in_0->z R     unmapped_complex2      1  8.5     0    87    2559    (-,-) 
  const_mul_4262_72/g1899/z (u)     in_0->z F     unmapped_complex2      1  8.5     0    87    2646    (-,-) 
  const_mul_4262_72/g1888/z (u)     in_0->z R     unmapped_complex2      3 25.5     0   121    2767    (-,-) 
  const_mul_4262_72/g1862/z (u)     in_0->z F     unmapped_complex2      1  8.5     0    87    2854    (-,-) 
  const_mul_4262_72/g1856/z (u)     in_0->z R     unmapped_complex2      1  8.5     0    87    2941    (-,-) 
  const_mul_4262_72/g1850/z (u)     in_1->z F     unmapped_nand2         1  8.5     0    87    3028    (-,-) 
  const_mul_4262_72/g1842/z (u)     in_1->z R     unmapped_nand2         1  8.5     0    87    3116    (-,-) 
  const_mul_4262_72/g1834/z (u)     in_0->z F     unmapped_nand2         1  8.5     0    87    3203    (-,-) 
  const_mul_4262_72/g1829/z (u)     in_0->z R     unmapped_nand2         3 25.5     0   121    3324    (-,-) 
  const_mul_4262_72/g1825/z (u)     in_1->z F     unmapped_nand2         2 17.0     0   105    3429    (-,-) 
  const_mul_4262_72/g1823/z (u)     in_0->z F     unmapped_complex2      1  8.5     0    87    3516    (-,-) 
  const_mul_4262_72/g1822/z (u)     in_0->z R     unmapped_complex2      3 25.5     0   121    3637    (-,-) 
  const_mul_4262_72/g1814/z (u)     in_1->z F     unmapped_nand2         1  8.5     0    87    3724    (-,-) 
  const_mul_4262_72/g1812/z (u)     in_1->z R     unmapped_nand2         3 25.5     0   121    3845    (-,-) 
  const_mul_4262_72/g1807/z (u)     in_0->z F     unmapped_nand2         1  8.5     0    87    3932    (-,-) 
  const_mul_4262_72/g1806/z (u)     in_0->z R     unmapped_nand2         2 17.0     0   105    4037    (-,-) 
  const_mul_4262_72/g1804/z (u)     in_0->z R     unmapped_or2           1  8.5     0    87    4124    (-,-) 
  const_mul_4262_72/g1805/z (u)     in_1->z F     unmapped_nand2         1  8.5     0    87    4211    (-,-) 
  g26092/z                  (u)     in_1->z F     unmapped_or2           1  8.5     0    87    4298    (-,-) 
  g25956/z                  (u)     in_0->z R     unmapped_complex2      1  8.5     0    87    4386    (-,-) 
  g25867/z                  (u)     in_0->z F     unmapped_complex2      1  8.5     0    87    4473    (-,-) 
  g25669/z                  (u)     in_1->z R     unmapped_complex2      1  8.5     0    87    4560    (-,-) 
  g25578/z                  (u)     in_0->z F     unmapped_complex2      7 59.5     0   181    4740    (-,-) 
  g25520/z                  (u)     in_1->z F     unmapped_or2           2 17.0     0   105    4845    (-,-) 
  g28239/z                  (u)     in_1->z F     unmapped_complex2      1  8.5     0    87    4932    (-,-) 
  g25411/z                  (u)     in_1->z R     unmapped_nand2         1  8.5     0    87    5019    (-,-) 
  g25388/z                  (u)     in_1->z F     unmapped_nand2         1  8.5     0    87    5106    (-,-) 
  g25374/z                  (u)     in_0->z R     unmapped_nand2         1  8.5     0    87    5194    (-,-) 
  g25339/z                  (u)     in_0->z F     unmapped_nand2         1  8.5     0    87    5281    (-,-) 
  g25333/z                  (u)     in_0->z R     unmapped_nand2         1  8.5     0    87    5368    (-,-) 
  g28262/z                  (u)     in_0->z F     unmapped_complex2      1  8.5     0    87    5455    (-,-) 
  g28265/z                  (u)     in_0->z R     unmapped_complex2      1  8.5     0    87    5542    (-,-) 
  g28266/z                  (u)     in_0->z F     unmapped_complex2      1  8.5     0    87    5629    (-,-) 
  g25279/z                  (u)     in_1->z R     unmapped_nand2         8 68.0     0   191    5820    (-,-) 
  g25270/z                  (u)     in_0->z F     unmapped_complex2      8 68.0     0   191    6012    (-,-) 
  g25255/z                  (u)     in_0->z F     unmapped_complex2      1  8.5     0    87    6099    (-,-) 
  g28276/z                  (u)     in_1->z R     unmapped_complex2      1  8.5     0    87    6186    (-,-) 
  s_reg_13_reg[6]/d         -       -       R     unmapped_d_flop        1    -     -     0    6186    (-,-) 
#------------------------------------------------------------------------------------------------------------

(u) : Net has unmapped pin(s).



Path 3: MET (4573 ps) Setup Check with Pin s_reg_13_reg[5]/clk->d
          Group: C2C
     Startpoint: (R) s_reg_18_reg[6]/clk
          Clock: (R) clock
       Endpoint: (R) s_reg_13_reg[5]/d
          Clock: (R) clock

                     Capture       Launch     
        Clock Edge:+   11000            0     
       Src Latency:+       0            0     
       Net Latency:+       0 (I)        0 (I) 
           Arrival:=   11000            0     
                                              
             Setup:-     241                  
     Required Time:=   10759                  
      Launch Clock:-       0                  
         Data Path:-    6186                  
             Slack:=    4573                  

#------------------------------------------------------------------------------------------------------------
#       Timing Point        Flags    Arc    Edge       Cell         Fanout Load Trans Delay Arrival Instance 
#                                                                          (fF)  (ps)  (ps)   (ps)  Location 
#------------------------------------------------------------------------------------------------------------
  s_reg_18_reg[6]/clk       -       -       R     (arrival)            195    -     0     0       0    (-,-) 
  s_reg_18_reg[6]/q         (u)     clk->q  R     unmapped_d_flop       38 59.5     0   581     581    (-,-) 
  const_mul_4262_72/g2314/z (u)     in_0->z R     unmapped_complex2      1  8.5     0    87     668    (-,-) 
  const_mul_4262_72/g2315/z (u)     in_1->z F     unmapped_nand2         2 17.0     0   105     773    (-,-) 
  const_mul_4262_72/g2105/z (u)     in_0->z F     unmapped_complex2      1  8.5     0    87     860    (-,-) 
  const_mul_4262_72/g2106/z (u)     in_1->z R     unmapped_nand2         2 17.0     0   105     965    (-,-) 
  const_mul_4262_72/g2073/z (u)     in_0->z F     unmapped_complex2      2 17.0     0   105    1070    (-,-) 
  const_mul_4262_72/g2037/z (u)     in_1->z F     unmapped_complex2      1  8.5     0    87    1157    (-,-) 
  const_mul_4262_72/g2007/z (u)     in_0->z R     unmapped_complex2      1  8.5     0    87    1244    (-,-) 
  const_mul_4262_72/g1971/z (u)     in_1->z F     unmapped_nand2         1  8.5     0    87    1331    (-,-) 
  const_mul_4262_72/g1952/z (u)     in_1->z R     unmapped_nand2         1  8.5     0    87    1418    (-,-) 
  const_mul_4262_72/g1951/z (u)     in_0->z R     unmapped_complex2      1  8.5     0    87    1505    (-,-) 
  const_mul_4262_72/g1942/z (u)     in_0->z F     unmapped_complex2      2 17.0     0   105    1610    (-,-) 
  const_mul_4262_72/g1937/z (u)     in_0->z R     unmapped_complex2      2 17.0     0   105    1715    (-,-) 
  const_mul_4262_72/g1935/z (u)     in_0->z F     unmapped_complex2      1  8.5     0    87    1802    (-,-) 
  const_mul_4262_72/g1930/z (u)     in_0->z R     unmapped_complex2      3 25.5     0   121    1923    (-,-) 
  const_mul_4262_72/g1925/z (u)     in_1->z F     unmapped_nand2         1  8.5     0    87    2010    (-,-) 
  const_mul_4262_72/g1920/z (u)     in_1->z R     unmapped_nand2         3 25.5     0   121    2131    (-,-) 
  const_mul_4262_72/g1916/z (u)     in_1->z F     unmapped_nand2         1  8.5     0    87    2218    (-,-) 
  const_mul_4262_72/g1915/z (u)     in_1->z R     unmapped_nand2         6 51.0     0   166    2385    (-,-) 
  const_mul_4262_72/g1911/z (u)     in_0->z F     unmapped_complex2      1  8.5     0    87    2472    (-,-) 
  const_mul_4262_72/g1905/z (u)     in_0->z R     unmapped_complex2      1  8.5     0    87    2559    (-,-) 
  const_mul_4262_72/g1899/z (u)     in_0->z F     unmapped_complex2      1  8.5     0    87    2646    (-,-) 
  const_mul_4262_72/g1888/z (u)     in_0->z R     unmapped_complex2      3 25.5     0   121    2767    (-,-) 
  const_mul_4262_72/g1862/z (u)     in_0->z F     unmapped_complex2      1  8.5     0    87    2854    (-,-) 
  const_mul_4262_72/g1856/z (u)     in_0->z R     unmapped_complex2      1  8.5     0    87    2941    (-,-) 
  const_mul_4262_72/g1850/z (u)     in_1->z F     unmapped_nand2         1  8.5     0    87    3028    (-,-) 
  const_mul_4262_72/g1842/z (u)     in_1->z R     unmapped_nand2         1  8.5     0    87    3116    (-,-) 
  const_mul_4262_72/g1834/z (u)     in_0->z F     unmapped_nand2         1  8.5     0    87    3203    (-,-) 
  const_mul_4262_72/g1829/z (u)     in_0->z R     unmapped_nand2         3 25.5     0   121    3324    (-,-) 
  const_mul_4262_72/g1825/z (u)     in_1->z F     unmapped_nand2         2 17.0     0   105    3429    (-,-) 
  const_mul_4262_72/g1823/z (u)     in_0->z F     unmapped_complex2      1  8.5     0    87    3516    (-,-) 
  const_mul_4262_72/g1822/z (u)     in_0->z R     unmapped_complex2      3 25.5     0   121    3637    (-,-) 
  const_mul_4262_72/g1814/z (u)     in_1->z F     unmapped_nand2         1  8.5     0    87    3724    (-,-) 
  const_mul_4262_72/g1812/z (u)     in_1->z R     unmapped_nand2         3 25.5     0   121    3845    (-,-) 
  const_mul_4262_72/g1807/z (u)     in_0->z F     unmapped_nand2         1  8.5     0    87    3932    (-,-) 
  const_mul_4262_72/g1806/z (u)     in_0->z R     unmapped_nand2         2 17.0     0   105    4037    (-,-) 
  const_mul_4262_72/g1804/z (u)     in_0->z R     unmapped_or2           1  8.5     0    87    4124    (-,-) 
  const_mul_4262_72/g1805/z (u)     in_1->z F     unmapped_nand2         1  8.5     0    87    4211    (-,-) 
  g26092/z                  (u)     in_1->z F     unmapped_or2           1  8.5     0    87    4298    (-,-) 
  g25956/z                  (u)     in_0->z R     unmapped_complex2      1  8.5     0    87    4386    (-,-) 
  g25867/z                  (u)     in_0->z F     unmapped_complex2      1  8.5     0    87    4473    (-,-) 
  g25669/z                  (u)     in_1->z R     unmapped_complex2      1  8.5     0    87    4560    (-,-) 
  g25578/z                  (u)     in_0->z F     unmapped_complex2      7 59.5     0   181    4740    (-,-) 
  g25520/z                  (u)     in_1->z F     unmapped_or2           2 17.0     0   105    4845    (-,-) 
  g28239/z                  (u)     in_1->z F     unmapped_complex2      1  8.5     0    87    4932    (-,-) 
  g25411/z                  (u)     in_1->z R     unmapped_nand2         1  8.5     0    87    5019    (-,-) 
  g25388/z                  (u)     in_1->z F     unmapped_nand2         1  8.5     0    87    5106    (-,-) 
  g25374/z                  (u)     in_0->z R     unmapped_nand2         1  8.5     0    87    5194    (-,-) 
  g25339/z                  (u)     in_0->z F     unmapped_nand2         1  8.5     0    87    5281    (-,-) 
  g25333/z                  (u)     in_0->z R     unmapped_nand2         1  8.5     0    87    5368    (-,-) 
  g28262/z                  (u)     in_0->z F     unmapped_complex2      1  8.5     0    87    5455    (-,-) 
  g28265/z                  (u)     in_0->z R     unmapped_complex2      1  8.5     0    87    5542    (-,-) 
  g28266/z                  (u)     in_0->z F     unmapped_complex2      1  8.5     0    87    5629    (-,-) 
  g25279/z                  (u)     in_1->z R     unmapped_nand2         8 68.0     0   191    5820    (-,-) 
  g25270/z                  (u)     in_0->z F     unmapped_complex2      8 68.0     0   191    6012    (-,-) 
  g25253/z                  (u)     in_0->z F     unmapped_complex2      1  8.5     0    87    6099    (-,-) 
  g25246/z                  (u)     in_0->z R     unmapped_complex2      1  8.5     0    87    6186    (-,-) 
  s_reg_13_reg[5]/d         -       -       R     unmapped_d_flop        1    -     -     0    6186    (-,-) 
#------------------------------------------------------------------------------------------------------------

(u) : Net has unmapped pin(s).



Path 4: MET (4573 ps) Setup Check with Pin s_reg_13_reg[4]/clk->d
          Group: C2C
     Startpoint: (R) s_reg_18_reg[6]/clk
          Clock: (R) clock
       Endpoint: (R) s_reg_13_reg[4]/d
          Clock: (R) clock

                     Capture       Launch     
        Clock Edge:+   11000            0     
       Src Latency:+       0            0     
       Net Latency:+       0 (I)        0 (I) 
           Arrival:=   11000            0     
                                              
             Setup:-     241                  
     Required Time:=   10759                  
      Launch Clock:-       0                  
         Data Path:-    6186                  
             Slack:=    4573                  

#------------------------------------------------------------------------------------------------------------
#       Timing Point        Flags    Arc    Edge       Cell         Fanout Load Trans Delay Arrival Instance 
#                                                                          (fF)  (ps)  (ps)   (ps)  Location 
#------------------------------------------------------------------------------------------------------------
  s_reg_18_reg[6]/clk       -       -       R     (arrival)            195    -     0     0       0    (-,-) 
  s_reg_18_reg[6]/q         (u)     clk->q  R     unmapped_d_flop       38 59.5     0   581     581    (-,-) 
  const_mul_4262_72/g2314/z (u)     in_0->z R     unmapped_complex2      1  8.5     0    87     668    (-,-) 
  const_mul_4262_72/g2315/z (u)     in_1->z F     unmapped_nand2         2 17.0     0   105     773    (-,-) 
  const_mul_4262_72/g2105/z (u)     in_0->z F     unmapped_complex2      1  8.5     0    87     860    (-,-) 
  const_mul_4262_72/g2106/z (u)     in_1->z R     unmapped_nand2         2 17.0     0   105     965    (-,-) 
  const_mul_4262_72/g2073/z (u)     in_0->z F     unmapped_complex2      2 17.0     0   105    1070    (-,-) 
  const_mul_4262_72/g2037/z (u)     in_1->z F     unmapped_complex2      1  8.5     0    87    1157    (-,-) 
  const_mul_4262_72/g2007/z (u)     in_0->z R     unmapped_complex2      1  8.5     0    87    1244    (-,-) 
  const_mul_4262_72/g1971/z (u)     in_1->z F     unmapped_nand2         1  8.5     0    87    1331    (-,-) 
  const_mul_4262_72/g1952/z (u)     in_1->z R     unmapped_nand2         1  8.5     0    87    1418    (-,-) 
  const_mul_4262_72/g1951/z (u)     in_0->z R     unmapped_complex2      1  8.5     0    87    1505    (-,-) 
  const_mul_4262_72/g1942/z (u)     in_0->z F     unmapped_complex2      2 17.0     0   105    1610    (-,-) 
  const_mul_4262_72/g1937/z (u)     in_0->z R     unmapped_complex2      2 17.0     0   105    1715    (-,-) 
  const_mul_4262_72/g1935/z (u)     in_0->z F     unmapped_complex2      1  8.5     0    87    1802    (-,-) 
  const_mul_4262_72/g1930/z (u)     in_0->z R     unmapped_complex2      3 25.5     0   121    1923    (-,-) 
  const_mul_4262_72/g1925/z (u)     in_1->z F     unmapped_nand2         1  8.5     0    87    2010    (-,-) 
  const_mul_4262_72/g1920/z (u)     in_1->z R     unmapped_nand2         3 25.5     0   121    2131    (-,-) 
  const_mul_4262_72/g1916/z (u)     in_1->z F     unmapped_nand2         1  8.5     0    87    2218    (-,-) 
  const_mul_4262_72/g1915/z (u)     in_1->z R     unmapped_nand2         6 51.0     0   166    2385    (-,-) 
  const_mul_4262_72/g1911/z (u)     in_0->z F     unmapped_complex2      1  8.5     0    87    2472    (-,-) 
  const_mul_4262_72/g1905/z (u)     in_0->z R     unmapped_complex2      1  8.5     0    87    2559    (-,-) 
  const_mul_4262_72/g1899/z (u)     in_0->z F     unmapped_complex2      1  8.5     0    87    2646    (-,-) 
  const_mul_4262_72/g1888/z (u)     in_0->z R     unmapped_complex2      3 25.5     0   121    2767    (-,-) 
  const_mul_4262_72/g1862/z (u)     in_0->z F     unmapped_complex2      1  8.5     0    87    2854    (-,-) 
  const_mul_4262_72/g1856/z (u)     in_0->z R     unmapped_complex2      1  8.5     0    87    2941    (-,-) 
  const_mul_4262_72/g1850/z (u)     in_1->z F     unmapped_nand2         1  8.5     0    87    3028    (-,-) 
  const_mul_4262_72/g1842/z (u)     in_1->z R     unmapped_nand2         1  8.5     0    87    3116    (-,-) 
  const_mul_4262_72/g1834/z (u)     in_0->z F     unmapped_nand2         1  8.5     0    87    3203    (-,-) 
  const_mul_4262_72/g1829/z (u)     in_0->z R     unmapped_nand2         3 25.5     0   121    3324    (-,-) 
  const_mul_4262_72/g1825/z (u)     in_1->z F     unmapped_nand2         2 17.0     0   105    3429    (-,-) 
  const_mul_4262_72/g1823/z (u)     in_0->z F     unmapped_complex2      1  8.5     0    87    3516    (-,-) 
  const_mul_4262_72/g1822/z (u)     in_0->z R     unmapped_complex2      3 25.5     0   121    3637    (-,-) 
  const_mul_4262_72/g1814/z (u)     in_1->z F     unmapped_nand2         1  8.5     0    87    3724    (-,-) 
  const_mul_4262_72/g1812/z (u)     in_1->z R     unmapped_nand2         3 25.5     0   121    3845    (-,-) 
  const_mul_4262_72/g1807/z (u)     in_0->z F     unmapped_nand2         1  8.5     0    87    3932    (-,-) 
  const_mul_4262_72/g1806/z (u)     in_0->z R     unmapped_nand2         2 17.0     0   105    4037    (-,-) 
  const_mul_4262_72/g1804/z (u)     in_0->z R     unmapped_or2           1  8.5     0    87    4124    (-,-) 
  const_mul_4262_72/g1805/z (u)     in_1->z F     unmapped_nand2         1  8.5     0    87    4211    (-,-) 
  g26092/z                  (u)     in_1->z F     unmapped_or2           1  8.5     0    87    4298    (-,-) 
  g25956/z                  (u)     in_0->z R     unmapped_complex2      1  8.5     0    87    4386    (-,-) 
  g25867/z                  (u)     in_0->z F     unmapped_complex2      1  8.5     0    87    4473    (-,-) 
  g25669/z                  (u)     in_1->z R     unmapped_complex2      1  8.5     0    87    4560    (-,-) 
  g25578/z                  (u)     in_0->z F     unmapped_complex2      7 59.5     0   181    4740    (-,-) 
  g25520/z                  (u)     in_1->z F     unmapped_or2           2 17.0     0   105    4845    (-,-) 
  g28239/z                  (u)     in_1->z F     unmapped_complex2      1  8.5     0    87    4932    (-,-) 
  g25411/z                  (u)     in_1->z R     unmapped_nand2         1  8.5     0    87    5019    (-,-) 
  g25388/z                  (u)     in_1->z F     unmapped_nand2         1  8.5     0    87    5106    (-,-) 
  g25374/z                  (u)     in_0->z R     unmapped_nand2         1  8.5     0    87    5194    (-,-) 
  g25339/z                  (u)     in_0->z F     unmapped_nand2         1  8.5     0    87    5281    (-,-) 
  g25333/z                  (u)     in_0->z R     unmapped_nand2         1  8.5     0    87    5368    (-,-) 
  g28262/z                  (u)     in_0->z F     unmapped_complex2      1  8.5     0    87    5455    (-,-) 
  g28265/z                  (u)     in_0->z R     unmapped_complex2      1  8.5     0    87    5542    (-,-) 
  g28266/z                  (u)     in_0->z F     unmapped_complex2      1  8.5     0    87    5629    (-,-) 
  g25279/z                  (u)     in_1->z R     unmapped_nand2         8 68.0     0   191    5820    (-,-) 
  g25270/z                  (u)     in_0->z F     unmapped_complex2      8 68.0     0   191    6012    (-,-) 
  g25251/z                  (u)     in_0->z F     unmapped_complex2      1  8.5     0    87    6099    (-,-) 
  g25245/z                  (u)     in_0->z R     unmapped_complex2      1  8.5     0    87    6186    (-,-) 
  s_reg_13_reg[4]/d         -       -       R     unmapped_d_flop        1    -     -     0    6186    (-,-) 
#------------------------------------------------------------------------------------------------------------

(u) : Net has unmapped pin(s).



Path 5: MET (4573 ps) Setup Check with Pin s_reg_13_reg[3]/clk->d
          Group: C2C
     Startpoint: (R) s_reg_18_reg[6]/clk
          Clock: (R) clock
       Endpoint: (R) s_reg_13_reg[3]/d
          Clock: (R) clock

                     Capture       Launch     
        Clock Edge:+   11000            0     
       Src Latency:+       0            0     
       Net Latency:+       0 (I)        0 (I) 
           Arrival:=   11000            0     
                                              
             Setup:-     241                  
     Required Time:=   10759                  
      Launch Clock:-       0                  
         Data Path:-    6186                  
             Slack:=    4573                  

#------------------------------------------------------------------------------------------------------------
#       Timing Point        Flags    Arc    Edge       Cell         Fanout Load Trans Delay Arrival Instance 
#                                                                          (fF)  (ps)  (ps)   (ps)  Location 
#------------------------------------------------------------------------------------------------------------
  s_reg_18_reg[6]/clk       -       -       R     (arrival)            195    -     0     0       0    (-,-) 
  s_reg_18_reg[6]/q         (u)     clk->q  R     unmapped_d_flop       38 59.5     0   581     581    (-,-) 
  const_mul_4262_72/g2314/z (u)     in_0->z R     unmapped_complex2      1  8.5     0    87     668    (-,-) 
  const_mul_4262_72/g2315/z (u)     in_1->z F     unmapped_nand2         2 17.0     0   105     773    (-,-) 
  const_mul_4262_72/g2105/z (u)     in_0->z F     unmapped_complex2      1  8.5     0    87     860    (-,-) 
  const_mul_4262_72/g2106/z (u)     in_1->z R     unmapped_nand2         2 17.0     0   105     965    (-,-) 
  const_mul_4262_72/g2073/z (u)     in_0->z F     unmapped_complex2      2 17.0     0   105    1070    (-,-) 
  const_mul_4262_72/g2037/z (u)     in_1->z F     unmapped_complex2      1  8.5     0    87    1157    (-,-) 
  const_mul_4262_72/g2007/z (u)     in_0->z R     unmapped_complex2      1  8.5     0    87    1244    (-,-) 
  const_mul_4262_72/g1971/z (u)     in_1->z F     unmapped_nand2         1  8.5     0    87    1331    (-,-) 
  const_mul_4262_72/g1952/z (u)     in_1->z R     unmapped_nand2         1  8.5     0    87    1418    (-,-) 
  const_mul_4262_72/g1951/z (u)     in_0->z R     unmapped_complex2      1  8.5     0    87    1505    (-,-) 
  const_mul_4262_72/g1942/z (u)     in_0->z F     unmapped_complex2      2 17.0     0   105    1610    (-,-) 
  const_mul_4262_72/g1937/z (u)     in_0->z R     unmapped_complex2      2 17.0     0   105    1715    (-,-) 
  const_mul_4262_72/g1935/z (u)     in_0->z F     unmapped_complex2      1  8.5     0    87    1802    (-,-) 
  const_mul_4262_72/g1930/z (u)     in_0->z R     unmapped_complex2      3 25.5     0   121    1923    (-,-) 
  const_mul_4262_72/g1925/z (u)     in_1->z F     unmapped_nand2         1  8.5     0    87    2010    (-,-) 
  const_mul_4262_72/g1920/z (u)     in_1->z R     unmapped_nand2         3 25.5     0   121    2131    (-,-) 
  const_mul_4262_72/g1916/z (u)     in_1->z F     unmapped_nand2         1  8.5     0    87    2218    (-,-) 
  const_mul_4262_72/g1915/z (u)     in_1->z R     unmapped_nand2         6 51.0     0   166    2385    (-,-) 
  const_mul_4262_72/g1911/z (u)     in_0->z F     unmapped_complex2      1  8.5     0    87    2472    (-,-) 
  const_mul_4262_72/g1905/z (u)     in_0->z R     unmapped_complex2      1  8.5     0    87    2559    (-,-) 
  const_mul_4262_72/g1899/z (u)     in_0->z F     unmapped_complex2      1  8.5     0    87    2646    (-,-) 
  const_mul_4262_72/g1888/z (u)     in_0->z R     unmapped_complex2      3 25.5     0   121    2767    (-,-) 
  const_mul_4262_72/g1862/z (u)     in_0->z F     unmapped_complex2      1  8.5     0    87    2854    (-,-) 
  const_mul_4262_72/g1856/z (u)     in_0->z R     unmapped_complex2      1  8.5     0    87    2941    (-,-) 
  const_mul_4262_72/g1850/z (u)     in_1->z F     unmapped_nand2         1  8.5     0    87    3028    (-,-) 
  const_mul_4262_72/g1842/z (u)     in_1->z R     unmapped_nand2         1  8.5     0    87    3116    (-,-) 
  const_mul_4262_72/g1834/z (u)     in_0->z F     unmapped_nand2         1  8.5     0    87    3203    (-,-) 
  const_mul_4262_72/g1829/z (u)     in_0->z R     unmapped_nand2         3 25.5     0   121    3324    (-,-) 
  const_mul_4262_72/g1825/z (u)     in_1->z F     unmapped_nand2         2 17.0     0   105    3429    (-,-) 
  const_mul_4262_72/g1823/z (u)     in_0->z F     unmapped_complex2      1  8.5     0    87    3516    (-,-) 
  const_mul_4262_72/g1822/z (u)     in_0->z R     unmapped_complex2      3 25.5     0   121    3637    (-,-) 
  const_mul_4262_72/g1814/z (u)     in_1->z F     unmapped_nand2         1  8.5     0    87    3724    (-,-) 
  const_mul_4262_72/g1812/z (u)     in_1->z R     unmapped_nand2         3 25.5     0   121    3845    (-,-) 
  const_mul_4262_72/g1807/z (u)     in_0->z F     unmapped_nand2         1  8.5     0    87    3932    (-,-) 
  const_mul_4262_72/g1806/z (u)     in_0->z R     unmapped_nand2         2 17.0     0   105    4037    (-,-) 
  const_mul_4262_72/g1804/z (u)     in_0->z R     unmapped_or2           1  8.5     0    87    4124    (-,-) 
  const_mul_4262_72/g1805/z (u)     in_1->z F     unmapped_nand2         1  8.5     0    87    4211    (-,-) 
  g26092/z                  (u)     in_1->z F     unmapped_or2           1  8.5     0    87    4298    (-,-) 
  g25956/z                  (u)     in_0->z R     unmapped_complex2      1  8.5     0    87    4386    (-,-) 
  g25867/z                  (u)     in_0->z F     unmapped_complex2      1  8.5     0    87    4473    (-,-) 
  g25669/z                  (u)     in_1->z R     unmapped_complex2      1  8.5     0    87    4560    (-,-) 
  g25578/z                  (u)     in_0->z F     unmapped_complex2      7 59.5     0   181    4740    (-,-) 
  g25520/z                  (u)     in_1->z F     unmapped_or2           2 17.0     0   105    4845    (-,-) 
  g28239/z                  (u)     in_1->z F     unmapped_complex2      1  8.5     0    87    4932    (-,-) 
  g25411/z                  (u)     in_1->z R     unmapped_nand2         1  8.5     0    87    5019    (-,-) 
  g25388/z                  (u)     in_1->z F     unmapped_nand2         1  8.5     0    87    5106    (-,-) 
  g25374/z                  (u)     in_0->z R     unmapped_nand2         1  8.5     0    87    5194    (-,-) 
  g25339/z                  (u)     in_0->z F     unmapped_nand2         1  8.5     0    87    5281    (-,-) 
  g25333/z                  (u)     in_0->z R     unmapped_nand2         1  8.5     0    87    5368    (-,-) 
  g28262/z                  (u)     in_0->z F     unmapped_complex2      1  8.5     0    87    5455    (-,-) 
  g28265/z                  (u)     in_0->z R     unmapped_complex2      1  8.5     0    87    5542    (-,-) 
  g28266/z                  (u)     in_0->z F     unmapped_complex2      1  8.5     0    87    5629    (-,-) 
  g25279/z                  (u)     in_1->z R     unmapped_nand2         8 68.0     0   191    5820    (-,-) 
  g25270/z                  (u)     in_0->z F     unmapped_complex2      8 68.0     0   191    6012    (-,-) 
  g25257/z                  (u)     in_0->z F     unmapped_complex2      1  8.5     0    87    6099    (-,-) 
  g28277/z                  (u)     in_1->z R     unmapped_complex2      1  8.5     0    87    6186    (-,-) 
  s_reg_13_reg[3]/d         -       -       R     unmapped_d_flop        1    -     -     0    6186    (-,-) 
#------------------------------------------------------------------------------------------------------------

(u) : Net has unmapped pin(s).



Path 6: MET (4573 ps) Setup Check with Pin s_reg_13_reg[2]/clk->d
          Group: C2C
     Startpoint: (R) s_reg_18_reg[6]/clk
          Clock: (R) clock
       Endpoint: (R) s_reg_13_reg[2]/d
          Clock: (R) clock

                     Capture       Launch     
        Clock Edge:+   11000            0     
       Src Latency:+       0            0     
       Net Latency:+       0 (I)        0 (I) 
           Arrival:=   11000            0     
                                              
             Setup:-     241                  
     Required Time:=   10759                  
      Launch Clock:-       0                  
         Data Path:-    6186                  
             Slack:=    4573                  

#------------------------------------------------------------------------------------------------------------
#       Timing Point        Flags    Arc    Edge       Cell         Fanout Load Trans Delay Arrival Instance 
#                                                                          (fF)  (ps)  (ps)   (ps)  Location 
#------------------------------------------------------------------------------------------------------------
  s_reg_18_reg[6]/clk       -       -       R     (arrival)            195    -     0     0       0    (-,-) 
  s_reg_18_reg[6]/q         (u)     clk->q  R     unmapped_d_flop       38 59.5     0   581     581    (-,-) 
  const_mul_4262_72/g2314/z (u)     in_0->z R     unmapped_complex2      1  8.5     0    87     668    (-,-) 
  const_mul_4262_72/g2315/z (u)     in_1->z F     unmapped_nand2         2 17.0     0   105     773    (-,-) 
  const_mul_4262_72/g2105/z (u)     in_0->z F     unmapped_complex2      1  8.5     0    87     860    (-,-) 
  const_mul_4262_72/g2106/z (u)     in_1->z R     unmapped_nand2         2 17.0     0   105     965    (-,-) 
  const_mul_4262_72/g2073/z (u)     in_0->z F     unmapped_complex2      2 17.0     0   105    1070    (-,-) 
  const_mul_4262_72/g2037/z (u)     in_1->z F     unmapped_complex2      1  8.5     0    87    1157    (-,-) 
  const_mul_4262_72/g2007/z (u)     in_0->z R     unmapped_complex2      1  8.5     0    87    1244    (-,-) 
  const_mul_4262_72/g1971/z (u)     in_1->z F     unmapped_nand2         1  8.5     0    87    1331    (-,-) 
  const_mul_4262_72/g1952/z (u)     in_1->z R     unmapped_nand2         1  8.5     0    87    1418    (-,-) 
  const_mul_4262_72/g1951/z (u)     in_0->z R     unmapped_complex2      1  8.5     0    87    1505    (-,-) 
  const_mul_4262_72/g1942/z (u)     in_0->z F     unmapped_complex2      2 17.0     0   105    1610    (-,-) 
  const_mul_4262_72/g1937/z (u)     in_0->z R     unmapped_complex2      2 17.0     0   105    1715    (-,-) 
  const_mul_4262_72/g1935/z (u)     in_0->z F     unmapped_complex2      1  8.5     0    87    1802    (-,-) 
  const_mul_4262_72/g1930/z (u)     in_0->z R     unmapped_complex2      3 25.5     0   121    1923    (-,-) 
  const_mul_4262_72/g1925/z (u)     in_1->z F     unmapped_nand2         1  8.5     0    87    2010    (-,-) 
  const_mul_4262_72/g1920/z (u)     in_1->z R     unmapped_nand2         3 25.5     0   121    2131    (-,-) 
  const_mul_4262_72/g1916/z (u)     in_1->z F     unmapped_nand2         1  8.5     0    87    2218    (-,-) 
  const_mul_4262_72/g1915/z (u)     in_1->z R     unmapped_nand2         6 51.0     0   166    2385    (-,-) 
  const_mul_4262_72/g1911/z (u)     in_0->z F     unmapped_complex2      1  8.5     0    87    2472    (-,-) 
  const_mul_4262_72/g1905/z (u)     in_0->z R     unmapped_complex2      1  8.5     0    87    2559    (-,-) 
  const_mul_4262_72/g1899/z (u)     in_0->z F     unmapped_complex2      1  8.5     0    87    2646    (-,-) 
  const_mul_4262_72/g1888/z (u)     in_0->z R     unmapped_complex2      3 25.5     0   121    2767    (-,-) 
  const_mul_4262_72/g1862/z (u)     in_0->z F     unmapped_complex2      1  8.5     0    87    2854    (-,-) 
  const_mul_4262_72/g1856/z (u)     in_0->z R     unmapped_complex2      1  8.5     0    87    2941    (-,-) 
  const_mul_4262_72/g1850/z (u)     in_1->z F     unmapped_nand2         1  8.5     0    87    3028    (-,-) 
  const_mul_4262_72/g1842/z (u)     in_1->z R     unmapped_nand2         1  8.5     0    87    3116    (-,-) 
  const_mul_4262_72/g1834/z (u)     in_0->z F     unmapped_nand2         1  8.5     0    87    3203    (-,-) 
  const_mul_4262_72/g1829/z (u)     in_0->z R     unmapped_nand2         3 25.5     0   121    3324    (-,-) 
  const_mul_4262_72/g1825/z (u)     in_1->z F     unmapped_nand2         2 17.0     0   105    3429    (-,-) 
  const_mul_4262_72/g1823/z (u)     in_0->z F     unmapped_complex2      1  8.5     0    87    3516    (-,-) 
  const_mul_4262_72/g1822/z (u)     in_0->z R     unmapped_complex2      3 25.5     0   121    3637    (-,-) 
  const_mul_4262_72/g1814/z (u)     in_1->z F     unmapped_nand2         1  8.5     0    87    3724    (-,-) 
  const_mul_4262_72/g1812/z (u)     in_1->z R     unmapped_nand2         3 25.5     0   121    3845    (-,-) 
  const_mul_4262_72/g1807/z (u)     in_0->z F     unmapped_nand2         1  8.5     0    87    3932    (-,-) 
  const_mul_4262_72/g1806/z (u)     in_0->z R     unmapped_nand2         2 17.0     0   105    4037    (-,-) 
  const_mul_4262_72/g1804/z (u)     in_0->z R     unmapped_or2           1  8.5     0    87    4124    (-,-) 
  const_mul_4262_72/g1805/z (u)     in_1->z F     unmapped_nand2         1  8.5     0    87    4211    (-,-) 
  g26092/z                  (u)     in_1->z F     unmapped_or2           1  8.5     0    87    4298    (-,-) 
  g25956/z                  (u)     in_0->z R     unmapped_complex2      1  8.5     0    87    4386    (-,-) 
  g25867/z                  (u)     in_0->z F     unmapped_complex2      1  8.5     0    87    4473    (-,-) 
  g25669/z                  (u)     in_1->z R     unmapped_complex2      1  8.5     0    87    4560    (-,-) 
  g25578/z                  (u)     in_0->z F     unmapped_complex2      7 59.5     0   181    4740    (-,-) 
  g25520/z                  (u)     in_1->z F     unmapped_or2           2 17.0     0   105    4845    (-,-) 
  g28239/z                  (u)     in_1->z F     unmapped_complex2      1  8.5     0    87    4932    (-,-) 
  g25411/z                  (u)     in_1->z R     unmapped_nand2         1  8.5     0    87    5019    (-,-) 
  g25388/z                  (u)     in_1->z F     unmapped_nand2         1  8.5     0    87    5106    (-,-) 
  g25374/z                  (u)     in_0->z R     unmapped_nand2         1  8.5     0    87    5194    (-,-) 
  g25339/z                  (u)     in_0->z F     unmapped_nand2         1  8.5     0    87    5281    (-,-) 
  g25333/z                  (u)     in_0->z R     unmapped_nand2         1  8.5     0    87    5368    (-,-) 
  g28262/z                  (u)     in_0->z F     unmapped_complex2      1  8.5     0    87    5455    (-,-) 
  g28265/z                  (u)     in_0->z R     unmapped_complex2      1  8.5     0    87    5542    (-,-) 
  g28266/z                  (u)     in_0->z F     unmapped_complex2      1  8.5     0    87    5629    (-,-) 
  g25279/z                  (u)     in_1->z R     unmapped_nand2         8 68.0     0   191    5820    (-,-) 
  g25270/z                  (u)     in_0->z F     unmapped_complex2      8 68.0     0   191    6012    (-,-) 
  g25260/z                  (u)     in_0->z F     unmapped_complex2      1  8.5     0    87    6099    (-,-) 
  g28275/z                  (u)     in_1->z R     unmapped_complex2      1  8.5     0    87    6186    (-,-) 
  s_reg_13_reg[2]/d         -       -       R     unmapped_d_flop        1    -     -     0    6186    (-,-) 
#------------------------------------------------------------------------------------------------------------

(u) : Net has unmapped pin(s).



Path 7: MET (4573 ps) Setup Check with Pin s_reg_13_reg[1]/clk->d
          Group: C2C
     Startpoint: (R) s_reg_18_reg[6]/clk
          Clock: (R) clock
       Endpoint: (R) s_reg_13_reg[1]/d
          Clock: (R) clock

                     Capture       Launch     
        Clock Edge:+   11000            0     
       Src Latency:+       0            0     
       Net Latency:+       0 (I)        0 (I) 
           Arrival:=   11000            0     
                                              
             Setup:-     241                  
     Required Time:=   10759                  
      Launch Clock:-       0                  
         Data Path:-    6186                  
             Slack:=    4573                  

#------------------------------------------------------------------------------------------------------------
#       Timing Point        Flags    Arc    Edge       Cell         Fanout Load Trans Delay Arrival Instance 
#                                                                          (fF)  (ps)  (ps)   (ps)  Location 
#------------------------------------------------------------------------------------------------------------
  s_reg_18_reg[6]/clk       -       -       R     (arrival)            195    -     0     0       0    (-,-) 
  s_reg_18_reg[6]/q         (u)     clk->q  R     unmapped_d_flop       38 59.5     0   581     581    (-,-) 
  const_mul_4262_72/g2314/z (u)     in_0->z R     unmapped_complex2      1  8.5     0    87     668    (-,-) 
  const_mul_4262_72/g2315/z (u)     in_1->z F     unmapped_nand2         2 17.0     0   105     773    (-,-) 
  const_mul_4262_72/g2105/z (u)     in_0->z F     unmapped_complex2      1  8.5     0    87     860    (-,-) 
  const_mul_4262_72/g2106/z (u)     in_1->z R     unmapped_nand2         2 17.0     0   105     965    (-,-) 
  const_mul_4262_72/g2073/z (u)     in_0->z F     unmapped_complex2      2 17.0     0   105    1070    (-,-) 
  const_mul_4262_72/g2037/z (u)     in_1->z F     unmapped_complex2      1  8.5     0    87    1157    (-,-) 
  const_mul_4262_72/g2007/z (u)     in_0->z R     unmapped_complex2      1  8.5     0    87    1244    (-,-) 
  const_mul_4262_72/g1971/z (u)     in_1->z F     unmapped_nand2         1  8.5     0    87    1331    (-,-) 
  const_mul_4262_72/g1952/z (u)     in_1->z R     unmapped_nand2         1  8.5     0    87    1418    (-,-) 
  const_mul_4262_72/g1951/z (u)     in_0->z R     unmapped_complex2      1  8.5     0    87    1505    (-,-) 
  const_mul_4262_72/g1942/z (u)     in_0->z F     unmapped_complex2      2 17.0     0   105    1610    (-,-) 
  const_mul_4262_72/g1937/z (u)     in_0->z R     unmapped_complex2      2 17.0     0   105    1715    (-,-) 
  const_mul_4262_72/g1935/z (u)     in_0->z F     unmapped_complex2      1  8.5     0    87    1802    (-,-) 
  const_mul_4262_72/g1930/z (u)     in_0->z R     unmapped_complex2      3 25.5     0   121    1923    (-,-) 
  const_mul_4262_72/g1925/z (u)     in_1->z F     unmapped_nand2         1  8.5     0    87    2010    (-,-) 
  const_mul_4262_72/g1920/z (u)     in_1->z R     unmapped_nand2         3 25.5     0   121    2131    (-,-) 
  const_mul_4262_72/g1916/z (u)     in_1->z F     unmapped_nand2         1  8.5     0    87    2218    (-,-) 
  const_mul_4262_72/g1915/z (u)     in_1->z R     unmapped_nand2         6 51.0     0   166    2385    (-,-) 
  const_mul_4262_72/g1911/z (u)     in_0->z F     unmapped_complex2      1  8.5     0    87    2472    (-,-) 
  const_mul_4262_72/g1905/z (u)     in_0->z R     unmapped_complex2      1  8.5     0    87    2559    (-,-) 
  const_mul_4262_72/g1899/z (u)     in_0->z F     unmapped_complex2      1  8.5     0    87    2646    (-,-) 
  const_mul_4262_72/g1888/z (u)     in_0->z R     unmapped_complex2      3 25.5     0   121    2767    (-,-) 
  const_mul_4262_72/g1862/z (u)     in_0->z F     unmapped_complex2      1  8.5     0    87    2854    (-,-) 
  const_mul_4262_72/g1856/z (u)     in_0->z R     unmapped_complex2      1  8.5     0    87    2941    (-,-) 
  const_mul_4262_72/g1850/z (u)     in_1->z F     unmapped_nand2         1  8.5     0    87    3028    (-,-) 
  const_mul_4262_72/g1842/z (u)     in_1->z R     unmapped_nand2         1  8.5     0    87    3116    (-,-) 
  const_mul_4262_72/g1834/z (u)     in_0->z F     unmapped_nand2         1  8.5     0    87    3203    (-,-) 
  const_mul_4262_72/g1829/z (u)     in_0->z R     unmapped_nand2         3 25.5     0   121    3324    (-,-) 
  const_mul_4262_72/g1825/z (u)     in_1->z F     unmapped_nand2         2 17.0     0   105    3429    (-,-) 
  const_mul_4262_72/g1823/z (u)     in_0->z F     unmapped_complex2      1  8.5     0    87    3516    (-,-) 
  const_mul_4262_72/g1822/z (u)     in_0->z R     unmapped_complex2      3 25.5     0   121    3637    (-,-) 
  const_mul_4262_72/g1814/z (u)     in_1->z F     unmapped_nand2         1  8.5     0    87    3724    (-,-) 
  const_mul_4262_72/g1812/z (u)     in_1->z R     unmapped_nand2         3 25.5     0   121    3845    (-,-) 
  const_mul_4262_72/g1807/z (u)     in_0->z F     unmapped_nand2         1  8.5     0    87    3932    (-,-) 
  const_mul_4262_72/g1806/z (u)     in_0->z R     unmapped_nand2         2 17.0     0   105    4037    (-,-) 
  const_mul_4262_72/g1804/z (u)     in_0->z R     unmapped_or2           1  8.5     0    87    4124    (-,-) 
  const_mul_4262_72/g1805/z (u)     in_1->z F     unmapped_nand2         1  8.5     0    87    4211    (-,-) 
  g26092/z                  (u)     in_1->z F     unmapped_or2           1  8.5     0    87    4298    (-,-) 
  g25956/z                  (u)     in_0->z R     unmapped_complex2      1  8.5     0    87    4386    (-,-) 
  g25867/z                  (u)     in_0->z F     unmapped_complex2      1  8.5     0    87    4473    (-,-) 
  g25669/z                  (u)     in_1->z R     unmapped_complex2      1  8.5     0    87    4560    (-,-) 
  g25578/z                  (u)     in_0->z F     unmapped_complex2      7 59.5     0   181    4740    (-,-) 
  g25520/z                  (u)     in_1->z F     unmapped_or2           2 17.0     0   105    4845    (-,-) 
  g28239/z                  (u)     in_1->z F     unmapped_complex2      1  8.5     0    87    4932    (-,-) 
  g25411/z                  (u)     in_1->z R     unmapped_nand2         1  8.5     0    87    5019    (-,-) 
  g25388/z                  (u)     in_1->z F     unmapped_nand2         1  8.5     0    87    5106    (-,-) 
  g25374/z                  (u)     in_0->z R     unmapped_nand2         1  8.5     0    87    5194    (-,-) 
  g25339/z                  (u)     in_0->z F     unmapped_nand2         1  8.5     0    87    5281    (-,-) 
  g25333/z                  (u)     in_0->z R     unmapped_nand2         1  8.5     0    87    5368    (-,-) 
  g28262/z                  (u)     in_0->z F     unmapped_complex2      1  8.5     0    87    5455    (-,-) 
  g28265/z                  (u)     in_0->z R     unmapped_complex2      1  8.5     0    87    5542    (-,-) 
  g28266/z                  (u)     in_0->z F     unmapped_complex2      1  8.5     0    87    5629    (-,-) 
  g25279/z                  (u)     in_1->z R     unmapped_nand2         8 68.0     0   191    5820    (-,-) 
  g25270/z                  (u)     in_0->z F     unmapped_complex2      8 68.0     0   191    6012    (-,-) 
  g25265/z                  (u)     in_0->z F     unmapped_complex2      1  8.5     0    87    6099    (-,-) 
  g25242/z                  (u)     in_0->z R     unmapped_complex2      1  8.5     0    87    6186    (-,-) 
  s_reg_13_reg[1]/d         -       -       R     unmapped_d_flop        1    -     -     0    6186    (-,-) 
#------------------------------------------------------------------------------------------------------------

(u) : Net has unmapped pin(s).



Path 8: MET (4573 ps) Setup Check with Pin s_reg_13_reg[0]/clk->d
          Group: C2C
     Startpoint: (R) s_reg_18_reg[6]/clk
          Clock: (R) clock
       Endpoint: (R) s_reg_13_reg[0]/d
          Clock: (R) clock

                     Capture       Launch     
        Clock Edge:+   11000            0     
       Src Latency:+       0            0     
       Net Latency:+       0 (I)        0 (I) 
           Arrival:=   11000            0     
                                              
             Setup:-     241                  
     Required Time:=   10759                  
      Launch Clock:-       0                  
         Data Path:-    6186                  
             Slack:=    4573                  

#------------------------------------------------------------------------------------------------------------
#       Timing Point        Flags    Arc    Edge       Cell         Fanout Load Trans Delay Arrival Instance 
#                                                                          (fF)  (ps)  (ps)   (ps)  Location 
#------------------------------------------------------------------------------------------------------------
  s_reg_18_reg[6]/clk       -       -       R     (arrival)            195    -     0     0       0    (-,-) 
  s_reg_18_reg[6]/q         (u)     clk->q  R     unmapped_d_flop       38 59.5     0   581     581    (-,-) 
  const_mul_4262_72/g2314/z (u)     in_0->z R     unmapped_complex2      1  8.5     0    87     668    (-,-) 
  const_mul_4262_72/g2315/z (u)     in_1->z F     unmapped_nand2         2 17.0     0   105     773    (-,-) 
  const_mul_4262_72/g2105/z (u)     in_0->z F     unmapped_complex2      1  8.5     0    87     860    (-,-) 
  const_mul_4262_72/g2106/z (u)     in_1->z R     unmapped_nand2         2 17.0     0   105     965    (-,-) 
  const_mul_4262_72/g2073/z (u)     in_0->z F     unmapped_complex2      2 17.0     0   105    1070    (-,-) 
  const_mul_4262_72/g2037/z (u)     in_1->z F     unmapped_complex2      1  8.5     0    87    1157    (-,-) 
  const_mul_4262_72/g2007/z (u)     in_0->z R     unmapped_complex2      1  8.5     0    87    1244    (-,-) 
  const_mul_4262_72/g1971/z (u)     in_1->z F     unmapped_nand2         1  8.5     0    87    1331    (-,-) 
  const_mul_4262_72/g1952/z (u)     in_1->z R     unmapped_nand2         1  8.5     0    87    1418    (-,-) 
  const_mul_4262_72/g1951/z (u)     in_0->z R     unmapped_complex2      1  8.5     0    87    1505    (-,-) 
  const_mul_4262_72/g1942/z (u)     in_0->z F     unmapped_complex2      2 17.0     0   105    1610    (-,-) 
  const_mul_4262_72/g1937/z (u)     in_0->z R     unmapped_complex2      2 17.0     0   105    1715    (-,-) 
  const_mul_4262_72/g1935/z (u)     in_0->z F     unmapped_complex2      1  8.5     0    87    1802    (-,-) 
  const_mul_4262_72/g1930/z (u)     in_0->z R     unmapped_complex2      3 25.5     0   121    1923    (-,-) 
  const_mul_4262_72/g1925/z (u)     in_1->z F     unmapped_nand2         1  8.5     0    87    2010    (-,-) 
  const_mul_4262_72/g1920/z (u)     in_1->z R     unmapped_nand2         3 25.5     0   121    2131    (-,-) 
  const_mul_4262_72/g1916/z (u)     in_1->z F     unmapped_nand2         1  8.5     0    87    2218    (-,-) 
  const_mul_4262_72/g1915/z (u)     in_1->z R     unmapped_nand2         6 51.0     0   166    2385    (-,-) 
  const_mul_4262_72/g1911/z (u)     in_0->z F     unmapped_complex2      1  8.5     0    87    2472    (-,-) 
  const_mul_4262_72/g1905/z (u)     in_0->z R     unmapped_complex2      1  8.5     0    87    2559    (-,-) 
  const_mul_4262_72/g1899/z (u)     in_0->z F     unmapped_complex2      1  8.5     0    87    2646    (-,-) 
  const_mul_4262_72/g1888/z (u)     in_0->z R     unmapped_complex2      3 25.5     0   121    2767    (-,-) 
  const_mul_4262_72/g1862/z (u)     in_0->z F     unmapped_complex2      1  8.5     0    87    2854    (-,-) 
  const_mul_4262_72/g1856/z (u)     in_0->z R     unmapped_complex2      1  8.5     0    87    2941    (-,-) 
  const_mul_4262_72/g1850/z (u)     in_1->z F     unmapped_nand2         1  8.5     0    87    3028    (-,-) 
  const_mul_4262_72/g1842/z (u)     in_1->z R     unmapped_nand2         1  8.5     0    87    3116    (-,-) 
  const_mul_4262_72/g1834/z (u)     in_0->z F     unmapped_nand2         1  8.5     0    87    3203    (-,-) 
  const_mul_4262_72/g1829/z (u)     in_0->z R     unmapped_nand2         3 25.5     0   121    3324    (-,-) 
  const_mul_4262_72/g1825/z (u)     in_1->z F     unmapped_nand2         2 17.0     0   105    3429    (-,-) 
  const_mul_4262_72/g1823/z (u)     in_0->z F     unmapped_complex2      1  8.5     0    87    3516    (-,-) 
  const_mul_4262_72/g1822/z (u)     in_0->z R     unmapped_complex2      3 25.5     0   121    3637    (-,-) 
  const_mul_4262_72/g1814/z (u)     in_1->z F     unmapped_nand2         1  8.5     0    87    3724    (-,-) 
  const_mul_4262_72/g1812/z (u)     in_1->z R     unmapped_nand2         3 25.5     0   121    3845    (-,-) 
  const_mul_4262_72/g1807/z (u)     in_0->z F     unmapped_nand2         1  8.5     0    87    3932    (-,-) 
  const_mul_4262_72/g1806/z (u)     in_0->z R     unmapped_nand2         2 17.0     0   105    4037    (-,-) 
  const_mul_4262_72/g1804/z (u)     in_0->z R     unmapped_or2           1  8.5     0    87    4124    (-,-) 
  const_mul_4262_72/g1805/z (u)     in_1->z F     unmapped_nand2         1  8.5     0    87    4211    (-,-) 
  g26092/z                  (u)     in_1->z F     unmapped_or2           1  8.5     0    87    4298    (-,-) 
  g25956/z                  (u)     in_0->z R     unmapped_complex2      1  8.5     0    87    4386    (-,-) 
  g25867/z                  (u)     in_0->z F     unmapped_complex2      1  8.5     0    87    4473    (-,-) 
  g25669/z                  (u)     in_1->z R     unmapped_complex2      1  8.5     0    87    4560    (-,-) 
  g25578/z                  (u)     in_0->z F     unmapped_complex2      7 59.5     0   181    4740    (-,-) 
  g25520/z                  (u)     in_1->z F     unmapped_or2           2 17.0     0   105    4845    (-,-) 
  g28239/z                  (u)     in_1->z F     unmapped_complex2      1  8.5     0    87    4932    (-,-) 
  g25411/z                  (u)     in_1->z R     unmapped_nand2         1  8.5     0    87    5019    (-,-) 
  g25388/z                  (u)     in_1->z F     unmapped_nand2         1  8.5     0    87    5106    (-,-) 
  g25374/z                  (u)     in_0->z R     unmapped_nand2         1  8.5     0    87    5194    (-,-) 
  g25339/z                  (u)     in_0->z F     unmapped_nand2         1  8.5     0    87    5281    (-,-) 
  g25333/z                  (u)     in_0->z R     unmapped_nand2         1  8.5     0    87    5368    (-,-) 
  g28262/z                  (u)     in_0->z F     unmapped_complex2      1  8.5     0    87    5455    (-,-) 
  g28265/z                  (u)     in_0->z R     unmapped_complex2      1  8.5     0    87    5542    (-,-) 
  g28266/z                  (u)     in_0->z F     unmapped_complex2      1  8.5     0    87    5629    (-,-) 
  g25279/z                  (u)     in_1->z R     unmapped_nand2         8 68.0     0   191    5820    (-,-) 
  g25270/z                  (u)     in_0->z F     unmapped_complex2      8 68.0     0   191    6012    (-,-) 
  g25258/z                  (u)     in_0->z F     unmapped_complex2      1  8.5     0    87    6099    (-,-) 
  g25241/z                  (u)     in_0->z R     unmapped_complex2      1  8.5     0    87    6186    (-,-) 
  s_reg_13_reg[0]/d         -       -       R     unmapped_d_flop        1    -     -     0    6186    (-,-) 
#------------------------------------------------------------------------------------------------------------

(u) : Net has unmapped pin(s).



Path 9: MET (5251 ps) Setup Check with Pin s_reg_18_reg[31]/clk->d
          Group: C2C
     Startpoint: (R) gs_ctrl_proc_h4000000000000_reg/clk
          Clock: (R) clock
       Endpoint: (R) s_reg_18_reg[31]/d
          Clock: (R) clock

                     Capture       Launch     
        Clock Edge:+   11000            0     
       Src Latency:+       0            0     
       Net Latency:+       0 (I)        0 (I) 
           Arrival:=   11000            0     
                                              
             Setup:-     241                  
     Required Time:=   10759                  
      Launch Clock:-       0                  
         Data Path:-    5508                  
             Slack:=    5251                  

#-----------------------------------------------------------------------------------------------------------------------
#            Timing Point              Flags    Arc    Edge       Cell         Fanout Load Trans Delay Arrival Instance 
#                                                                                     (fF)  (ps)  (ps)   (ps)  Location 
#-----------------------------------------------------------------------------------------------------------------------
  gs_ctrl_proc_h4000000000000_reg/clk  -       -       R     (arrival)            195    -     0     0       0    (-,-) 
  gs_ctrl_proc_h4000000000000_reg/q    (u)     clk->q  R     unmapped_d_flop        5 42.5     0   480     480    (-,-) 
  g13505/z                             (u)     in_1->z R     unmapped_or2           1  8.5     0    87     567    (-,-) 
  g13506/z                             (u)     in_1->z F     unmapped_nand2         8 68.0     0   191     759    (-,-) 
  g13484/z                             (u)     in_0->z R     unmapped_nand2         1  8.5     0    87     846    (-,-) 
  g13456/z                             (u)     in_1->z F     unmapped_complex2      8 68.0     0   191    1037    (-,-) 
  csa_tree_mul_4306_112/g1120/z        (u)     in_0->z R     unmapped_nand2         4 34.0     0   138    1175    (-,-) 
  csa_tree_mul_4306_112/g1004/z        (u)     in_1->z R     unmapped_or2           1  8.5     0    87    1262    (-,-) 
  csa_tree_mul_4306_112/g1005/z        (u)     in_1->z F     unmapped_nand2         2 17.0     0   105    1366    (-,-) 
  csa_tree_mul_4306_112/g941/z         (u)     in_0->z F     unmapped_or2           1  8.5     0    87    1454    (-,-) 
  csa_tree_mul_4306_112/g942/z         (u)     in_1->z R     unmapped_nand2         4 34.0     0   138    1591    (-,-) 
  csa_tree_mul_4306_112/g904/z         (u)     in_1->z F     unmapped_complex2      1  8.5     0    87    1678    (-,-) 
  csa_tree_mul_4306_112/g905/z         (u)     in_1->z R     unmapped_nand2         2 17.0     0   105    1783    (-,-) 
  csa_tree_mul_4306_112/g757/z         (u)     in_1->z R     unmapped_complex2      1  8.5     0    87    1870    (-,-) 
  csa_tree_mul_4306_112/g758/z         (u)     in_1->z F     unmapped_nand2         4 34.0     0   138    2008    (-,-) 
  csa_tree_mul_4306_112/g753/z         (u)     in_0->z R     unmapped_complex2      1  8.5     0    87    2095    (-,-) 
  csa_tree_mul_4306_112/g754/z         (u)     in_1->z F     unmapped_nand2         2 17.0     0   105    2200    (-,-) 
  csa_tree_mul_4306_112/g733/z         (u)     in_0->z F     unmapped_complex2      1  8.5     0    87    2287    (-,-) 
  csa_tree_mul_4306_112/g734/z         (u)     in_1->z R     unmapped_nand2         1  8.5     0    87    2374    (-,-) 
  CDN_CARRYSAVE_MUX_GROUPi3401/g3478/z (u)     in_1->z R     unmapped_and2          3 25.5     0   121    2495    (-,-) 
  csa_tree_add_3739_54_groupi/g1989/z  (u)     in_1->z F     unmapped_complex2      1  8.5     0    87    2582    (-,-) 
  csa_tree_add_3739_54_groupi/g1990/z  (u)     in_1->z R     unmapped_nand2         2 17.0     0   105    2687    (-,-) 
  csa_tree_add_3739_54_groupi/g1911/z  (u)     in_0->z R     unmapped_complex2      1  8.5     0    87    2774    (-,-) 
  csa_tree_add_3739_54_groupi/g1912/z  (u)     in_1->z F     unmapped_nand2         2 17.0     0   105    2879    (-,-) 
  csa_tree_add_3739_54_groupi/g1796/z  (u)     in_1->z F     unmapped_or2           3 25.5     0   121    3000    (-,-) 
  csa_tree_add_3739_54_groupi/g1754/z  (u)     in_1->z R     unmapped_complex2      1  8.5     0    87    3087    (-,-) 
  csa_tree_add_3739_54_groupi/g1741/z  (u)     in_0->z F     unmapped_nand2         2 17.0     0   105    3192    (-,-) 
  csa_tree_add_3739_54_groupi/g1735/z  (u)     in_1->z R     unmapped_nand2         1  8.5     0    87    3279    (-,-) 
  csa_tree_add_3739_54_groupi/g1729/z  (u)     in_0->z F     unmapped_nand2         1  8.5     0    87    3366    (-,-) 
  csa_tree_add_3739_54_groupi/g1727/z  (u)     in_1->z R     unmapped_nand2         1  8.5     0    87    3453    (-,-) 
  csa_tree_add_3739_54_groupi/g1724/z  (u)     in_0->z F     unmapped_nand2         1  8.5     0    87    3540    (-,-) 
  csa_tree_add_3739_54_groupi/g1691/z  (u)     in_1->z F     unmapped_complex2      4 34.0     0   138    3678    (-,-) 
  csa_tree_add_3739_54_groupi/g1677/z  (u)     in_0->z R     unmapped_complex2      1  8.5     0    87    3765    (-,-) 
  csa_tree_add_3739_54_groupi/g1676/z  (u)     in_0->z F     unmapped_complex2      3 25.5     0   121    3886    (-,-) 
  csa_tree_add_3739_54_groupi/g1673/z  (u)     in_1->z R     unmapped_nand2         1  8.5     0    87    3973    (-,-) 
  csa_tree_add_3739_54_groupi/g1663/z  (u)     in_1->z F     unmapped_nand2         3 25.5     0   121    4095    (-,-) 
  csa_tree_add_3739_54_groupi/g1662/z  (u)     in_1->z R     unmapped_nand2         1  8.5     0    87    4182    (-,-) 
  csa_tree_add_3739_54_groupi/g1658/z  (u)     in_1->z F     unmapped_nand2         6 51.0     0   166    4348    (-,-) 
  csa_tree_add_3739_54_groupi/g1654/z  (u)     in_0->z R     unmapped_complex2      2 17.0     0   105    4453    (-,-) 
  csa_tree_add_3739_54_groupi/g1649/z  (u)     in_0->z F     unmapped_complex2      6 51.0     0   166    4619    (-,-) 
  csa_tree_add_3739_54_groupi/g1640/z  (u)     in_0->z R     unmapped_complex2      1  8.5     0    87    4706    (-,-) 
  csa_tree_add_3739_54_groupi/g1621/z  (u)     in_1->z F     unmapped_nand2         1  8.5     0    87    4793    (-,-) 
  csa_tree_add_3739_54_groupi/g1603/z  (u)     in_1->z R     unmapped_nand2         1  8.5     0    87    4880    (-,-) 
  csa_tree_add_3739_54_groupi/g1586/z  (u)     in_0->z F     unmapped_complex2      1  8.5     0    87    4968    (-,-) 
  csa_tree_add_3739_54_groupi/g1585/z  (u)     in_0->z R     unmapped_nand2         1  8.5     0    87    5055    (-,-) 
  csa_tree_add_3739_54_groupi/g1578/z  (u)     in_0->z F     unmapped_nand2         2 17.0     0   105    5159    (-,-) 
  csa_tree_add_3739_54_groupi/g1576/z  (u)     in_0->z F     unmapped_or2           1  8.5     0    87    5246    (-,-) 
  csa_tree_add_3739_54_groupi/g1577/z  (u)     in_1->z R     unmapped_nand2         1  8.5     0    87    5334    (-,-) 
  g26871/z                             (u)     in_1->z F     unmapped_nand2         1  8.5     0    87    5421    (-,-) 
  g25807/z                             (u)     in_1->z R     unmapped_nand2         1  8.5     0    87    5508    (-,-) 
  s_reg_18_reg[31]/d                   -       -       R     unmapped_d_flop        1    -     -     0    5508    (-,-) 
#-----------------------------------------------------------------------------------------------------------------------

(u) : Net has unmapped pin(s).



Path 10: MET (5391 ps) Setup Check with Pin s_reg_18_reg[27]/clk->d
          Group: C2C
     Startpoint: (R) gs_ctrl_proc_h4000000000000_reg/clk
          Clock: (R) clock
       Endpoint: (R) s_reg_18_reg[27]/d
          Clock: (R) clock

                     Capture       Launch     
        Clock Edge:+   11000            0     
       Src Latency:+       0            0     
       Net Latency:+       0 (I)        0 (I) 
           Arrival:=   11000            0     
                                              
             Setup:-     241                  
     Required Time:=   10759                  
      Launch Clock:-       0                  
         Data Path:-    5368                  
             Slack:=    5391                  

#-----------------------------------------------------------------------------------------------------------------------
#            Timing Point              Flags    Arc    Edge       Cell         Fanout Load Trans Delay Arrival Instance 
#                                                                                     (fF)  (ps)  (ps)   (ps)  Location 
#-----------------------------------------------------------------------------------------------------------------------
  gs_ctrl_proc_h4000000000000_reg/clk  -       -       R     (arrival)            195    -     0     0       0    (-,-) 
  gs_ctrl_proc_h4000000000000_reg/q    (u)     clk->q  R     unmapped_d_flop        5 42.5     0   480     480    (-,-) 
  g13505/z                             (u)     in_1->z R     unmapped_or2           1  8.5     0    87     567    (-,-) 
  g13506/z                             (u)     in_1->z F     unmapped_nand2         8 68.0     0   191     759    (-,-) 
  g13484/z                             (u)     in_0->z R     unmapped_nand2         1  8.5     0    87     846    (-,-) 
  g13456/z                             (u)     in_1->z F     unmapped_complex2      8 68.0     0   191    1037    (-,-) 
  csa_tree_mul_4306_112/g1120/z        (u)     in_0->z R     unmapped_nand2         4 34.0     0   138    1175    (-,-) 
  csa_tree_mul_4306_112/g1004/z        (u)     in_1->z R     unmapped_or2           1  8.5     0    87    1262    (-,-) 
  csa_tree_mul_4306_112/g1005/z        (u)     in_1->z F     unmapped_nand2         2 17.0     0   105    1366    (-,-) 
  csa_tree_mul_4306_112/g941/z         (u)     in_0->z F     unmapped_or2           1  8.5     0    87    1454    (-,-) 
  csa_tree_mul_4306_112/g942/z         (u)     in_1->z R     unmapped_nand2         4 34.0     0   138    1591    (-,-) 
  csa_tree_mul_4306_112/g904/z         (u)     in_1->z F     unmapped_complex2      1  8.5     0    87    1678    (-,-) 
  csa_tree_mul_4306_112/g905/z         (u)     in_1->z R     unmapped_nand2         2 17.0     0   105    1783    (-,-) 
  csa_tree_mul_4306_112/g757/z         (u)     in_1->z R     unmapped_complex2      1  8.5     0    87    1870    (-,-) 
  csa_tree_mul_4306_112/g758/z         (u)     in_1->z F     unmapped_nand2         4 34.0     0   138    2008    (-,-) 
  csa_tree_mul_4306_112/g753/z         (u)     in_0->z R     unmapped_complex2      1  8.5     0    87    2095    (-,-) 
  csa_tree_mul_4306_112/g754/z         (u)     in_1->z F     unmapped_nand2         2 17.0     0   105    2200    (-,-) 
  csa_tree_mul_4306_112/g733/z         (u)     in_0->z F     unmapped_complex2      1  8.5     0    87    2287    (-,-) 
  csa_tree_mul_4306_112/g734/z         (u)     in_1->z R     unmapped_nand2         1  8.5     0    87    2374    (-,-) 
  CDN_CARRYSAVE_MUX_GROUPi3401/g3478/z (u)     in_1->z R     unmapped_and2          3 25.5     0   121    2495    (-,-) 
  csa_tree_add_3739_54_groupi/g1989/z  (u)     in_1->z F     unmapped_complex2      1  8.5     0    87    2582    (-,-) 
  csa_tree_add_3739_54_groupi/g1990/z  (u)     in_1->z R     unmapped_nand2         2 17.0     0   105    2687    (-,-) 
  csa_tree_add_3739_54_groupi/g1911/z  (u)     in_0->z R     unmapped_complex2      1  8.5     0    87    2774    (-,-) 
  csa_tree_add_3739_54_groupi/g1912/z  (u)     in_1->z F     unmapped_nand2         2 17.0     0   105    2879    (-,-) 
  csa_tree_add_3739_54_groupi/g1796/z  (u)     in_1->z F     unmapped_or2           3 25.5     0   121    3000    (-,-) 
  csa_tree_add_3739_54_groupi/g1754/z  (u)     in_1->z R     unmapped_complex2      1  8.5     0    87    3087    (-,-) 
  csa_tree_add_3739_54_groupi/g1741/z  (u)     in_0->z F     unmapped_nand2         2 17.0     0   105    3192    (-,-) 
  csa_tree_add_3739_54_groupi/g1735/z  (u)     in_1->z R     unmapped_nand2         1  8.5     0    87    3279    (-,-) 
  csa_tree_add_3739_54_groupi/g1729/z  (u)     in_0->z F     unmapped_nand2         1  8.5     0    87    3366    (-,-) 
  csa_tree_add_3739_54_groupi/g1727/z  (u)     in_1->z R     unmapped_nand2         1  8.5     0    87    3453    (-,-) 
  csa_tree_add_3739_54_groupi/g1724/z  (u)     in_0->z F     unmapped_nand2         1  8.5     0    87    3540    (-,-) 
  csa_tree_add_3739_54_groupi/g1691/z  (u)     in_1->z F     unmapped_complex2      4 34.0     0   138    3678    (-,-) 
  csa_tree_add_3739_54_groupi/g1677/z  (u)     in_0->z R     unmapped_complex2      1  8.5     0    87    3765    (-,-) 
  csa_tree_add_3739_54_groupi/g1676/z  (u)     in_0->z F     unmapped_complex2      3 25.5     0   121    3886    (-,-) 
  csa_tree_add_3739_54_groupi/g1673/z  (u)     in_1->z R     unmapped_nand2         1  8.5     0    87    3973    (-,-) 
  csa_tree_add_3739_54_groupi/g1663/z  (u)     in_1->z F     unmapped_nand2         3 25.5     0   121    4095    (-,-) 
  csa_tree_add_3739_54_groupi/g1662/z  (u)     in_1->z R     unmapped_nand2         1  8.5     0    87    4182    (-,-) 
  csa_tree_add_3739_54_groupi/g1658/z  (u)     in_1->z F     unmapped_nand2         6 51.0     0   166    4348    (-,-) 
  csa_tree_add_3739_54_groupi/g1654/z  (u)     in_0->z R     unmapped_complex2      2 17.0     0   105    4453    (-,-) 
  csa_tree_add_3739_54_groupi/g1649/z  (u)     in_0->z F     unmapped_complex2      6 51.0     0   166    4619    (-,-) 
  csa_tree_add_3739_54_groupi/g1625/z  (u)     in_0->z R     unmapped_complex2      1  8.5     0    87    4706    (-,-) 
  csa_tree_add_3739_54_groupi/g1614/z  (u)     in_0->z F     unmapped_complex2      3 25.5     0   121    4827    (-,-) 
  csa_tree_add_3739_54_groupi/g1596/z  (u)     in_1->z R     unmapped_nand2         1  8.5     0    87    4914    (-,-) 
  csa_tree_add_3739_54_groupi/g1591/z  (u)     in_1->z F     unmapped_nand2         2 17.0     0   105    5019    (-,-) 
  csa_tree_add_3739_54_groupi/g1580/z  (u)     in_0->z F     unmapped_or2           1  8.5     0    87    5106    (-,-) 
  csa_tree_add_3739_54_groupi/g1581/z  (u)     in_1->z R     unmapped_nand2         1  8.5     0    87    5194    (-,-) 
  g26859/z                             (u)     in_1->z F     unmapped_nand2         1  8.5     0    87    5281    (-,-) 
  g25784/z                             (u)     in_1->z R     unmapped_nand2         1  8.5     0    87    5368    (-,-) 
  s_reg_18_reg[27]/d                   -       -       R     unmapped_d_flop        1    -     -     0    5368    (-,-) 
#-----------------------------------------------------------------------------------------------------------------------

(u) : Net has unmapped pin(s).



Path 11: MET (5438 ps) Setup Check with Pin s_reg_18_reg[23]/clk->d
          Group: C2C
     Startpoint: (R) gs_ctrl_proc_h4000000000000_reg/clk
          Clock: (R) clock
       Endpoint: (R) s_reg_18_reg[23]/d
          Clock: (R) clock

                     Capture       Launch     
        Clock Edge:+   11000            0     
       Src Latency:+       0            0     
       Net Latency:+       0 (I)        0 (I) 
           Arrival:=   11000            0     
                                              
             Setup:-     241                  
     Required Time:=   10759                  
      Launch Clock:-       0                  
         Data Path:-    5321                  
             Slack:=    5438                  

#-----------------------------------------------------------------------------------------------------------------------
#            Timing Point              Flags    Arc    Edge       Cell         Fanout Load Trans Delay Arrival Instance 
#                                                                                     (fF)  (ps)  (ps)   (ps)  Location 
#-----------------------------------------------------------------------------------------------------------------------
  gs_ctrl_proc_h4000000000000_reg/clk  -       -       R     (arrival)            195    -     0     0       0    (-,-) 
  gs_ctrl_proc_h4000000000000_reg/q    (u)     clk->q  R     unmapped_d_flop        5 42.5     0   480     480    (-,-) 
  g13505/z                             (u)     in_1->z R     unmapped_or2           1  8.5     0    87     567    (-,-) 
  g13506/z                             (u)     in_1->z F     unmapped_nand2         8 68.0     0   191     759    (-,-) 
  g13484/z                             (u)     in_0->z R     unmapped_nand2         1  8.5     0    87     846    (-,-) 
  g13456/z                             (u)     in_1->z F     unmapped_complex2      8 68.0     0   191    1037    (-,-) 
  csa_tree_mul_4306_112/g1120/z        (u)     in_0->z R     unmapped_nand2         4 34.0     0   138    1175    (-,-) 
  csa_tree_mul_4306_112/g1004/z        (u)     in_1->z R     unmapped_or2           1  8.5     0    87    1262    (-,-) 
  csa_tree_mul_4306_112/g1005/z        (u)     in_1->z F     unmapped_nand2         2 17.0     0   105    1366    (-,-) 
  csa_tree_mul_4306_112/g941/z         (u)     in_0->z F     unmapped_or2           1  8.5     0    87    1454    (-,-) 
  csa_tree_mul_4306_112/g942/z         (u)     in_1->z R     unmapped_nand2         4 34.0     0   138    1591    (-,-) 
  csa_tree_mul_4306_112/g904/z         (u)     in_1->z F     unmapped_complex2      1  8.5     0    87    1678    (-,-) 
  csa_tree_mul_4306_112/g905/z         (u)     in_1->z R     unmapped_nand2         2 17.0     0   105    1783    (-,-) 
  csa_tree_mul_4306_112/g757/z         (u)     in_1->z R     unmapped_complex2      1  8.5     0    87    1870    (-,-) 
  csa_tree_mul_4306_112/g758/z         (u)     in_1->z F     unmapped_nand2         4 34.0     0   138    2008    (-,-) 
  csa_tree_mul_4306_112/g753/z         (u)     in_0->z R     unmapped_complex2      1  8.5     0    87    2095    (-,-) 
  csa_tree_mul_4306_112/g754/z         (u)     in_1->z F     unmapped_nand2         2 17.0     0   105    2200    (-,-) 
  csa_tree_mul_4306_112/g733/z         (u)     in_0->z F     unmapped_complex2      1  8.5     0    87    2287    (-,-) 
  csa_tree_mul_4306_112/g734/z         (u)     in_1->z R     unmapped_nand2         1  8.5     0    87    2374    (-,-) 
  CDN_CARRYSAVE_MUX_GROUPi3401/g3478/z (u)     in_1->z R     unmapped_and2          3 25.5     0   121    2495    (-,-) 
  csa_tree_add_3739_54_groupi/g1989/z  (u)     in_1->z F     unmapped_complex2      1  8.5     0    87    2582    (-,-) 
  csa_tree_add_3739_54_groupi/g1990/z  (u)     in_1->z R     unmapped_nand2         2 17.0     0   105    2687    (-,-) 
  csa_tree_add_3739_54_groupi/g1911/z  (u)     in_0->z R     unmapped_complex2      1  8.5     0    87    2774    (-,-) 
  csa_tree_add_3739_54_groupi/g1912/z  (u)     in_1->z F     unmapped_nand2         2 17.0     0   105    2879    (-,-) 
  csa_tree_add_3739_54_groupi/g1796/z  (u)     in_1->z F     unmapped_or2           3 25.5     0   121    3000    (-,-) 
  csa_tree_add_3739_54_groupi/g1754/z  (u)     in_1->z R     unmapped_complex2      1  8.5     0    87    3087    (-,-) 
  csa_tree_add_3739_54_groupi/g1741/z  (u)     in_0->z F     unmapped_nand2         2 17.0     0   105    3192    (-,-) 
  csa_tree_add_3739_54_groupi/g1735/z  (u)     in_1->z R     unmapped_nand2         1  8.5     0    87    3279    (-,-) 
  csa_tree_add_3739_54_groupi/g1729/z  (u)     in_0->z F     unmapped_nand2         1  8.5     0    87    3366    (-,-) 
  csa_tree_add_3739_54_groupi/g1727/z  (u)     in_1->z R     unmapped_nand2         1  8.5     0    87    3453    (-,-) 
  csa_tree_add_3739_54_groupi/g1724/z  (u)     in_0->z F     unmapped_nand2         1  8.5     0    87    3540    (-,-) 
  csa_tree_add_3739_54_groupi/g1691/z  (u)     in_1->z F     unmapped_complex2      4 34.0     0   138    3678    (-,-) 
  csa_tree_add_3739_54_groupi/g1677/z  (u)     in_0->z R     unmapped_complex2      1  8.5     0    87    3765    (-,-) 
  csa_tree_add_3739_54_groupi/g1676/z  (u)     in_0->z F     unmapped_complex2      3 25.5     0   121    3886    (-,-) 
  csa_tree_add_3739_54_groupi/g1673/z  (u)     in_1->z R     unmapped_nand2         1  8.5     0    87    3973    (-,-) 
  csa_tree_add_3739_54_groupi/g1663/z  (u)     in_1->z F     unmapped_nand2         3 25.5     0   121    4095    (-,-) 
  csa_tree_add_3739_54_groupi/g1662/z  (u)     in_1->z R     unmapped_nand2         1  8.5     0    87    4182    (-,-) 
  csa_tree_add_3739_54_groupi/g1658/z  (u)     in_1->z F     unmapped_nand2         6 51.0     0   166    4348    (-,-) 
  csa_tree_add_3739_54_groupi/g1657/z  (u)     in_0->z R     unmapped_complex2      1  8.5     0    87    4435    (-,-) 
  csa_tree_add_3739_54_groupi/g1646/z  (u)     in_0->z F     unmapped_complex2      4 34.0     0   138    4573    (-,-) 
  csa_tree_add_3739_54_groupi/g1641/z  (u)     in_0->z R     unmapped_complex2      1  8.5     0    87    4660    (-,-) 
  csa_tree_add_3739_54_groupi/g1623/z  (u)     in_0->z F     unmapped_complex2      3 25.5     0   121    4781    (-,-) 
  csa_tree_add_3739_54_groupi/g1595/z  (u)     in_1->z R     unmapped_nand2         1  8.5     0    87    4868    (-,-) 
  csa_tree_add_3739_54_groupi/g1590/z  (u)     in_1->z F     unmapped_nand2         2 17.0     0   105    4973    (-,-) 
  csa_tree_add_3739_54_groupi/g1583/z  (u)     in_0->z F     unmapped_or2           1  8.5     0    87    5060    (-,-) 
  csa_tree_add_3739_54_groupi/g1584/z  (u)     in_1->z R     unmapped_nand2         1  8.5     0    87    5147    (-,-) 
  g26849/z                             (u)     in_1->z F     unmapped_nand2         1  8.5     0    87    5234    (-,-) 
  g25752/z                             (u)     in_1->z R     unmapped_nand2         1  8.5     0    87    5321    (-,-) 
  s_reg_18_reg[23]/d                   -       -       R     unmapped_d_flop        1    -     -     0    5321    (-,-) 
#-----------------------------------------------------------------------------------------------------------------------

(u) : Net has unmapped pin(s).



Path 12: MET (5574 ps) Setup Check with Pin s_reg_18_reg[30]/clk->d
          Group: C2C
     Startpoint: (R) gs_ctrl_proc_h4000000000000_reg/clk
          Clock: (R) clock
       Endpoint: (R) s_reg_18_reg[30]/d
          Clock: (R) clock

                     Capture       Launch     
        Clock Edge:+   11000            0     
       Src Latency:+       0            0     
       Net Latency:+       0 (I)        0 (I) 
           Arrival:=   11000            0     
                                              
             Setup:-     241                  
     Required Time:=   10759                  
      Launch Clock:-       0                  
         Data Path:-    5185                  
             Slack:=    5574                  

#-----------------------------------------------------------------------------------------------------------------------
#            Timing Point              Flags    Arc    Edge       Cell         Fanout Load Trans Delay Arrival Instance 
#                                                                                     (fF)  (ps)  (ps)   (ps)  Location 
#-----------------------------------------------------------------------------------------------------------------------
  gs_ctrl_proc_h4000000000000_reg/clk  -       -       R     (arrival)            195    -     0     0       0    (-,-) 
  gs_ctrl_proc_h4000000000000_reg/q    (u)     clk->q  R     unmapped_d_flop        5 42.5     0   480     480    (-,-) 
  g13505/z                             (u)     in_1->z R     unmapped_or2           1  8.5     0    87     567    (-,-) 
  g13506/z                             (u)     in_1->z F     unmapped_nand2         8 68.0     0   191     759    (-,-) 
  g13484/z                             (u)     in_0->z R     unmapped_nand2         1  8.5     0    87     846    (-,-) 
  g13456/z                             (u)     in_1->z F     unmapped_complex2      8 68.0     0   191    1037    (-,-) 
  csa_tree_mul_4306_112/g1120/z        (u)     in_0->z R     unmapped_nand2         4 34.0     0   138    1175    (-,-) 
  csa_tree_mul_4306_112/g1004/z        (u)     in_1->z R     unmapped_or2           1  8.5     0    87    1262    (-,-) 
  csa_tree_mul_4306_112/g1005/z        (u)     in_1->z F     unmapped_nand2         2 17.0     0   105    1366    (-,-) 
  csa_tree_mul_4306_112/g941/z         (u)     in_0->z F     unmapped_or2           1  8.5     0    87    1454    (-,-) 
  csa_tree_mul_4306_112/g942/z         (u)     in_1->z R     unmapped_nand2         4 34.0     0   138    1591    (-,-) 
  csa_tree_mul_4306_112/g904/z         (u)     in_1->z F     unmapped_complex2      1  8.5     0    87    1678    (-,-) 
  csa_tree_mul_4306_112/g905/z         (u)     in_1->z R     unmapped_nand2         2 17.0     0   105    1783    (-,-) 
  csa_tree_mul_4306_112/g757/z         (u)     in_1->z R     unmapped_complex2      1  8.5     0    87    1870    (-,-) 
  csa_tree_mul_4306_112/g758/z         (u)     in_1->z F     unmapped_nand2         4 34.0     0   138    2008    (-,-) 
  csa_tree_mul_4306_112/g753/z         (u)     in_0->z R     unmapped_complex2      1  8.5     0    87    2095    (-,-) 
  csa_tree_mul_4306_112/g754/z         (u)     in_1->z F     unmapped_nand2         2 17.0     0   105    2200    (-,-) 
  csa_tree_mul_4306_112/g733/z         (u)     in_0->z F     unmapped_complex2      1  8.5     0    87    2287    (-,-) 
  csa_tree_mul_4306_112/g734/z         (u)     in_1->z R     unmapped_nand2         1  8.5     0    87    2374    (-,-) 
  CDN_CARRYSAVE_MUX_GROUPi3401/g3478/z (u)     in_1->z R     unmapped_and2          3 25.5     0   121    2495    (-,-) 
  csa_tree_add_3739_54_groupi/g1989/z  (u)     in_1->z F     unmapped_complex2      1  8.5     0    87    2582    (-,-) 
  csa_tree_add_3739_54_groupi/g1990/z  (u)     in_1->z R     unmapped_nand2         2 17.0     0   105    2687    (-,-) 
  csa_tree_add_3739_54_groupi/g1911/z  (u)     in_0->z R     unmapped_complex2      1  8.5     0    87    2774    (-,-) 
  csa_tree_add_3739_54_groupi/g1912/z  (u)     in_1->z F     unmapped_nand2         2 17.0     0   105    2879    (-,-) 
  csa_tree_add_3739_54_groupi/g1796/z  (u)     in_1->z F     unmapped_or2           3 25.5     0   121    3000    (-,-) 
  csa_tree_add_3739_54_groupi/g1754/z  (u)     in_1->z R     unmapped_complex2      1  8.5     0    87    3087    (-,-) 
  csa_tree_add_3739_54_groupi/g1741/z  (u)     in_0->z F     unmapped_nand2         2 17.0     0   105    3192    (-,-) 
  csa_tree_add_3739_54_groupi/g1735/z  (u)     in_1->z R     unmapped_nand2         1  8.5     0    87    3279    (-,-) 
  csa_tree_add_3739_54_groupi/g1729/z  (u)     in_0->z F     unmapped_nand2         1  8.5     0    87    3366    (-,-) 
  csa_tree_add_3739_54_groupi/g1727/z  (u)     in_1->z R     unmapped_nand2         1  8.5     0    87    3453    (-,-) 
  csa_tree_add_3739_54_groupi/g1724/z  (u)     in_0->z F     unmapped_nand2         1  8.5     0    87    3540    (-,-) 
  csa_tree_add_3739_54_groupi/g1691/z  (u)     in_1->z F     unmapped_complex2      4 34.0     0   138    3678    (-,-) 
  csa_tree_add_3739_54_groupi/g1677/z  (u)     in_0->z R     unmapped_complex2      1  8.5     0    87    3765    (-,-) 
  csa_tree_add_3739_54_groupi/g1676/z  (u)     in_0->z F     unmapped_complex2      3 25.5     0   121    3886    (-,-) 
  csa_tree_add_3739_54_groupi/g1673/z  (u)     in_1->z R     unmapped_nand2         1  8.5     0    87    3973    (-,-) 
  csa_tree_add_3739_54_groupi/g1663/z  (u)     in_1->z F     unmapped_nand2         3 25.5     0   121    4095    (-,-) 
  csa_tree_add_3739_54_groupi/g1662/z  (u)     in_1->z R     unmapped_nand2         1  8.5     0    87    4182    (-,-) 
  csa_tree_add_3739_54_groupi/g1658/z  (u)     in_1->z F     unmapped_nand2         6 51.0     0   166    4348    (-,-) 
  csa_tree_add_3739_54_groupi/g1654/z  (u)     in_0->z R     unmapped_complex2      2 17.0     0   105    4453    (-,-) 
  csa_tree_add_3739_54_groupi/g1648/z  (u)     in_0->z R     unmapped_or2           2 17.0     0   105    4558    (-,-) 
  csa_tree_add_3739_54_groupi/g1636/z  (u)     in_0->z F     unmapped_complex2      1  8.5     0    87    4645    (-,-) 
  csa_tree_add_3739_54_groupi/g1624/z  (u)     in_1->z R     unmapped_nand2         1  8.5     0    87    4732    (-,-) 
  csa_tree_add_3739_54_groupi/g1613/z  (u)     in_0->z F     unmapped_complex2      2 17.0     0   105    4837    (-,-) 
  csa_tree_add_3739_54_groupi/g1588/z  (u)     in_0->z F     unmapped_or2           1  8.5     0    87    4924    (-,-) 
  csa_tree_add_3739_54_groupi/g1589/z  (u)     in_1->z R     unmapped_nand2         1  8.5     0    87    5011    (-,-) 
  g26866/z                             (u)     in_1->z F     unmapped_nand2         1  8.5     0    87    5098    (-,-) 
  g25820/z                             (u)     in_1->z R     unmapped_nand2         1  8.5     0    87    5185    (-,-) 
  s_reg_18_reg[30]/d                   -       -       R     unmapped_d_flop        1    -     -     0    5185    (-,-) 
#-----------------------------------------------------------------------------------------------------------------------

(u) : Net has unmapped pin(s).



Path 13: MET (5583 ps) Setup Check with Pin s_reg_18_reg[26]/clk->d
          Group: C2C
     Startpoint: (R) gs_ctrl_proc_h4000000000000_reg/clk
          Clock: (R) clock
       Endpoint: (R) s_reg_18_reg[26]/d
          Clock: (R) clock

                     Capture       Launch     
        Clock Edge:+   11000            0     
       Src Latency:+       0            0     
       Net Latency:+       0 (I)        0 (I) 
           Arrival:=   11000            0     
                                              
             Setup:-     241                  
     Required Time:=   10759                  
      Launch Clock:-       0                  
         Data Path:-    5176                  
             Slack:=    5583                  

#-----------------------------------------------------------------------------------------------------------------------
#            Timing Point              Flags    Arc    Edge       Cell         Fanout Load Trans Delay Arrival Instance 
#                                                                                     (fF)  (ps)  (ps)   (ps)  Location 
#-----------------------------------------------------------------------------------------------------------------------
  gs_ctrl_proc_h4000000000000_reg/clk  -       -       R     (arrival)            195    -     0     0       0    (-,-) 
  gs_ctrl_proc_h4000000000000_reg/q    (u)     clk->q  R     unmapped_d_flop        5 42.5     0   480     480    (-,-) 
  g13505/z                             (u)     in_1->z R     unmapped_or2           1  8.5     0    87     567    (-,-) 
  g13506/z                             (u)     in_1->z F     unmapped_nand2         8 68.0     0   191     759    (-,-) 
  g13484/z                             (u)     in_0->z R     unmapped_nand2         1  8.5     0    87     846    (-,-) 
  g13456/z                             (u)     in_1->z F     unmapped_complex2      8 68.0     0   191    1037    (-,-) 
  csa_tree_mul_4306_112/g1120/z        (u)     in_0->z R     unmapped_nand2         4 34.0     0   138    1175    (-,-) 
  csa_tree_mul_4306_112/g1004/z        (u)     in_1->z R     unmapped_or2           1  8.5     0    87    1262    (-,-) 
  csa_tree_mul_4306_112/g1005/z        (u)     in_1->z F     unmapped_nand2         2 17.0     0   105    1366    (-,-) 
  csa_tree_mul_4306_112/g941/z         (u)     in_0->z F     unmapped_or2           1  8.5     0    87    1454    (-,-) 
  csa_tree_mul_4306_112/g942/z         (u)     in_1->z R     unmapped_nand2         4 34.0     0   138    1591    (-,-) 
  csa_tree_mul_4306_112/g904/z         (u)     in_1->z F     unmapped_complex2      1  8.5     0    87    1678    (-,-) 
  csa_tree_mul_4306_112/g905/z         (u)     in_1->z R     unmapped_nand2         2 17.0     0   105    1783    (-,-) 
  csa_tree_mul_4306_112/g757/z         (u)     in_1->z R     unmapped_complex2      1  8.5     0    87    1870    (-,-) 
  csa_tree_mul_4306_112/g758/z         (u)     in_1->z F     unmapped_nand2         4 34.0     0   138    2008    (-,-) 
  csa_tree_mul_4306_112/g753/z         (u)     in_0->z R     unmapped_complex2      1  8.5     0    87    2095    (-,-) 
  csa_tree_mul_4306_112/g754/z         (u)     in_1->z F     unmapped_nand2         2 17.0     0   105    2200    (-,-) 
  csa_tree_mul_4306_112/g733/z         (u)     in_0->z F     unmapped_complex2      1  8.5     0    87    2287    (-,-) 
  csa_tree_mul_4306_112/g734/z         (u)     in_1->z R     unmapped_nand2         1  8.5     0    87    2374    (-,-) 
  CDN_CARRYSAVE_MUX_GROUPi3401/g3478/z (u)     in_1->z R     unmapped_and2          3 25.5     0   121    2495    (-,-) 
  csa_tree_add_3739_54_groupi/g1989/z  (u)     in_1->z F     unmapped_complex2      1  8.5     0    87    2582    (-,-) 
  csa_tree_add_3739_54_groupi/g1990/z  (u)     in_1->z R     unmapped_nand2         2 17.0     0   105    2687    (-,-) 
  csa_tree_add_3739_54_groupi/g1911/z  (u)     in_0->z R     unmapped_complex2      1  8.5     0    87    2774    (-,-) 
  csa_tree_add_3739_54_groupi/g1912/z  (u)     in_1->z F     unmapped_nand2         2 17.0     0   105    2879    (-,-) 
  csa_tree_add_3739_54_groupi/g1796/z  (u)     in_1->z F     unmapped_or2           3 25.5     0   121    3000    (-,-) 
  csa_tree_add_3739_54_groupi/g1754/z  (u)     in_1->z R     unmapped_complex2      1  8.5     0    87    3087    (-,-) 
  csa_tree_add_3739_54_groupi/g1741/z  (u)     in_0->z F     unmapped_nand2         2 17.0     0   105    3192    (-,-) 
  csa_tree_add_3739_54_groupi/g1735/z  (u)     in_1->z R     unmapped_nand2         1  8.5     0    87    3279    (-,-) 
  csa_tree_add_3739_54_groupi/g1729/z  (u)     in_0->z F     unmapped_nand2         1  8.5     0    87    3366    (-,-) 
  csa_tree_add_3739_54_groupi/g1727/z  (u)     in_1->z R     unmapped_nand2         1  8.5     0    87    3453    (-,-) 
  csa_tree_add_3739_54_groupi/g1724/z  (u)     in_0->z F     unmapped_nand2         1  8.5     0    87    3540    (-,-) 
  csa_tree_add_3739_54_groupi/g1691/z  (u)     in_1->z F     unmapped_complex2      4 34.0     0   138    3678    (-,-) 
  csa_tree_add_3739_54_groupi/g1677/z  (u)     in_0->z R     unmapped_complex2      1  8.5     0    87    3765    (-,-) 
  csa_tree_add_3739_54_groupi/g1676/z  (u)     in_0->z F     unmapped_complex2      3 25.5     0   121    3886    (-,-) 
  csa_tree_add_3739_54_groupi/g1673/z  (u)     in_1->z R     unmapped_nand2         1  8.5     0    87    3973    (-,-) 
  csa_tree_add_3739_54_groupi/g1663/z  (u)     in_1->z F     unmapped_nand2         3 25.5     0   121    4095    (-,-) 
  csa_tree_add_3739_54_groupi/g1662/z  (u)     in_1->z R     unmapped_nand2         1  8.5     0    87    4182    (-,-) 
  csa_tree_add_3739_54_groupi/g1658/z  (u)     in_1->z F     unmapped_nand2         6 51.0     0   166    4348    (-,-) 
  csa_tree_add_3739_54_groupi/g1654/z  (u)     in_0->z R     unmapped_complex2      2 17.0     0   105    4453    (-,-) 
  csa_tree_add_3739_54_groupi/g1649/z  (u)     in_0->z F     unmapped_complex2      6 51.0     0   166    4619    (-,-) 
  csa_tree_add_3739_54_groupi/g1625/z  (u)     in_0->z R     unmapped_complex2      1  8.5     0    87    4706    (-,-) 
  csa_tree_add_3739_54_groupi/g1614/z  (u)     in_0->z F     unmapped_complex2      3 25.5     0   121    4827    (-,-) 
  csa_tree_add_3739_54_groupi/g1605/z  (u)     in_0->z F     unmapped_or2           1  8.5     0    87    4914    (-,-) 
  csa_tree_add_3739_54_groupi/g1606/z  (u)     in_1->z R     unmapped_nand2         1  8.5     0    87    5002    (-,-) 
  g26858/z                             (u)     in_1->z F     unmapped_nand2         1  8.5     0    87    5089    (-,-) 
  g25864/z                             (u)     in_1->z R     unmapped_nand2         1  8.5     0    87    5176    (-,-) 
  s_reg_18_reg[26]/d                   -       -       R     unmapped_d_flop        1    -     -     0    5176    (-,-) 
#-----------------------------------------------------------------------------------------------------------------------

(u) : Net has unmapped pin(s).



Path 14: MET (5600 ps) Setup Check with Pin s_reg_18_reg[28]/clk->d
          Group: C2C
     Startpoint: (R) gs_ctrl_proc_h4000000000000_reg/clk
          Clock: (R) clock
       Endpoint: (R) s_reg_18_reg[28]/d
          Clock: (R) clock

                     Capture       Launch     
        Clock Edge:+   11000            0     
       Src Latency:+       0            0     
       Net Latency:+       0 (I)        0 (I) 
           Arrival:=   11000            0     
                                              
             Setup:-     241                  
     Required Time:=   10759                  
      Launch Clock:-       0                  
         Data Path:-    5159                  
             Slack:=    5600                  

#-----------------------------------------------------------------------------------------------------------------------
#            Timing Point              Flags    Arc    Edge       Cell         Fanout Load Trans Delay Arrival Instance 
#                                                                                     (fF)  (ps)  (ps)   (ps)  Location 
#-----------------------------------------------------------------------------------------------------------------------
  gs_ctrl_proc_h4000000000000_reg/clk  -       -       R     (arrival)            195    -     0     0       0    (-,-) 
  gs_ctrl_proc_h4000000000000_reg/q    (u)     clk->q  R     unmapped_d_flop        5 42.5     0   480     480    (-,-) 
  g13505/z                             (u)     in_1->z R     unmapped_or2           1  8.5     0    87     567    (-,-) 
  g13506/z                             (u)     in_1->z F     unmapped_nand2         8 68.0     0   191     759    (-,-) 
  g13484/z                             (u)     in_0->z R     unmapped_nand2         1  8.5     0    87     846    (-,-) 
  g13456/z                             (u)     in_1->z F     unmapped_complex2      8 68.0     0   191    1037    (-,-) 
  csa_tree_mul_4306_112/g1120/z        (u)     in_0->z R     unmapped_nand2         4 34.0     0   138    1175    (-,-) 
  csa_tree_mul_4306_112/g1004/z        (u)     in_1->z R     unmapped_or2           1  8.5     0    87    1262    (-,-) 
  csa_tree_mul_4306_112/g1005/z        (u)     in_1->z F     unmapped_nand2         2 17.0     0   105    1366    (-,-) 
  csa_tree_mul_4306_112/g941/z         (u)     in_0->z F     unmapped_or2           1  8.5     0    87    1454    (-,-) 
  csa_tree_mul_4306_112/g942/z         (u)     in_1->z R     unmapped_nand2         4 34.0     0   138    1591    (-,-) 
  csa_tree_mul_4306_112/g904/z         (u)     in_1->z F     unmapped_complex2      1  8.5     0    87    1678    (-,-) 
  csa_tree_mul_4306_112/g905/z         (u)     in_1->z R     unmapped_nand2         2 17.0     0   105    1783    (-,-) 
  csa_tree_mul_4306_112/g757/z         (u)     in_1->z R     unmapped_complex2      1  8.5     0    87    1870    (-,-) 
  csa_tree_mul_4306_112/g758/z         (u)     in_1->z F     unmapped_nand2         4 34.0     0   138    2008    (-,-) 
  csa_tree_mul_4306_112/g753/z         (u)     in_0->z R     unmapped_complex2      1  8.5     0    87    2095    (-,-) 
  csa_tree_mul_4306_112/g754/z         (u)     in_1->z F     unmapped_nand2         2 17.0     0   105    2200    (-,-) 
  csa_tree_mul_4306_112/g733/z         (u)     in_0->z F     unmapped_complex2      1  8.5     0    87    2287    (-,-) 
  csa_tree_mul_4306_112/g734/z         (u)     in_1->z R     unmapped_nand2         1  8.5     0    87    2374    (-,-) 
  CDN_CARRYSAVE_MUX_GROUPi3401/g3478/z (u)     in_1->z R     unmapped_and2          3 25.5     0   121    2495    (-,-) 
  csa_tree_add_3739_54_groupi/g1989/z  (u)     in_1->z F     unmapped_complex2      1  8.5     0    87    2582    (-,-) 
  csa_tree_add_3739_54_groupi/g1990/z  (u)     in_1->z R     unmapped_nand2         2 17.0     0   105    2687    (-,-) 
  csa_tree_add_3739_54_groupi/g1911/z  (u)     in_0->z R     unmapped_complex2      1  8.5     0    87    2774    (-,-) 
  csa_tree_add_3739_54_groupi/g1912/z  (u)     in_1->z F     unmapped_nand2         2 17.0     0   105    2879    (-,-) 
  csa_tree_add_3739_54_groupi/g1796/z  (u)     in_1->z F     unmapped_or2           3 25.5     0   121    3000    (-,-) 
  csa_tree_add_3739_54_groupi/g1754/z  (u)     in_1->z R     unmapped_complex2      1  8.5     0    87    3087    (-,-) 
  csa_tree_add_3739_54_groupi/g1741/z  (u)     in_0->z F     unmapped_nand2         2 17.0     0   105    3192    (-,-) 
  csa_tree_add_3739_54_groupi/g1735/z  (u)     in_1->z R     unmapped_nand2         1  8.5     0    87    3279    (-,-) 
  csa_tree_add_3739_54_groupi/g1729/z  (u)     in_0->z F     unmapped_nand2         1  8.5     0    87    3366    (-,-) 
  csa_tree_add_3739_54_groupi/g1727/z  (u)     in_1->z R     unmapped_nand2         1  8.5     0    87    3453    (-,-) 
  csa_tree_add_3739_54_groupi/g1724/z  (u)     in_0->z F     unmapped_nand2         1  8.5     0    87    3540    (-,-) 
  csa_tree_add_3739_54_groupi/g1691/z  (u)     in_1->z F     unmapped_complex2      4 34.0     0   138    3678    (-,-) 
  csa_tree_add_3739_54_groupi/g1677/z  (u)     in_0->z R     unmapped_complex2      1  8.5     0    87    3765    (-,-) 
  csa_tree_add_3739_54_groupi/g1676/z  (u)     in_0->z F     unmapped_complex2      3 25.5     0   121    3886    (-,-) 
  csa_tree_add_3739_54_groupi/g1673/z  (u)     in_1->z R     unmapped_nand2         1  8.5     0    87    3973    (-,-) 
  csa_tree_add_3739_54_groupi/g1663/z  (u)     in_1->z F     unmapped_nand2         3 25.5     0   121    4095    (-,-) 
  csa_tree_add_3739_54_groupi/g1662/z  (u)     in_1->z R     unmapped_nand2         1  8.5     0    87    4182    (-,-) 
  csa_tree_add_3739_54_groupi/g1658/z  (u)     in_1->z F     unmapped_nand2         6 51.0     0   166    4348    (-,-) 
  csa_tree_add_3739_54_groupi/g1654/z  (u)     in_0->z R     unmapped_complex2      2 17.0     0   105    4453    (-,-) 
  csa_tree_add_3739_54_groupi/g1649/z  (u)     in_0->z F     unmapped_complex2      6 51.0     0   166    4619    (-,-) 
  csa_tree_add_3739_54_groupi/g1642/z  (u)     in_0->z R     unmapped_complex2      1  8.5     0    87    4706    (-,-) 
  csa_tree_add_3739_54_groupi/g1615/z  (u)     in_0->z F     unmapped_complex2      2 17.0     0   105    4811    (-,-) 
  csa_tree_add_3739_54_groupi/g1593/z  (u)     in_0->z F     unmapped_or2           1  8.5     0    87    4898    (-,-) 
  csa_tree_add_3739_54_groupi/g1594/z  (u)     in_1->z R     unmapped_nand2         1  8.5     0    87    4985    (-,-) 
  g26860/z                             (u)     in_1->z F     unmapped_nand2         1  8.5     0    87    5072    (-,-) 
  g25842/z                             (u)     in_1->z R     unmapped_nand2         1  8.5     0    87    5159    (-,-) 
  s_reg_18_reg[28]/d                   -       -       R     unmapped_d_flop        1    -     -     0    5159    (-,-) 
#-----------------------------------------------------------------------------------------------------------------------

(u) : Net has unmapped pin(s).



Path 15: MET (5600 ps) Setup Check with Pin s_reg_18_reg[25]/clk->d
          Group: C2C
     Startpoint: (R) gs_ctrl_proc_h4000000000000_reg/clk
          Clock: (R) clock
       Endpoint: (R) s_reg_18_reg[25]/d
          Clock: (R) clock

                     Capture       Launch     
        Clock Edge:+   11000            0     
       Src Latency:+       0            0     
       Net Latency:+       0 (I)        0 (I) 
           Arrival:=   11000            0     
                                              
             Setup:-     241                  
     Required Time:=   10759                  
      Launch Clock:-       0                  
         Data Path:-    5159                  
             Slack:=    5600                  

#-----------------------------------------------------------------------------------------------------------------------
#            Timing Point              Flags    Arc    Edge       Cell         Fanout Load Trans Delay Arrival Instance 
#                                                                                     (fF)  (ps)  (ps)   (ps)  Location 
#-----------------------------------------------------------------------------------------------------------------------
  gs_ctrl_proc_h4000000000000_reg/clk  -       -       R     (arrival)            195    -     0     0       0    (-,-) 
  gs_ctrl_proc_h4000000000000_reg/q    (u)     clk->q  R     unmapped_d_flop        5 42.5     0   480     480    (-,-) 
  g13505/z                             (u)     in_1->z R     unmapped_or2           1  8.5     0    87     567    (-,-) 
  g13506/z                             (u)     in_1->z F     unmapped_nand2         8 68.0     0   191     759    (-,-) 
  g13484/z                             (u)     in_0->z R     unmapped_nand2         1  8.5     0    87     846    (-,-) 
  g13456/z                             (u)     in_1->z F     unmapped_complex2      8 68.0     0   191    1037    (-,-) 
  csa_tree_mul_4306_112/g1120/z        (u)     in_0->z R     unmapped_nand2         4 34.0     0   138    1175    (-,-) 
  csa_tree_mul_4306_112/g1004/z        (u)     in_1->z R     unmapped_or2           1  8.5     0    87    1262    (-,-) 
  csa_tree_mul_4306_112/g1005/z        (u)     in_1->z F     unmapped_nand2         2 17.0     0   105    1366    (-,-) 
  csa_tree_mul_4306_112/g941/z         (u)     in_0->z F     unmapped_or2           1  8.5     0    87    1454    (-,-) 
  csa_tree_mul_4306_112/g942/z         (u)     in_1->z R     unmapped_nand2         4 34.0     0   138    1591    (-,-) 
  csa_tree_mul_4306_112/g904/z         (u)     in_1->z F     unmapped_complex2      1  8.5     0    87    1678    (-,-) 
  csa_tree_mul_4306_112/g905/z         (u)     in_1->z R     unmapped_nand2         2 17.0     0   105    1783    (-,-) 
  csa_tree_mul_4306_112/g757/z         (u)     in_1->z R     unmapped_complex2      1  8.5     0    87    1870    (-,-) 
  csa_tree_mul_4306_112/g758/z         (u)     in_1->z F     unmapped_nand2         4 34.0     0   138    2008    (-,-) 
  csa_tree_mul_4306_112/g753/z         (u)     in_0->z R     unmapped_complex2      1  8.5     0    87    2095    (-,-) 
  csa_tree_mul_4306_112/g754/z         (u)     in_1->z F     unmapped_nand2         2 17.0     0   105    2200    (-,-) 
  csa_tree_mul_4306_112/g733/z         (u)     in_0->z F     unmapped_complex2      1  8.5     0    87    2287    (-,-) 
  csa_tree_mul_4306_112/g734/z         (u)     in_1->z R     unmapped_nand2         1  8.5     0    87    2374    (-,-) 
  CDN_CARRYSAVE_MUX_GROUPi3401/g3478/z (u)     in_1->z R     unmapped_and2          3 25.5     0   121    2495    (-,-) 
  csa_tree_add_3739_54_groupi/g1989/z  (u)     in_1->z F     unmapped_complex2      1  8.5     0    87    2582    (-,-) 
  csa_tree_add_3739_54_groupi/g1990/z  (u)     in_1->z R     unmapped_nand2         2 17.0     0   105    2687    (-,-) 
  csa_tree_add_3739_54_groupi/g1911/z  (u)     in_0->z R     unmapped_complex2      1  8.5     0    87    2774    (-,-) 
  csa_tree_add_3739_54_groupi/g1912/z  (u)     in_1->z F     unmapped_nand2         2 17.0     0   105    2879    (-,-) 
  csa_tree_add_3739_54_groupi/g1796/z  (u)     in_1->z F     unmapped_or2           3 25.5     0   121    3000    (-,-) 
  csa_tree_add_3739_54_groupi/g1754/z  (u)     in_1->z R     unmapped_complex2      1  8.5     0    87    3087    (-,-) 
  csa_tree_add_3739_54_groupi/g1741/z  (u)     in_0->z F     unmapped_nand2         2 17.0     0   105    3192    (-,-) 
  csa_tree_add_3739_54_groupi/g1735/z  (u)     in_1->z R     unmapped_nand2         1  8.5     0    87    3279    (-,-) 
  csa_tree_add_3739_54_groupi/g1729/z  (u)     in_0->z F     unmapped_nand2         1  8.5     0    87    3366    (-,-) 
  csa_tree_add_3739_54_groupi/g1727/z  (u)     in_1->z R     unmapped_nand2         1  8.5     0    87    3453    (-,-) 
  csa_tree_add_3739_54_groupi/g1724/z  (u)     in_0->z F     unmapped_nand2         1  8.5     0    87    3540    (-,-) 
  csa_tree_add_3739_54_groupi/g1691/z  (u)     in_1->z F     unmapped_complex2      4 34.0     0   138    3678    (-,-) 
  csa_tree_add_3739_54_groupi/g1677/z  (u)     in_0->z R     unmapped_complex2      1  8.5     0    87    3765    (-,-) 
  csa_tree_add_3739_54_groupi/g1676/z  (u)     in_0->z F     unmapped_complex2      3 25.5     0   121    3886    (-,-) 
  csa_tree_add_3739_54_groupi/g1673/z  (u)     in_1->z R     unmapped_nand2         1  8.5     0    87    3973    (-,-) 
  csa_tree_add_3739_54_groupi/g1663/z  (u)     in_1->z F     unmapped_nand2         3 25.5     0   121    4095    (-,-) 
  csa_tree_add_3739_54_groupi/g1662/z  (u)     in_1->z R     unmapped_nand2         1  8.5     0    87    4182    (-,-) 
  csa_tree_add_3739_54_groupi/g1658/z  (u)     in_1->z F     unmapped_nand2         6 51.0     0   166    4348    (-,-) 
  csa_tree_add_3739_54_groupi/g1654/z  (u)     in_0->z R     unmapped_complex2      2 17.0     0   105    4453    (-,-) 
  csa_tree_add_3739_54_groupi/g1649/z  (u)     in_0->z F     unmapped_complex2      6 51.0     0   166    4619    (-,-) 
  csa_tree_add_3739_54_groupi/g1626/z  (u)     in_1->z R     unmapped_nand2         1  8.5     0    87    4706    (-,-) 
  csa_tree_add_3739_54_groupi/g1622/z  (u)     in_1->z F     unmapped_nand2         2 17.0     0   105    4811    (-,-) 
  csa_tree_add_3739_54_groupi/g1611/z  (u)     in_0->z F     unmapped_or2           1  8.5     0    87    4898    (-,-) 
  csa_tree_add_3739_54_groupi/g1612/z  (u)     in_1->z R     unmapped_nand2         1  8.5     0    87    4985    (-,-) 
  g26857/z                             (u)     in_1->z F     unmapped_nand2         1  8.5     0    87    5072    (-,-) 
  g25827/z                             (u)     in_1->z R     unmapped_nand2         1  8.5     0    87    5159    (-,-) 
  s_reg_18_reg[25]/d                   -       -       R     unmapped_d_flop        1    -     -     0    5159    (-,-) 
#-----------------------------------------------------------------------------------------------------------------------

(u) : Net has unmapped pin(s).



Path 16: MET (5630 ps) Setup Check with Pin s_reg_18_reg[22]/clk->d
          Group: C2C
     Startpoint: (R) gs_ctrl_proc_h4000000000000_reg/clk
          Clock: (R) clock
       Endpoint: (R) s_reg_18_reg[22]/d
          Clock: (R) clock

                     Capture       Launch     
        Clock Edge:+   11000            0     
       Src Latency:+       0            0     
       Net Latency:+       0 (I)        0 (I) 
           Arrival:=   11000            0     
                                              
             Setup:-     241                  
     Required Time:=   10759                  
      Launch Clock:-       0                  
         Data Path:-    5129                  
             Slack:=    5630                  

#-----------------------------------------------------------------------------------------------------------------------
#            Timing Point              Flags    Arc    Edge       Cell         Fanout Load Trans Delay Arrival Instance 
#                                                                                     (fF)  (ps)  (ps)   (ps)  Location 
#-----------------------------------------------------------------------------------------------------------------------
  gs_ctrl_proc_h4000000000000_reg/clk  -       -       R     (arrival)            195    -     0     0       0    (-,-) 
  gs_ctrl_proc_h4000000000000_reg/q    (u)     clk->q  R     unmapped_d_flop        5 42.5     0   480     480    (-,-) 
  g13505/z                             (u)     in_1->z R     unmapped_or2           1  8.5     0    87     567    (-,-) 
  g13506/z                             (u)     in_1->z F     unmapped_nand2         8 68.0     0   191     759    (-,-) 
  g13484/z                             (u)     in_0->z R     unmapped_nand2         1  8.5     0    87     846    (-,-) 
  g13456/z                             (u)     in_1->z F     unmapped_complex2      8 68.0     0   191    1037    (-,-) 
  csa_tree_mul_4306_112/g1120/z        (u)     in_0->z R     unmapped_nand2         4 34.0     0   138    1175    (-,-) 
  csa_tree_mul_4306_112/g1004/z        (u)     in_1->z R     unmapped_or2           1  8.5     0    87    1262    (-,-) 
  csa_tree_mul_4306_112/g1005/z        (u)     in_1->z F     unmapped_nand2         2 17.0     0   105    1366    (-,-) 
  csa_tree_mul_4306_112/g941/z         (u)     in_0->z F     unmapped_or2           1  8.5     0    87    1454    (-,-) 
  csa_tree_mul_4306_112/g942/z         (u)     in_1->z R     unmapped_nand2         4 34.0     0   138    1591    (-,-) 
  csa_tree_mul_4306_112/g904/z         (u)     in_1->z F     unmapped_complex2      1  8.5     0    87    1678    (-,-) 
  csa_tree_mul_4306_112/g905/z         (u)     in_1->z R     unmapped_nand2         2 17.0     0   105    1783    (-,-) 
  csa_tree_mul_4306_112/g757/z         (u)     in_1->z R     unmapped_complex2      1  8.5     0    87    1870    (-,-) 
  csa_tree_mul_4306_112/g758/z         (u)     in_1->z F     unmapped_nand2         4 34.0     0   138    2008    (-,-) 
  csa_tree_mul_4306_112/g753/z         (u)     in_0->z R     unmapped_complex2      1  8.5     0    87    2095    (-,-) 
  csa_tree_mul_4306_112/g754/z         (u)     in_1->z F     unmapped_nand2         2 17.0     0   105    2200    (-,-) 
  csa_tree_mul_4306_112/g733/z         (u)     in_0->z F     unmapped_complex2      1  8.5     0    87    2287    (-,-) 
  csa_tree_mul_4306_112/g734/z         (u)     in_1->z R     unmapped_nand2         1  8.5     0    87    2374    (-,-) 
  CDN_CARRYSAVE_MUX_GROUPi3401/g3478/z (u)     in_1->z R     unmapped_and2          3 25.5     0   121    2495    (-,-) 
  csa_tree_add_3739_54_groupi/g1989/z  (u)     in_1->z F     unmapped_complex2      1  8.5     0    87    2582    (-,-) 
  csa_tree_add_3739_54_groupi/g1990/z  (u)     in_1->z R     unmapped_nand2         2 17.0     0   105    2687    (-,-) 
  csa_tree_add_3739_54_groupi/g1911/z  (u)     in_0->z R     unmapped_complex2      1  8.5     0    87    2774    (-,-) 
  csa_tree_add_3739_54_groupi/g1912/z  (u)     in_1->z F     unmapped_nand2         2 17.0     0   105    2879    (-,-) 
  csa_tree_add_3739_54_groupi/g1796/z  (u)     in_1->z F     unmapped_or2           3 25.5     0   121    3000    (-,-) 
  csa_tree_add_3739_54_groupi/g1754/z  (u)     in_1->z R     unmapped_complex2      1  8.5     0    87    3087    (-,-) 
  csa_tree_add_3739_54_groupi/g1741/z  (u)     in_0->z F     unmapped_nand2         2 17.0     0   105    3192    (-,-) 
  csa_tree_add_3739_54_groupi/g1735/z  (u)     in_1->z R     unmapped_nand2         1  8.5     0    87    3279    (-,-) 
  csa_tree_add_3739_54_groupi/g1729/z  (u)     in_0->z F     unmapped_nand2         1  8.5     0    87    3366    (-,-) 
  csa_tree_add_3739_54_groupi/g1727/z  (u)     in_1->z R     unmapped_nand2         1  8.5     0    87    3453    (-,-) 
  csa_tree_add_3739_54_groupi/g1724/z  (u)     in_0->z F     unmapped_nand2         1  8.5     0    87    3540    (-,-) 
  csa_tree_add_3739_54_groupi/g1691/z  (u)     in_1->z F     unmapped_complex2      4 34.0     0   138    3678    (-,-) 
  csa_tree_add_3739_54_groupi/g1677/z  (u)     in_0->z R     unmapped_complex2      1  8.5     0    87    3765    (-,-) 
  csa_tree_add_3739_54_groupi/g1676/z  (u)     in_0->z F     unmapped_complex2      3 25.5     0   121    3886    (-,-) 
  csa_tree_add_3739_54_groupi/g1673/z  (u)     in_1->z R     unmapped_nand2         1  8.5     0    87    3973    (-,-) 
  csa_tree_add_3739_54_groupi/g1663/z  (u)     in_1->z F     unmapped_nand2         3 25.5     0   121    4095    (-,-) 
  csa_tree_add_3739_54_groupi/g1662/z  (u)     in_1->z R     unmapped_nand2         1  8.5     0    87    4182    (-,-) 
  csa_tree_add_3739_54_groupi/g1658/z  (u)     in_1->z F     unmapped_nand2         6 51.0     0   166    4348    (-,-) 
  csa_tree_add_3739_54_groupi/g1657/z  (u)     in_0->z R     unmapped_complex2      1  8.5     0    87    4435    (-,-) 
  csa_tree_add_3739_54_groupi/g1646/z  (u)     in_0->z F     unmapped_complex2      4 34.0     0   138    4573    (-,-) 
  csa_tree_add_3739_54_groupi/g1641/z  (u)     in_0->z R     unmapped_complex2      1  8.5     0    87    4660    (-,-) 
  csa_tree_add_3739_54_groupi/g1623/z  (u)     in_0->z F     unmapped_complex2      3 25.5     0   121    4781    (-,-) 
  csa_tree_add_3739_54_groupi/g1598/z  (u)     in_0->z F     unmapped_or2           1  8.5     0    87    4868    (-,-) 
  csa_tree_add_3739_54_groupi/g1599/z  (u)     in_1->z R     unmapped_nand2         1  8.5     0    87    4955    (-,-) 
  g26846/z                             (u)     in_1->z F     unmapped_nand2         1  8.5     0    87    5042    (-,-) 
  g25875/z                             (u)     in_1->z R     unmapped_nand2         1  8.5     0    87    5129    (-,-) 
  s_reg_18_reg[22]/d                   -       -       R     unmapped_d_flop        1    -     -     0    5129    (-,-) 
#-----------------------------------------------------------------------------------------------------------------------

(u) : Net has unmapped pin(s).



Path 17: MET (5646 ps) Setup Check with Pin s_reg_18_reg[21]/clk->d
          Group: C2C
     Startpoint: (R) gs_ctrl_proc_h4000000000000_reg/clk
          Clock: (R) clock
       Endpoint: (R) s_reg_18_reg[21]/d
          Clock: (R) clock

                     Capture       Launch     
        Clock Edge:+   11000            0     
       Src Latency:+       0            0     
       Net Latency:+       0 (I)        0 (I) 
           Arrival:=   11000            0     
                                              
             Setup:-     241                  
     Required Time:=   10759                  
      Launch Clock:-       0                  
         Data Path:-    5113                  
             Slack:=    5646                  

#-----------------------------------------------------------------------------------------------------------------------
#            Timing Point              Flags    Arc    Edge       Cell         Fanout Load Trans Delay Arrival Instance 
#                                                                                     (fF)  (ps)  (ps)   (ps)  Location 
#-----------------------------------------------------------------------------------------------------------------------
  gs_ctrl_proc_h4000000000000_reg/clk  -       -       R     (arrival)            195    -     0     0       0    (-,-) 
  gs_ctrl_proc_h4000000000000_reg/q    (u)     clk->q  R     unmapped_d_flop        5 42.5     0   480     480    (-,-) 
  g13505/z                             (u)     in_1->z R     unmapped_or2           1  8.5     0    87     567    (-,-) 
  g13506/z                             (u)     in_1->z F     unmapped_nand2         8 68.0     0   191     759    (-,-) 
  g13484/z                             (u)     in_0->z R     unmapped_nand2         1  8.5     0    87     846    (-,-) 
  g13456/z                             (u)     in_1->z F     unmapped_complex2      8 68.0     0   191    1037    (-,-) 
  csa_tree_mul_4306_112/g1120/z        (u)     in_0->z R     unmapped_nand2         4 34.0     0   138    1175    (-,-) 
  csa_tree_mul_4306_112/g1004/z        (u)     in_1->z R     unmapped_or2           1  8.5     0    87    1262    (-,-) 
  csa_tree_mul_4306_112/g1005/z        (u)     in_1->z F     unmapped_nand2         2 17.0     0   105    1366    (-,-) 
  csa_tree_mul_4306_112/g941/z         (u)     in_0->z F     unmapped_or2           1  8.5     0    87    1454    (-,-) 
  csa_tree_mul_4306_112/g942/z         (u)     in_1->z R     unmapped_nand2         4 34.0     0   138    1591    (-,-) 
  csa_tree_mul_4306_112/g904/z         (u)     in_1->z F     unmapped_complex2      1  8.5     0    87    1678    (-,-) 
  csa_tree_mul_4306_112/g905/z         (u)     in_1->z R     unmapped_nand2         2 17.0     0   105    1783    (-,-) 
  csa_tree_mul_4306_112/g757/z         (u)     in_1->z R     unmapped_complex2      1  8.5     0    87    1870    (-,-) 
  csa_tree_mul_4306_112/g758/z         (u)     in_1->z F     unmapped_nand2         4 34.0     0   138    2008    (-,-) 
  csa_tree_mul_4306_112/g753/z         (u)     in_0->z R     unmapped_complex2      1  8.5     0    87    2095    (-,-) 
  csa_tree_mul_4306_112/g754/z         (u)     in_1->z F     unmapped_nand2         2 17.0     0   105    2200    (-,-) 
  csa_tree_mul_4306_112/g733/z         (u)     in_0->z F     unmapped_complex2      1  8.5     0    87    2287    (-,-) 
  csa_tree_mul_4306_112/g734/z         (u)     in_1->z R     unmapped_nand2         1  8.5     0    87    2374    (-,-) 
  CDN_CARRYSAVE_MUX_GROUPi3401/g3478/z (u)     in_1->z R     unmapped_and2          3 25.5     0   121    2495    (-,-) 
  csa_tree_add_3739_54_groupi/g1989/z  (u)     in_1->z F     unmapped_complex2      1  8.5     0    87    2582    (-,-) 
  csa_tree_add_3739_54_groupi/g1990/z  (u)     in_1->z R     unmapped_nand2         2 17.0     0   105    2687    (-,-) 
  csa_tree_add_3739_54_groupi/g1911/z  (u)     in_0->z R     unmapped_complex2      1  8.5     0    87    2774    (-,-) 
  csa_tree_add_3739_54_groupi/g1912/z  (u)     in_1->z F     unmapped_nand2         2 17.0     0   105    2879    (-,-) 
  csa_tree_add_3739_54_groupi/g1796/z  (u)     in_1->z F     unmapped_or2           3 25.5     0   121    3000    (-,-) 
  csa_tree_add_3739_54_groupi/g1754/z  (u)     in_1->z R     unmapped_complex2      1  8.5     0    87    3087    (-,-) 
  csa_tree_add_3739_54_groupi/g1741/z  (u)     in_0->z F     unmapped_nand2         2 17.0     0   105    3192    (-,-) 
  csa_tree_add_3739_54_groupi/g1735/z  (u)     in_1->z R     unmapped_nand2         1  8.5     0    87    3279    (-,-) 
  csa_tree_add_3739_54_groupi/g1729/z  (u)     in_0->z F     unmapped_nand2         1  8.5     0    87    3366    (-,-) 
  csa_tree_add_3739_54_groupi/g1727/z  (u)     in_1->z R     unmapped_nand2         1  8.5     0    87    3453    (-,-) 
  csa_tree_add_3739_54_groupi/g1724/z  (u)     in_0->z F     unmapped_nand2         1  8.5     0    87    3540    (-,-) 
  csa_tree_add_3739_54_groupi/g1691/z  (u)     in_1->z F     unmapped_complex2      4 34.0     0   138    3678    (-,-) 
  csa_tree_add_3739_54_groupi/g1677/z  (u)     in_0->z R     unmapped_complex2      1  8.5     0    87    3765    (-,-) 
  csa_tree_add_3739_54_groupi/g1676/z  (u)     in_0->z F     unmapped_complex2      3 25.5     0   121    3886    (-,-) 
  csa_tree_add_3739_54_groupi/g1673/z  (u)     in_1->z R     unmapped_nand2         1  8.5     0    87    3973    (-,-) 
  csa_tree_add_3739_54_groupi/g1663/z  (u)     in_1->z F     unmapped_nand2         3 25.5     0   121    4095    (-,-) 
  csa_tree_add_3739_54_groupi/g1662/z  (u)     in_1->z R     unmapped_nand2         1  8.5     0    87    4182    (-,-) 
  csa_tree_add_3739_54_groupi/g1658/z  (u)     in_1->z F     unmapped_nand2         6 51.0     0   166    4348    (-,-) 
  csa_tree_add_3739_54_groupi/g1657/z  (u)     in_0->z R     unmapped_complex2      1  8.5     0    87    4435    (-,-) 
  csa_tree_add_3739_54_groupi/g1646/z  (u)     in_0->z F     unmapped_complex2      4 34.0     0   138    4573    (-,-) 
  csa_tree_add_3739_54_groupi/g1635/z  (u)     in_1->z R     unmapped_nand2         1  8.5     0    87    4660    (-,-) 
  csa_tree_add_3739_54_groupi/g1620/z  (u)     in_1->z F     unmapped_nand2         2 17.0     0   105    4765    (-,-) 
  csa_tree_add_3739_54_groupi/g1601/z  (u)     in_0->z F     unmapped_or2           1  8.5     0    87    4852    (-,-) 
  csa_tree_add_3739_54_groupi/g1602/z  (u)     in_1->z R     unmapped_nand2         1  8.5     0    87    4939    (-,-) 
  g26840/z                             (u)     in_1->z F     unmapped_nand2         1  8.5     0    87    5026    (-,-) 
  g25855/z                             (u)     in_1->z R     unmapped_nand2         1  8.5     0    87    5113    (-,-) 
  s_reg_18_reg[21]/d                   -       -       R     unmapped_d_flop        1    -     -     0    5113    (-,-) 
#-----------------------------------------------------------------------------------------------------------------------

(u) : Net has unmapped pin(s).



Path 18: MET (5662 ps) Setup Check with Pin s_reg_18_reg[19]/clk->d
          Group: C2C
     Startpoint: (R) gs_ctrl_proc_h4000000000000_reg/clk
          Clock: (R) clock
       Endpoint: (R) s_reg_18_reg[19]/d
          Clock: (R) clock

                     Capture       Launch     
        Clock Edge:+   11000            0     
       Src Latency:+       0            0     
       Net Latency:+       0 (I)        0 (I) 
           Arrival:=   11000            0     
                                              
             Setup:-     241                  
     Required Time:=   10759                  
      Launch Clock:-       0                  
         Data Path:-    5097                  
             Slack:=    5662                  

#-----------------------------------------------------------------------------------------------------------------------
#            Timing Point              Flags    Arc    Edge       Cell         Fanout Load Trans Delay Arrival Instance 
#                                                                                     (fF)  (ps)  (ps)   (ps)  Location 
#-----------------------------------------------------------------------------------------------------------------------
  gs_ctrl_proc_h4000000000000_reg/clk  -       -       R     (arrival)            195    -     0     0       0    (-,-) 
  gs_ctrl_proc_h4000000000000_reg/q    (u)     clk->q  R     unmapped_d_flop        5 42.5     0   480     480    (-,-) 
  g13505/z                             (u)     in_1->z R     unmapped_or2           1  8.5     0    87     567    (-,-) 
  g13506/z                             (u)     in_1->z F     unmapped_nand2         8 68.0     0   191     759    (-,-) 
  g13484/z                             (u)     in_0->z R     unmapped_nand2         1  8.5     0    87     846    (-,-) 
  g13456/z                             (u)     in_1->z F     unmapped_complex2      8 68.0     0   191    1037    (-,-) 
  csa_tree_mul_4306_112/g1120/z        (u)     in_0->z R     unmapped_nand2         4 34.0     0   138    1175    (-,-) 
  csa_tree_mul_4306_112/g1004/z        (u)     in_1->z R     unmapped_or2           1  8.5     0    87    1262    (-,-) 
  csa_tree_mul_4306_112/g1005/z        (u)     in_1->z F     unmapped_nand2         2 17.0     0   105    1366    (-,-) 
  csa_tree_mul_4306_112/g941/z         (u)     in_0->z F     unmapped_or2           1  8.5     0    87    1454    (-,-) 
  csa_tree_mul_4306_112/g942/z         (u)     in_1->z R     unmapped_nand2         4 34.0     0   138    1591    (-,-) 
  csa_tree_mul_4306_112/g904/z         (u)     in_1->z F     unmapped_complex2      1  8.5     0    87    1678    (-,-) 
  csa_tree_mul_4306_112/g905/z         (u)     in_1->z R     unmapped_nand2         2 17.0     0   105    1783    (-,-) 
  csa_tree_mul_4306_112/g757/z         (u)     in_1->z R     unmapped_complex2      1  8.5     0    87    1870    (-,-) 
  csa_tree_mul_4306_112/g758/z         (u)     in_1->z F     unmapped_nand2         4 34.0     0   138    2008    (-,-) 
  csa_tree_mul_4306_112/g753/z         (u)     in_0->z R     unmapped_complex2      1  8.5     0    87    2095    (-,-) 
  csa_tree_mul_4306_112/g754/z         (u)     in_1->z F     unmapped_nand2         2 17.0     0   105    2200    (-,-) 
  csa_tree_mul_4306_112/g733/z         (u)     in_0->z F     unmapped_complex2      1  8.5     0    87    2287    (-,-) 
  csa_tree_mul_4306_112/g734/z         (u)     in_1->z R     unmapped_nand2         1  8.5     0    87    2374    (-,-) 
  CDN_CARRYSAVE_MUX_GROUPi3401/g3478/z (u)     in_1->z R     unmapped_and2          3 25.5     0   121    2495    (-,-) 
  csa_tree_add_3739_54_groupi/g1989/z  (u)     in_1->z F     unmapped_complex2      1  8.5     0    87    2582    (-,-) 
  csa_tree_add_3739_54_groupi/g1990/z  (u)     in_1->z R     unmapped_nand2         2 17.0     0   105    2687    (-,-) 
  csa_tree_add_3739_54_groupi/g1911/z  (u)     in_0->z R     unmapped_complex2      1  8.5     0    87    2774    (-,-) 
  csa_tree_add_3739_54_groupi/g1912/z  (u)     in_1->z F     unmapped_nand2         2 17.0     0   105    2879    (-,-) 
  csa_tree_add_3739_54_groupi/g1796/z  (u)     in_1->z F     unmapped_or2           3 25.5     0   121    3000    (-,-) 
  csa_tree_add_3739_54_groupi/g1754/z  (u)     in_1->z R     unmapped_complex2      1  8.5     0    87    3087    (-,-) 
  csa_tree_add_3739_54_groupi/g1741/z  (u)     in_0->z F     unmapped_nand2         2 17.0     0   105    3192    (-,-) 
  csa_tree_add_3739_54_groupi/g1735/z  (u)     in_1->z R     unmapped_nand2         1  8.5     0    87    3279    (-,-) 
  csa_tree_add_3739_54_groupi/g1729/z  (u)     in_0->z F     unmapped_nand2         1  8.5     0    87    3366    (-,-) 
  csa_tree_add_3739_54_groupi/g1727/z  (u)     in_1->z R     unmapped_nand2         1  8.5     0    87    3453    (-,-) 
  csa_tree_add_3739_54_groupi/g1724/z  (u)     in_0->z F     unmapped_nand2         1  8.5     0    87    3540    (-,-) 
  csa_tree_add_3739_54_groupi/g1691/z  (u)     in_1->z F     unmapped_complex2      4 34.0     0   138    3678    (-,-) 
  csa_tree_add_3739_54_groupi/g1677/z  (u)     in_0->z R     unmapped_complex2      1  8.5     0    87    3765    (-,-) 
  csa_tree_add_3739_54_groupi/g1676/z  (u)     in_0->z F     unmapped_complex2      3 25.5     0   121    3886    (-,-) 
  csa_tree_add_3739_54_groupi/g1673/z  (u)     in_1->z R     unmapped_nand2         1  8.5     0    87    3973    (-,-) 
  csa_tree_add_3739_54_groupi/g1663/z  (u)     in_1->z F     unmapped_nand2         3 25.5     0   121    4095    (-,-) 
  csa_tree_add_3739_54_groupi/g1662/z  (u)     in_1->z R     unmapped_nand2         1  8.5     0    87    4182    (-,-) 
  csa_tree_add_3739_54_groupi/g1658/z  (u)     in_1->z F     unmapped_nand2         6 51.0     0   166    4348    (-,-) 
  csa_tree_add_3739_54_groupi/g1655/z  (u)     in_0->z R     unmapped_complex2      1  8.5     0    87    4435    (-,-) 
  csa_tree_add_3739_54_groupi/g1650/z  (u)     in_0->z F     unmapped_complex2      3 25.5     0   121    4556    (-,-) 
  csa_tree_add_3739_54_groupi/g1633/z  (u)     in_1->z R     unmapped_nand2         1  8.5     0    87    4643    (-,-) 
  csa_tree_add_3739_54_groupi/g1616/z  (u)     in_1->z F     unmapped_nand2         2 17.0     0   105    4748    (-,-) 
  csa_tree_add_3739_54_groupi/g1608/z  (u)     in_0->z F     unmapped_or2           1  8.5     0    87    4835    (-,-) 
  csa_tree_add_3739_54_groupi/g1609/z  (u)     in_1->z R     unmapped_nand2         1  8.5     0    87    4922    (-,-) 
  g26834/z                             (u)     in_1->z F     unmapped_nand2         1  8.5     0    87    5010    (-,-) 
  g25811/z                             (u)     in_1->z R     unmapped_nand2         1  8.5     0    87    5097    (-,-) 
  s_reg_18_reg[19]/d                   -       -       R     unmapped_d_flop        1    -     -     0    5097    (-,-) 
#-----------------------------------------------------------------------------------------------------------------------

(u) : Net has unmapped pin(s).



Path 19: MET (5748 ps) Setup Check with Pin s_reg_18_reg[29]/clk->d
          Group: C2C
     Startpoint: (R) gs_ctrl_proc_h4000000000000_reg/clk
          Clock: (R) clock
       Endpoint: (R) s_reg_18_reg[29]/d
          Clock: (R) clock

                     Capture       Launch     
        Clock Edge:+   11000            0     
       Src Latency:+       0            0     
       Net Latency:+       0 (I)        0 (I) 
           Arrival:=   11000            0     
                                              
             Setup:-     241                  
     Required Time:=   10759                  
      Launch Clock:-       0                  
         Data Path:-    5011                  
             Slack:=    5748                  

#-----------------------------------------------------------------------------------------------------------------------
#            Timing Point              Flags    Arc    Edge       Cell         Fanout Load Trans Delay Arrival Instance 
#                                                                                     (fF)  (ps)  (ps)   (ps)  Location 
#-----------------------------------------------------------------------------------------------------------------------
  gs_ctrl_proc_h4000000000000_reg/clk  -       -       R     (arrival)            195    -     0     0       0    (-,-) 
  gs_ctrl_proc_h4000000000000_reg/q    (u)     clk->q  R     unmapped_d_flop        5 42.5     0   480     480    (-,-) 
  g13505/z                             (u)     in_1->z R     unmapped_or2           1  8.5     0    87     567    (-,-) 
  g13506/z                             (u)     in_1->z F     unmapped_nand2         8 68.0     0   191     759    (-,-) 
  g13484/z                             (u)     in_0->z R     unmapped_nand2         1  8.5     0    87     846    (-,-) 
  g13456/z                             (u)     in_1->z F     unmapped_complex2      8 68.0     0   191    1037    (-,-) 
  csa_tree_mul_4306_112/g1120/z        (u)     in_0->z R     unmapped_nand2         4 34.0     0   138    1175    (-,-) 
  csa_tree_mul_4306_112/g1004/z        (u)     in_1->z R     unmapped_or2           1  8.5     0    87    1262    (-,-) 
  csa_tree_mul_4306_112/g1005/z        (u)     in_1->z F     unmapped_nand2         2 17.0     0   105    1366    (-,-) 
  csa_tree_mul_4306_112/g941/z         (u)     in_0->z F     unmapped_or2           1  8.5     0    87    1454    (-,-) 
  csa_tree_mul_4306_112/g942/z         (u)     in_1->z R     unmapped_nand2         4 34.0     0   138    1591    (-,-) 
  csa_tree_mul_4306_112/g904/z         (u)     in_1->z F     unmapped_complex2      1  8.5     0    87    1678    (-,-) 
  csa_tree_mul_4306_112/g905/z         (u)     in_1->z R     unmapped_nand2         2 17.0     0   105    1783    (-,-) 
  csa_tree_mul_4306_112/g757/z         (u)     in_1->z R     unmapped_complex2      1  8.5     0    87    1870    (-,-) 
  csa_tree_mul_4306_112/g758/z         (u)     in_1->z F     unmapped_nand2         4 34.0     0   138    2008    (-,-) 
  csa_tree_mul_4306_112/g753/z         (u)     in_0->z R     unmapped_complex2      1  8.5     0    87    2095    (-,-) 
  csa_tree_mul_4306_112/g754/z         (u)     in_1->z F     unmapped_nand2         2 17.0     0   105    2200    (-,-) 
  csa_tree_mul_4306_112/g733/z         (u)     in_0->z F     unmapped_complex2      1  8.5     0    87    2287    (-,-) 
  csa_tree_mul_4306_112/g734/z         (u)     in_1->z R     unmapped_nand2         1  8.5     0    87    2374    (-,-) 
  CDN_CARRYSAVE_MUX_GROUPi3401/g3478/z (u)     in_1->z R     unmapped_and2          3 25.5     0   121    2495    (-,-) 
  csa_tree_add_3739_54_groupi/g1989/z  (u)     in_1->z F     unmapped_complex2      1  8.5     0    87    2582    (-,-) 
  csa_tree_add_3739_54_groupi/g1990/z  (u)     in_1->z R     unmapped_nand2         2 17.0     0   105    2687    (-,-) 
  csa_tree_add_3739_54_groupi/g1911/z  (u)     in_0->z R     unmapped_complex2      1  8.5     0    87    2774    (-,-) 
  csa_tree_add_3739_54_groupi/g1912/z  (u)     in_1->z F     unmapped_nand2         2 17.0     0   105    2879    (-,-) 
  csa_tree_add_3739_54_groupi/g1796/z  (u)     in_1->z F     unmapped_or2           3 25.5     0   121    3000    (-,-) 
  csa_tree_add_3739_54_groupi/g1754/z  (u)     in_1->z R     unmapped_complex2      1  8.5     0    87    3087    (-,-) 
  csa_tree_add_3739_54_groupi/g1741/z  (u)     in_0->z F     unmapped_nand2         2 17.0     0   105    3192    (-,-) 
  csa_tree_add_3739_54_groupi/g1735/z  (u)     in_1->z R     unmapped_nand2         1  8.5     0    87    3279    (-,-) 
  csa_tree_add_3739_54_groupi/g1729/z  (u)     in_0->z F     unmapped_nand2         1  8.5     0    87    3366    (-,-) 
  csa_tree_add_3739_54_groupi/g1727/z  (u)     in_1->z R     unmapped_nand2         1  8.5     0    87    3453    (-,-) 
  csa_tree_add_3739_54_groupi/g1724/z  (u)     in_0->z F     unmapped_nand2         1  8.5     0    87    3540    (-,-) 
  csa_tree_add_3739_54_groupi/g1691/z  (u)     in_1->z F     unmapped_complex2      4 34.0     0   138    3678    (-,-) 
  csa_tree_add_3739_54_groupi/g1677/z  (u)     in_0->z R     unmapped_complex2      1  8.5     0    87    3765    (-,-) 
  csa_tree_add_3739_54_groupi/g1676/z  (u)     in_0->z F     unmapped_complex2      3 25.5     0   121    3886    (-,-) 
  csa_tree_add_3739_54_groupi/g1673/z  (u)     in_1->z R     unmapped_nand2         1  8.5     0    87    3973    (-,-) 
  csa_tree_add_3739_54_groupi/g1663/z  (u)     in_1->z F     unmapped_nand2         3 25.5     0   121    4095    (-,-) 
  csa_tree_add_3739_54_groupi/g1662/z  (u)     in_1->z R     unmapped_nand2         1  8.5     0    87    4182    (-,-) 
  csa_tree_add_3739_54_groupi/g1658/z  (u)     in_1->z F     unmapped_nand2         6 51.0     0   166    4348    (-,-) 
  csa_tree_add_3739_54_groupi/g1654/z  (u)     in_0->z R     unmapped_complex2      2 17.0     0   105    4453    (-,-) 
  csa_tree_add_3739_54_groupi/g1648/z  (u)     in_0->z R     unmapped_or2           2 17.0     0   105    4558    (-,-) 
  csa_tree_add_3739_54_groupi/g1634/z  (u)     in_0->z F     unmapped_complex2      2 17.0     0   105    4662    (-,-) 
  csa_tree_add_3739_54_groupi/g1618/z  (u)     in_0->z F     unmapped_or2           1  8.5     0    87    4750    (-,-) 
  csa_tree_add_3739_54_groupi/g1619/z  (u)     in_1->z R     unmapped_nand2         1  8.5     0    87    4837    (-,-) 
  g26862/z                             (u)     in_1->z F     unmapped_nand2         1  8.5     0    87    4924    (-,-) 
  g25768/z                             (u)     in_1->z R     unmapped_nand2         1  8.5     0    87    5011    (-,-) 
  s_reg_18_reg[29]/d                   -       -       R     unmapped_d_flop        1    -     -     0    5011    (-,-) 
#-----------------------------------------------------------------------------------------------------------------------

(u) : Net has unmapped pin(s).



Path 20: MET (5791 ps) Setup Check with Pin s_reg_18_reg[24]/clk->d
          Group: C2C
     Startpoint: (R) gs_ctrl_proc_h4000000000000_reg/clk
          Clock: (R) clock
       Endpoint: (R) s_reg_18_reg[24]/d
          Clock: (R) clock

                     Capture       Launch     
        Clock Edge:+   11000            0     
       Src Latency:+       0            0     
       Net Latency:+       0 (I)        0 (I) 
           Arrival:=   11000            0     
                                              
             Setup:-     241                  
     Required Time:=   10759                  
      Launch Clock:-       0                  
         Data Path:-    4968                  
             Slack:=    5791                  

#-----------------------------------------------------------------------------------------------------------------------
#            Timing Point              Flags    Arc    Edge       Cell         Fanout Load Trans Delay Arrival Instance 
#                                                                                     (fF)  (ps)  (ps)   (ps)  Location 
#-----------------------------------------------------------------------------------------------------------------------
  gs_ctrl_proc_h4000000000000_reg/clk  -       -       R     (arrival)            195    -     0     0       0    (-,-) 
  gs_ctrl_proc_h4000000000000_reg/q    (u)     clk->q  R     unmapped_d_flop        5 42.5     0   480     480    (-,-) 
  g13505/z                             (u)     in_1->z R     unmapped_or2           1  8.5     0    87     567    (-,-) 
  g13506/z                             (u)     in_1->z F     unmapped_nand2         8 68.0     0   191     759    (-,-) 
  g13484/z                             (u)     in_0->z R     unmapped_nand2         1  8.5     0    87     846    (-,-) 
  g13456/z                             (u)     in_1->z F     unmapped_complex2      8 68.0     0   191    1037    (-,-) 
  csa_tree_mul_4306_112/g1120/z        (u)     in_0->z R     unmapped_nand2         4 34.0     0   138    1175    (-,-) 
  csa_tree_mul_4306_112/g1004/z        (u)     in_1->z R     unmapped_or2           1  8.5     0    87    1262    (-,-) 
  csa_tree_mul_4306_112/g1005/z        (u)     in_1->z F     unmapped_nand2         2 17.0     0   105    1366    (-,-) 
  csa_tree_mul_4306_112/g941/z         (u)     in_0->z F     unmapped_or2           1  8.5     0    87    1454    (-,-) 
  csa_tree_mul_4306_112/g942/z         (u)     in_1->z R     unmapped_nand2         4 34.0     0   138    1591    (-,-) 
  csa_tree_mul_4306_112/g904/z         (u)     in_1->z F     unmapped_complex2      1  8.5     0    87    1678    (-,-) 
  csa_tree_mul_4306_112/g905/z         (u)     in_1->z R     unmapped_nand2         2 17.0     0   105    1783    (-,-) 
  csa_tree_mul_4306_112/g757/z         (u)     in_1->z R     unmapped_complex2      1  8.5     0    87    1870    (-,-) 
  csa_tree_mul_4306_112/g758/z         (u)     in_1->z F     unmapped_nand2         4 34.0     0   138    2008    (-,-) 
  csa_tree_mul_4306_112/g753/z         (u)     in_0->z R     unmapped_complex2      1  8.5     0    87    2095    (-,-) 
  csa_tree_mul_4306_112/g754/z         (u)     in_1->z F     unmapped_nand2         2 17.0     0   105    2200    (-,-) 
  csa_tree_mul_4306_112/g733/z         (u)     in_0->z F     unmapped_complex2      1  8.5     0    87    2287    (-,-) 
  csa_tree_mul_4306_112/g734/z         (u)     in_1->z R     unmapped_nand2         1  8.5     0    87    2374    (-,-) 
  CDN_CARRYSAVE_MUX_GROUPi3401/g3478/z (u)     in_1->z R     unmapped_and2          3 25.5     0   121    2495    (-,-) 
  csa_tree_add_3739_54_groupi/g1989/z  (u)     in_1->z F     unmapped_complex2      1  8.5     0    87    2582    (-,-) 
  csa_tree_add_3739_54_groupi/g1990/z  (u)     in_1->z R     unmapped_nand2         2 17.0     0   105    2687    (-,-) 
  csa_tree_add_3739_54_groupi/g1911/z  (u)     in_0->z R     unmapped_complex2      1  8.5     0    87    2774    (-,-) 
  csa_tree_add_3739_54_groupi/g1912/z  (u)     in_1->z F     unmapped_nand2         2 17.0     0   105    2879    (-,-) 
  csa_tree_add_3739_54_groupi/g1796/z  (u)     in_1->z F     unmapped_or2           3 25.5     0   121    3000    (-,-) 
  csa_tree_add_3739_54_groupi/g1754/z  (u)     in_1->z R     unmapped_complex2      1  8.5     0    87    3087    (-,-) 
  csa_tree_add_3739_54_groupi/g1741/z  (u)     in_0->z F     unmapped_nand2         2 17.0     0   105    3192    (-,-) 
  csa_tree_add_3739_54_groupi/g1735/z  (u)     in_1->z R     unmapped_nand2         1  8.5     0    87    3279    (-,-) 
  csa_tree_add_3739_54_groupi/g1729/z  (u)     in_0->z F     unmapped_nand2         1  8.5     0    87    3366    (-,-) 
  csa_tree_add_3739_54_groupi/g1727/z  (u)     in_1->z R     unmapped_nand2         1  8.5     0    87    3453    (-,-) 
  csa_tree_add_3739_54_groupi/g1724/z  (u)     in_0->z F     unmapped_nand2         1  8.5     0    87    3540    (-,-) 
  csa_tree_add_3739_54_groupi/g1691/z  (u)     in_1->z F     unmapped_complex2      4 34.0     0   138    3678    (-,-) 
  csa_tree_add_3739_54_groupi/g1677/z  (u)     in_0->z R     unmapped_complex2      1  8.5     0    87    3765    (-,-) 
  csa_tree_add_3739_54_groupi/g1676/z  (u)     in_0->z F     unmapped_complex2      3 25.5     0   121    3886    (-,-) 
  csa_tree_add_3739_54_groupi/g1673/z  (u)     in_1->z R     unmapped_nand2         1  8.5     0    87    3973    (-,-) 
  csa_tree_add_3739_54_groupi/g1663/z  (u)     in_1->z F     unmapped_nand2         3 25.5     0   121    4095    (-,-) 
  csa_tree_add_3739_54_groupi/g1662/z  (u)     in_1->z R     unmapped_nand2         1  8.5     0    87    4182    (-,-) 
  csa_tree_add_3739_54_groupi/g1658/z  (u)     in_1->z F     unmapped_nand2         6 51.0     0   166    4348    (-,-) 
  csa_tree_add_3739_54_groupi/g1654/z  (u)     in_0->z R     unmapped_complex2      2 17.0     0   105    4453    (-,-) 
  csa_tree_add_3739_54_groupi/g1649/z  (u)     in_0->z F     unmapped_complex2      6 51.0     0   166    4619    (-,-) 
  csa_tree_add_3739_54_groupi/g1638/z  (u)     in_0->z F     unmapped_or2           1  8.5     0    87    4706    (-,-) 
  csa_tree_add_3739_54_groupi/g1639/z  (u)     in_1->z R     unmapped_nand2         1  8.5     0    87    4793    (-,-) 
  g26855/z                             (u)     in_1->z F     unmapped_nand2         1  8.5     0    87    4880    (-,-) 
  g25798/z                             (u)     in_1->z R     unmapped_nand2         1  8.5     0    87    4968    (-,-) 
  s_reg_18_reg[24]/d                   -       -       R     unmapped_d_flop        1    -     -     0    4968    (-,-) 
#-----------------------------------------------------------------------------------------------------------------------

(u) : Net has unmapped pin(s).



Path 21: MET (5838 ps) Setup Check with Pin s_reg_18_reg[20]/clk->d
          Group: C2C
     Startpoint: (R) gs_ctrl_proc_h4000000000000_reg/clk
          Clock: (R) clock
       Endpoint: (R) s_reg_18_reg[20]/d
          Clock: (R) clock

                     Capture       Launch     
        Clock Edge:+   11000            0     
       Src Latency:+       0            0     
       Net Latency:+       0 (I)        0 (I) 
           Arrival:=   11000            0     
                                              
             Setup:-     241                  
     Required Time:=   10759                  
      Launch Clock:-       0                  
         Data Path:-    4921                  
             Slack:=    5838                  

#-----------------------------------------------------------------------------------------------------------------------
#            Timing Point              Flags    Arc    Edge       Cell         Fanout Load Trans Delay Arrival Instance 
#                                                                                     (fF)  (ps)  (ps)   (ps)  Location 
#-----------------------------------------------------------------------------------------------------------------------
  gs_ctrl_proc_h4000000000000_reg/clk  -       -       R     (arrival)            195    -     0     0       0    (-,-) 
  gs_ctrl_proc_h4000000000000_reg/q    (u)     clk->q  R     unmapped_d_flop        5 42.5     0   480     480    (-,-) 
  g13505/z                             (u)     in_1->z R     unmapped_or2           1  8.5     0    87     567    (-,-) 
  g13506/z                             (u)     in_1->z F     unmapped_nand2         8 68.0     0   191     759    (-,-) 
  g13484/z                             (u)     in_0->z R     unmapped_nand2         1  8.5     0    87     846    (-,-) 
  g13456/z                             (u)     in_1->z F     unmapped_complex2      8 68.0     0   191    1037    (-,-) 
  csa_tree_mul_4306_112/g1120/z        (u)     in_0->z R     unmapped_nand2         4 34.0     0   138    1175    (-,-) 
  csa_tree_mul_4306_112/g1004/z        (u)     in_1->z R     unmapped_or2           1  8.5     0    87    1262    (-,-) 
  csa_tree_mul_4306_112/g1005/z        (u)     in_1->z F     unmapped_nand2         2 17.0     0   105    1366    (-,-) 
  csa_tree_mul_4306_112/g941/z         (u)     in_0->z F     unmapped_or2           1  8.5     0    87    1454    (-,-) 
  csa_tree_mul_4306_112/g942/z         (u)     in_1->z R     unmapped_nand2         4 34.0     0   138    1591    (-,-) 
  csa_tree_mul_4306_112/g904/z         (u)     in_1->z F     unmapped_complex2      1  8.5     0    87    1678    (-,-) 
  csa_tree_mul_4306_112/g905/z         (u)     in_1->z R     unmapped_nand2         2 17.0     0   105    1783    (-,-) 
  csa_tree_mul_4306_112/g757/z         (u)     in_1->z R     unmapped_complex2      1  8.5     0    87    1870    (-,-) 
  csa_tree_mul_4306_112/g758/z         (u)     in_1->z F     unmapped_nand2         4 34.0     0   138    2008    (-,-) 
  csa_tree_mul_4306_112/g753/z         (u)     in_0->z R     unmapped_complex2      1  8.5     0    87    2095    (-,-) 
  csa_tree_mul_4306_112/g754/z         (u)     in_1->z F     unmapped_nand2         2 17.0     0   105    2200    (-,-) 
  csa_tree_mul_4306_112/g733/z         (u)     in_0->z F     unmapped_complex2      1  8.5     0    87    2287    (-,-) 
  csa_tree_mul_4306_112/g734/z         (u)     in_1->z R     unmapped_nand2         1  8.5     0    87    2374    (-,-) 
  CDN_CARRYSAVE_MUX_GROUPi3401/g3478/z (u)     in_1->z R     unmapped_and2          3 25.5     0   121    2495    (-,-) 
  csa_tree_add_3739_54_groupi/g1989/z  (u)     in_1->z F     unmapped_complex2      1  8.5     0    87    2582    (-,-) 
  csa_tree_add_3739_54_groupi/g1990/z  (u)     in_1->z R     unmapped_nand2         2 17.0     0   105    2687    (-,-) 
  csa_tree_add_3739_54_groupi/g1911/z  (u)     in_0->z R     unmapped_complex2      1  8.5     0    87    2774    (-,-) 
  csa_tree_add_3739_54_groupi/g1912/z  (u)     in_1->z F     unmapped_nand2         2 17.0     0   105    2879    (-,-) 
  csa_tree_add_3739_54_groupi/g1796/z  (u)     in_1->z F     unmapped_or2           3 25.5     0   121    3000    (-,-) 
  csa_tree_add_3739_54_groupi/g1754/z  (u)     in_1->z R     unmapped_complex2      1  8.5     0    87    3087    (-,-) 
  csa_tree_add_3739_54_groupi/g1741/z  (u)     in_0->z F     unmapped_nand2         2 17.0     0   105    3192    (-,-) 
  csa_tree_add_3739_54_groupi/g1735/z  (u)     in_1->z R     unmapped_nand2         1  8.5     0    87    3279    (-,-) 
  csa_tree_add_3739_54_groupi/g1729/z  (u)     in_0->z F     unmapped_nand2         1  8.5     0    87    3366    (-,-) 
  csa_tree_add_3739_54_groupi/g1727/z  (u)     in_1->z R     unmapped_nand2         1  8.5     0    87    3453    (-,-) 
  csa_tree_add_3739_54_groupi/g1724/z  (u)     in_0->z F     unmapped_nand2         1  8.5     0    87    3540    (-,-) 
  csa_tree_add_3739_54_groupi/g1691/z  (u)     in_1->z F     unmapped_complex2      4 34.0     0   138    3678    (-,-) 
  csa_tree_add_3739_54_groupi/g1677/z  (u)     in_0->z R     unmapped_complex2      1  8.5     0    87    3765    (-,-) 
  csa_tree_add_3739_54_groupi/g1676/z  (u)     in_0->z F     unmapped_complex2      3 25.5     0   121    3886    (-,-) 
  csa_tree_add_3739_54_groupi/g1673/z  (u)     in_1->z R     unmapped_nand2         1  8.5     0    87    3973    (-,-) 
  csa_tree_add_3739_54_groupi/g1663/z  (u)     in_1->z F     unmapped_nand2         3 25.5     0   121    4095    (-,-) 
  csa_tree_add_3739_54_groupi/g1662/z  (u)     in_1->z R     unmapped_nand2         1  8.5     0    87    4182    (-,-) 
  csa_tree_add_3739_54_groupi/g1658/z  (u)     in_1->z F     unmapped_nand2         6 51.0     0   166    4348    (-,-) 
  csa_tree_add_3739_54_groupi/g1657/z  (u)     in_0->z R     unmapped_complex2      1  8.5     0    87    4435    (-,-) 
  csa_tree_add_3739_54_groupi/g1646/z  (u)     in_0->z F     unmapped_complex2      4 34.0     0   138    4573    (-,-) 
  csa_tree_add_3739_54_groupi/g1628/z  (u)     in_0->z F     unmapped_or2           1  8.5     0    87    4660    (-,-) 
  csa_tree_add_3739_54_groupi/g1629/z  (u)     in_1->z R     unmapped_nand2         1  8.5     0    87    4747    (-,-) 
  g26835/z                             (u)     in_1->z F     unmapped_nand2         1  8.5     0    87    4834    (-,-) 
  g25834/z                             (u)     in_1->z R     unmapped_nand2         1  8.5     0    87    4921    (-,-) 
  s_reg_18_reg[20]/d                   -       -       R     unmapped_d_flop        1    -     -     0    4921    (-,-) 
#-----------------------------------------------------------------------------------------------------------------------

(u) : Net has unmapped pin(s).



Path 22: MET (5854 ps) Setup Check with Pin s_reg_18_reg[18]/clk->d
          Group: C2C
     Startpoint: (R) gs_ctrl_proc_h4000000000000_reg/clk
          Clock: (R) clock
       Endpoint: (R) s_reg_18_reg[18]/d
          Clock: (R) clock

                     Capture       Launch     
        Clock Edge:+   11000            0     
       Src Latency:+       0            0     
       Net Latency:+       0 (I)        0 (I) 
           Arrival:=   11000            0     
                                              
             Setup:-     241                  
     Required Time:=   10759                  
      Launch Clock:-       0                  
         Data Path:-    4905                  
             Slack:=    5854                  

#-----------------------------------------------------------------------------------------------------------------------
#            Timing Point              Flags    Arc    Edge       Cell         Fanout Load Trans Delay Arrival Instance 
#                                                                                     (fF)  (ps)  (ps)   (ps)  Location 
#-----------------------------------------------------------------------------------------------------------------------
  gs_ctrl_proc_h4000000000000_reg/clk  -       -       R     (arrival)            195    -     0     0       0    (-,-) 
  gs_ctrl_proc_h4000000000000_reg/q    (u)     clk->q  R     unmapped_d_flop        5 42.5     0   480     480    (-,-) 
  g13505/z                             (u)     in_1->z R     unmapped_or2           1  8.5     0    87     567    (-,-) 
  g13506/z                             (u)     in_1->z F     unmapped_nand2         8 68.0     0   191     759    (-,-) 
  g13484/z                             (u)     in_0->z R     unmapped_nand2         1  8.5     0    87     846    (-,-) 
  g13456/z                             (u)     in_1->z F     unmapped_complex2      8 68.0     0   191    1037    (-,-) 
  csa_tree_mul_4306_112/g1120/z        (u)     in_0->z R     unmapped_nand2         4 34.0     0   138    1175    (-,-) 
  csa_tree_mul_4306_112/g1004/z        (u)     in_1->z R     unmapped_or2           1  8.5     0    87    1262    (-,-) 
  csa_tree_mul_4306_112/g1005/z        (u)     in_1->z F     unmapped_nand2         2 17.0     0   105    1366    (-,-) 
  csa_tree_mul_4306_112/g941/z         (u)     in_0->z F     unmapped_or2           1  8.5     0    87    1454    (-,-) 
  csa_tree_mul_4306_112/g942/z         (u)     in_1->z R     unmapped_nand2         4 34.0     0   138    1591    (-,-) 
  csa_tree_mul_4306_112/g904/z         (u)     in_1->z F     unmapped_complex2      1  8.5     0    87    1678    (-,-) 
  csa_tree_mul_4306_112/g905/z         (u)     in_1->z R     unmapped_nand2         2 17.0     0   105    1783    (-,-) 
  csa_tree_mul_4306_112/g757/z         (u)     in_1->z R     unmapped_complex2      1  8.5     0    87    1870    (-,-) 
  csa_tree_mul_4306_112/g758/z         (u)     in_1->z F     unmapped_nand2         4 34.0     0   138    2008    (-,-) 
  csa_tree_mul_4306_112/g753/z         (u)     in_0->z R     unmapped_complex2      1  8.5     0    87    2095    (-,-) 
  csa_tree_mul_4306_112/g754/z         (u)     in_1->z F     unmapped_nand2         2 17.0     0   105    2200    (-,-) 
  csa_tree_mul_4306_112/g733/z         (u)     in_0->z F     unmapped_complex2      1  8.5     0    87    2287    (-,-) 
  csa_tree_mul_4306_112/g734/z         (u)     in_1->z R     unmapped_nand2         1  8.5     0    87    2374    (-,-) 
  CDN_CARRYSAVE_MUX_GROUPi3401/g3478/z (u)     in_1->z R     unmapped_and2          3 25.5     0   121    2495    (-,-) 
  csa_tree_add_3739_54_groupi/g1989/z  (u)     in_1->z F     unmapped_complex2      1  8.5     0    87    2582    (-,-) 
  csa_tree_add_3739_54_groupi/g1990/z  (u)     in_1->z R     unmapped_nand2         2 17.0     0   105    2687    (-,-) 
  csa_tree_add_3739_54_groupi/g1911/z  (u)     in_0->z R     unmapped_complex2      1  8.5     0    87    2774    (-,-) 
  csa_tree_add_3739_54_groupi/g1912/z  (u)     in_1->z F     unmapped_nand2         2 17.0     0   105    2879    (-,-) 
  csa_tree_add_3739_54_groupi/g1796/z  (u)     in_1->z F     unmapped_or2           3 25.5     0   121    3000    (-,-) 
  csa_tree_add_3739_54_groupi/g1754/z  (u)     in_1->z R     unmapped_complex2      1  8.5     0    87    3087    (-,-) 
  csa_tree_add_3739_54_groupi/g1741/z  (u)     in_0->z F     unmapped_nand2         2 17.0     0   105    3192    (-,-) 
  csa_tree_add_3739_54_groupi/g1735/z  (u)     in_1->z R     unmapped_nand2         1  8.5     0    87    3279    (-,-) 
  csa_tree_add_3739_54_groupi/g1729/z  (u)     in_0->z F     unmapped_nand2         1  8.5     0    87    3366    (-,-) 
  csa_tree_add_3739_54_groupi/g1727/z  (u)     in_1->z R     unmapped_nand2         1  8.5     0    87    3453    (-,-) 
  csa_tree_add_3739_54_groupi/g1724/z  (u)     in_0->z F     unmapped_nand2         1  8.5     0    87    3540    (-,-) 
  csa_tree_add_3739_54_groupi/g1691/z  (u)     in_1->z F     unmapped_complex2      4 34.0     0   138    3678    (-,-) 
  csa_tree_add_3739_54_groupi/g1677/z  (u)     in_0->z R     unmapped_complex2      1  8.5     0    87    3765    (-,-) 
  csa_tree_add_3739_54_groupi/g1676/z  (u)     in_0->z F     unmapped_complex2      3 25.5     0   121    3886    (-,-) 
  csa_tree_add_3739_54_groupi/g1673/z  (u)     in_1->z R     unmapped_nand2         1  8.5     0    87    3973    (-,-) 
  csa_tree_add_3739_54_groupi/g1663/z  (u)     in_1->z F     unmapped_nand2         3 25.5     0   121    4095    (-,-) 
  csa_tree_add_3739_54_groupi/g1662/z  (u)     in_1->z R     unmapped_nand2         1  8.5     0    87    4182    (-,-) 
  csa_tree_add_3739_54_groupi/g1658/z  (u)     in_1->z F     unmapped_nand2         6 51.0     0   166    4348    (-,-) 
  csa_tree_add_3739_54_groupi/g1655/z  (u)     in_0->z R     unmapped_complex2      1  8.5     0    87    4435    (-,-) 
  csa_tree_add_3739_54_groupi/g1650/z  (u)     in_0->z F     unmapped_complex2      3 25.5     0   121    4556    (-,-) 
  csa_tree_add_3739_54_groupi/g1631/z  (u)     in_0->z F     unmapped_or2           1  8.5     0    87    4643    (-,-) 
  csa_tree_add_3739_54_groupi/g1632/z  (u)     in_1->z R     unmapped_nand2         1  8.5     0    87    4730    (-,-) 
  g26831/z                             (u)     in_1->z F     unmapped_nand2         1  8.5     0    87    4818    (-,-) 
  g25799/z                             (u)     in_1->z R     unmapped_nand2         1  8.5     0    87    4905    (-,-) 
  s_reg_18_reg[18]/d                   -       -       R     unmapped_d_flop        1    -     -     0    4905    (-,-) 
#-----------------------------------------------------------------------------------------------------------------------

(u) : Net has unmapped pin(s).



Path 23: MET (5871 ps) Setup Check with Pin s_reg_18_reg[17]/clk->d
          Group: C2C
     Startpoint: (R) gs_ctrl_proc_h4000000000000_reg/clk
          Clock: (R) clock
       Endpoint: (R) s_reg_18_reg[17]/d
          Clock: (R) clock

                     Capture       Launch     
        Clock Edge:+   11000            0     
       Src Latency:+       0            0     
       Net Latency:+       0 (I)        0 (I) 
           Arrival:=   11000            0     
                                              
             Setup:-     241                  
     Required Time:=   10759                  
      Launch Clock:-       0                  
         Data Path:-    4888                  
             Slack:=    5871                  

#-----------------------------------------------------------------------------------------------------------------------
#            Timing Point              Flags    Arc    Edge       Cell         Fanout Load Trans Delay Arrival Instance 
#                                                                                     (fF)  (ps)  (ps)   (ps)  Location 
#-----------------------------------------------------------------------------------------------------------------------
  gs_ctrl_proc_h4000000000000_reg/clk  -       -       R     (arrival)            195    -     0     0       0    (-,-) 
  gs_ctrl_proc_h4000000000000_reg/q    (u)     clk->q  R     unmapped_d_flop        5 42.5     0   480     480    (-,-) 
  g13505/z                             (u)     in_1->z R     unmapped_or2           1  8.5     0    87     567    (-,-) 
  g13506/z                             (u)     in_1->z F     unmapped_nand2         8 68.0     0   191     759    (-,-) 
  g13484/z                             (u)     in_0->z R     unmapped_nand2         1  8.5     0    87     846    (-,-) 
  g13456/z                             (u)     in_1->z F     unmapped_complex2      8 68.0     0   191    1037    (-,-) 
  csa_tree_mul_4306_112/g1120/z        (u)     in_0->z R     unmapped_nand2         4 34.0     0   138    1175    (-,-) 
  csa_tree_mul_4306_112/g1004/z        (u)     in_1->z R     unmapped_or2           1  8.5     0    87    1262    (-,-) 
  csa_tree_mul_4306_112/g1005/z        (u)     in_1->z F     unmapped_nand2         2 17.0     0   105    1366    (-,-) 
  csa_tree_mul_4306_112/g941/z         (u)     in_0->z F     unmapped_or2           1  8.5     0    87    1454    (-,-) 
  csa_tree_mul_4306_112/g942/z         (u)     in_1->z R     unmapped_nand2         4 34.0     0   138    1591    (-,-) 
  csa_tree_mul_4306_112/g904/z         (u)     in_1->z F     unmapped_complex2      1  8.5     0    87    1678    (-,-) 
  csa_tree_mul_4306_112/g905/z         (u)     in_1->z R     unmapped_nand2         2 17.0     0   105    1783    (-,-) 
  csa_tree_mul_4306_112/g757/z         (u)     in_1->z R     unmapped_complex2      1  8.5     0    87    1870    (-,-) 
  csa_tree_mul_4306_112/g758/z         (u)     in_1->z F     unmapped_nand2         4 34.0     0   138    2008    (-,-) 
  csa_tree_mul_4306_112/g753/z         (u)     in_0->z R     unmapped_complex2      1  8.5     0    87    2095    (-,-) 
  csa_tree_mul_4306_112/g754/z         (u)     in_1->z F     unmapped_nand2         2 17.0     0   105    2200    (-,-) 
  csa_tree_mul_4306_112/g733/z         (u)     in_0->z F     unmapped_complex2      1  8.5     0    87    2287    (-,-) 
  csa_tree_mul_4306_112/g734/z         (u)     in_1->z R     unmapped_nand2         1  8.5     0    87    2374    (-,-) 
  CDN_CARRYSAVE_MUX_GROUPi3401/g3478/z (u)     in_1->z R     unmapped_and2          3 25.5     0   121    2495    (-,-) 
  csa_tree_add_3739_54_groupi/g1989/z  (u)     in_1->z F     unmapped_complex2      1  8.5     0    87    2582    (-,-) 
  csa_tree_add_3739_54_groupi/g1990/z  (u)     in_1->z R     unmapped_nand2         2 17.0     0   105    2687    (-,-) 
  csa_tree_add_3739_54_groupi/g1911/z  (u)     in_0->z R     unmapped_complex2      1  8.5     0    87    2774    (-,-) 
  csa_tree_add_3739_54_groupi/g1912/z  (u)     in_1->z F     unmapped_nand2         2 17.0     0   105    2879    (-,-) 
  csa_tree_add_3739_54_groupi/g1796/z  (u)     in_1->z F     unmapped_or2           3 25.5     0   121    3000    (-,-) 
  csa_tree_add_3739_54_groupi/g1754/z  (u)     in_1->z R     unmapped_complex2      1  8.5     0    87    3087    (-,-) 
  csa_tree_add_3739_54_groupi/g1741/z  (u)     in_0->z F     unmapped_nand2         2 17.0     0   105    3192    (-,-) 
  csa_tree_add_3739_54_groupi/g1735/z  (u)     in_1->z R     unmapped_nand2         1  8.5     0    87    3279    (-,-) 
  csa_tree_add_3739_54_groupi/g1729/z  (u)     in_0->z F     unmapped_nand2         1  8.5     0    87    3366    (-,-) 
  csa_tree_add_3739_54_groupi/g1727/z  (u)     in_1->z R     unmapped_nand2         1  8.5     0    87    3453    (-,-) 
  csa_tree_add_3739_54_groupi/g1724/z  (u)     in_0->z F     unmapped_nand2         1  8.5     0    87    3540    (-,-) 
  csa_tree_add_3739_54_groupi/g1691/z  (u)     in_1->z F     unmapped_complex2      4 34.0     0   138    3678    (-,-) 
  csa_tree_add_3739_54_groupi/g1677/z  (u)     in_0->z R     unmapped_complex2      1  8.5     0    87    3765    (-,-) 
  csa_tree_add_3739_54_groupi/g1676/z  (u)     in_0->z F     unmapped_complex2      3 25.5     0   121    3886    (-,-) 
  csa_tree_add_3739_54_groupi/g1673/z  (u)     in_1->z R     unmapped_nand2         1  8.5     0    87    3973    (-,-) 
  csa_tree_add_3739_54_groupi/g1663/z  (u)     in_1->z F     unmapped_nand2         3 25.5     0   121    4095    (-,-) 
  csa_tree_add_3739_54_groupi/g1662/z  (u)     in_1->z R     unmapped_nand2         1  8.5     0    87    4182    (-,-) 
  csa_tree_add_3739_54_groupi/g1658/z  (u)     in_1->z F     unmapped_nand2         6 51.0     0   166    4348    (-,-) 
  csa_tree_add_3739_54_groupi/g1656/z  (u)     in_1->z R     unmapped_nand2         1  8.5     0    87    4435    (-,-) 
  csa_tree_add_3739_54_groupi/g1647/z  (u)     in_1->z F     unmapped_nand2         2 17.0     0   105    4540    (-,-) 
  csa_tree_add_3739_54_groupi/g1644/z  (u)     in_0->z F     unmapped_or2           1  8.5     0    87    4627    (-,-) 
  csa_tree_add_3739_54_groupi/g1645/z  (u)     in_1->z R     unmapped_nand2         1  8.5     0    87    4714    (-,-) 
  g26824/z                             (u)     in_1->z F     unmapped_nand2         1  8.5     0    87    4801    (-,-) 
  g25794/z                             (u)     in_1->z R     unmapped_nand2         1  8.5     0    87    4888    (-,-) 
  s_reg_18_reg[17]/d                   -       -       R     unmapped_d_flop        1    -     -     0    4888    (-,-) 
#-----------------------------------------------------------------------------------------------------------------------

(u) : Net has unmapped pin(s).



Path 24: MET (6062 ps) Setup Check with Pin s_reg_18_reg[16]/clk->d
          Group: C2C
     Startpoint: (R) gs_ctrl_proc_h4000000000000_reg/clk
          Clock: (R) clock
       Endpoint: (R) s_reg_18_reg[16]/d
          Clock: (R) clock

                     Capture       Launch     
        Clock Edge:+   11000            0     
       Src Latency:+       0            0     
       Net Latency:+       0 (I)        0 (I) 
           Arrival:=   11000            0     
                                              
             Setup:-     241                  
     Required Time:=   10759                  
      Launch Clock:-       0                  
         Data Path:-    4696                  
             Slack:=    6062                  

#-----------------------------------------------------------------------------------------------------------------------
#            Timing Point              Flags    Arc    Edge       Cell         Fanout Load Trans Delay Arrival Instance 
#                                                                                     (fF)  (ps)  (ps)   (ps)  Location 
#-----------------------------------------------------------------------------------------------------------------------
  gs_ctrl_proc_h4000000000000_reg/clk  -       -       R     (arrival)            195    -     0     0       0    (-,-) 
  gs_ctrl_proc_h4000000000000_reg/q    (u)     clk->q  R     unmapped_d_flop        5 42.5     0   480     480    (-,-) 
  g13505/z                             (u)     in_1->z R     unmapped_or2           1  8.5     0    87     567    (-,-) 
  g13506/z                             (u)     in_1->z F     unmapped_nand2         8 68.0     0   191     759    (-,-) 
  g13484/z                             (u)     in_0->z R     unmapped_nand2         1  8.5     0    87     846    (-,-) 
  g13456/z                             (u)     in_1->z F     unmapped_complex2      8 68.0     0   191    1037    (-,-) 
  csa_tree_mul_4306_112/g1120/z        (u)     in_0->z R     unmapped_nand2         4 34.0     0   138    1175    (-,-) 
  csa_tree_mul_4306_112/g1004/z        (u)     in_1->z R     unmapped_or2           1  8.5     0    87    1262    (-,-) 
  csa_tree_mul_4306_112/g1005/z        (u)     in_1->z F     unmapped_nand2         2 17.0     0   105    1366    (-,-) 
  csa_tree_mul_4306_112/g941/z         (u)     in_0->z F     unmapped_or2           1  8.5     0    87    1454    (-,-) 
  csa_tree_mul_4306_112/g942/z         (u)     in_1->z R     unmapped_nand2         4 34.0     0   138    1591    (-,-) 
  csa_tree_mul_4306_112/g904/z         (u)     in_1->z F     unmapped_complex2      1  8.5     0    87    1678    (-,-) 
  csa_tree_mul_4306_112/g905/z         (u)     in_1->z R     unmapped_nand2         2 17.0     0   105    1783    (-,-) 
  csa_tree_mul_4306_112/g757/z         (u)     in_1->z R     unmapped_complex2      1  8.5     0    87    1870    (-,-) 
  csa_tree_mul_4306_112/g758/z         (u)     in_1->z F     unmapped_nand2         4 34.0     0   138    2008    (-,-) 
  csa_tree_mul_4306_112/g753/z         (u)     in_0->z R     unmapped_complex2      1  8.5     0    87    2095    (-,-) 
  csa_tree_mul_4306_112/g754/z         (u)     in_1->z F     unmapped_nand2         2 17.0     0   105    2200    (-,-) 
  csa_tree_mul_4306_112/g733/z         (u)     in_0->z F     unmapped_complex2      1  8.5     0    87    2287    (-,-) 
  csa_tree_mul_4306_112/g734/z         (u)     in_1->z R     unmapped_nand2         1  8.5     0    87    2374    (-,-) 
  CDN_CARRYSAVE_MUX_GROUPi3401/g3478/z (u)     in_1->z R     unmapped_and2          3 25.5     0   121    2495    (-,-) 
  csa_tree_add_3739_54_groupi/g1989/z  (u)     in_1->z F     unmapped_complex2      1  8.5     0    87    2582    (-,-) 
  csa_tree_add_3739_54_groupi/g1990/z  (u)     in_1->z R     unmapped_nand2         2 17.0     0   105    2687    (-,-) 
  csa_tree_add_3739_54_groupi/g1911/z  (u)     in_0->z R     unmapped_complex2      1  8.5     0    87    2774    (-,-) 
  csa_tree_add_3739_54_groupi/g1912/z  (u)     in_1->z F     unmapped_nand2         2 17.0     0   105    2879    (-,-) 
  csa_tree_add_3739_54_groupi/g1796/z  (u)     in_1->z F     unmapped_or2           3 25.5     0   121    3000    (-,-) 
  csa_tree_add_3739_54_groupi/g1754/z  (u)     in_1->z R     unmapped_complex2      1  8.5     0    87    3087    (-,-) 
  csa_tree_add_3739_54_groupi/g1741/z  (u)     in_0->z F     unmapped_nand2         2 17.0     0   105    3192    (-,-) 
  csa_tree_add_3739_54_groupi/g1735/z  (u)     in_1->z R     unmapped_nand2         1  8.5     0    87    3279    (-,-) 
  csa_tree_add_3739_54_groupi/g1729/z  (u)     in_0->z F     unmapped_nand2         1  8.5     0    87    3366    (-,-) 
  csa_tree_add_3739_54_groupi/g1727/z  (u)     in_1->z R     unmapped_nand2         1  8.5     0    87    3453    (-,-) 
  csa_tree_add_3739_54_groupi/g1724/z  (u)     in_0->z F     unmapped_nand2         1  8.5     0    87    3540    (-,-) 
  csa_tree_add_3739_54_groupi/g1691/z  (u)     in_1->z F     unmapped_complex2      4 34.0     0   138    3678    (-,-) 
  csa_tree_add_3739_54_groupi/g1677/z  (u)     in_0->z R     unmapped_complex2      1  8.5     0    87    3765    (-,-) 
  csa_tree_add_3739_54_groupi/g1676/z  (u)     in_0->z F     unmapped_complex2      3 25.5     0   121    3886    (-,-) 
  csa_tree_add_3739_54_groupi/g1673/z  (u)     in_1->z R     unmapped_nand2         1  8.5     0    87    3973    (-,-) 
  csa_tree_add_3739_54_groupi/g1663/z  (u)     in_1->z F     unmapped_nand2         3 25.5     0   121    4095    (-,-) 
  csa_tree_add_3739_54_groupi/g1662/z  (u)     in_1->z R     unmapped_nand2         1  8.5     0    87    4182    (-,-) 
  csa_tree_add_3739_54_groupi/g1658/z  (u)     in_1->z F     unmapped_nand2         6 51.0     0   166    4348    (-,-) 
  csa_tree_add_3739_54_groupi/g1652/z  (u)     in_0->z F     unmapped_or2           1  8.5     0    87    4435    (-,-) 
  csa_tree_add_3739_54_groupi/g1653/z  (u)     in_1->z R     unmapped_nand2         1  8.5     0    87    4522    (-,-) 
  g26822/z                             (u)     in_1->z F     unmapped_nand2         1  8.5     0    87    4609    (-,-) 
  g25758/z                             (u)     in_1->z R     unmapped_nand2         1  8.5     0    87    4696    (-,-) 
  s_reg_18_reg[16]/d                   -       -       R     unmapped_d_flop        1    -     -     0    4696    (-,-) 
#-----------------------------------------------------------------------------------------------------------------------

(u) : Net has unmapped pin(s).



Path 25: MET (6316 ps) Setup Check with Pin s_reg_18_reg[15]/clk->d
          Group: C2C
     Startpoint: (R) gs_ctrl_proc_h4000000000000_reg/clk
          Clock: (R) clock
       Endpoint: (R) s_reg_18_reg[15]/d
          Clock: (R) clock

                     Capture       Launch     
        Clock Edge:+   11000            0     
       Src Latency:+       0            0     
       Net Latency:+       0 (I)        0 (I) 
           Arrival:=   11000            0     
                                              
             Setup:-     241                  
     Required Time:=   10759                  
      Launch Clock:-       0                  
         Data Path:-    4443                  
             Slack:=    6316                  

#-----------------------------------------------------------------------------------------------------------------------
#            Timing Point              Flags    Arc    Edge       Cell         Fanout Load Trans Delay Arrival Instance 
#                                                                                     (fF)  (ps)  (ps)   (ps)  Location 
#-----------------------------------------------------------------------------------------------------------------------
  gs_ctrl_proc_h4000000000000_reg/clk  -       -       R     (arrival)            195    -     0     0       0    (-,-) 
  gs_ctrl_proc_h4000000000000_reg/q    (u)     clk->q  R     unmapped_d_flop        5 42.5     0   480     480    (-,-) 
  g13505/z                             (u)     in_1->z R     unmapped_or2           1  8.5     0    87     567    (-,-) 
  g13506/z                             (u)     in_1->z F     unmapped_nand2         8 68.0     0   191     759    (-,-) 
  g13484/z                             (u)     in_0->z R     unmapped_nand2         1  8.5     0    87     846    (-,-) 
  g13456/z                             (u)     in_1->z F     unmapped_complex2      8 68.0     0   191    1037    (-,-) 
  csa_tree_mul_4306_112/g1120/z        (u)     in_0->z R     unmapped_nand2         4 34.0     0   138    1175    (-,-) 
  csa_tree_mul_4306_112/g1004/z        (u)     in_1->z R     unmapped_or2           1  8.5     0    87    1262    (-,-) 
  csa_tree_mul_4306_112/g1005/z        (u)     in_1->z F     unmapped_nand2         2 17.0     0   105    1366    (-,-) 
  csa_tree_mul_4306_112/g941/z         (u)     in_0->z F     unmapped_or2           1  8.5     0    87    1454    (-,-) 
  csa_tree_mul_4306_112/g942/z         (u)     in_1->z R     unmapped_nand2         4 34.0     0   138    1591    (-,-) 
  csa_tree_mul_4306_112/g904/z         (u)     in_1->z F     unmapped_complex2      1  8.5     0    87    1678    (-,-) 
  csa_tree_mul_4306_112/g905/z         (u)     in_1->z R     unmapped_nand2         2 17.0     0   105    1783    (-,-) 
  csa_tree_mul_4306_112/g757/z         (u)     in_1->z R     unmapped_complex2      1  8.5     0    87    1870    (-,-) 
  csa_tree_mul_4306_112/g758/z         (u)     in_1->z F     unmapped_nand2         4 34.0     0   138    2008    (-,-) 
  csa_tree_mul_4306_112/g753/z         (u)     in_0->z R     unmapped_complex2      1  8.5     0    87    2095    (-,-) 
  csa_tree_mul_4306_112/g754/z         (u)     in_1->z F     unmapped_nand2         2 17.0     0   105    2200    (-,-) 
  csa_tree_mul_4306_112/g733/z         (u)     in_0->z F     unmapped_complex2      1  8.5     0    87    2287    (-,-) 
  csa_tree_mul_4306_112/g734/z         (u)     in_1->z R     unmapped_nand2         1  8.5     0    87    2374    (-,-) 
  CDN_CARRYSAVE_MUX_GROUPi3401/g3478/z (u)     in_1->z R     unmapped_and2          3 25.5     0   121    2495    (-,-) 
  csa_tree_add_3739_54_groupi/g1989/z  (u)     in_1->z F     unmapped_complex2      1  8.5     0    87    2582    (-,-) 
  csa_tree_add_3739_54_groupi/g1990/z  (u)     in_1->z R     unmapped_nand2         2 17.0     0   105    2687    (-,-) 
  csa_tree_add_3739_54_groupi/g1911/z  (u)     in_0->z R     unmapped_complex2      1  8.5     0    87    2774    (-,-) 
  csa_tree_add_3739_54_groupi/g1912/z  (u)     in_1->z F     unmapped_nand2         2 17.0     0   105    2879    (-,-) 
  csa_tree_add_3739_54_groupi/g1796/z  (u)     in_1->z F     unmapped_or2           3 25.5     0   121    3000    (-,-) 
  csa_tree_add_3739_54_groupi/g1754/z  (u)     in_1->z R     unmapped_complex2      1  8.5     0    87    3087    (-,-) 
  csa_tree_add_3739_54_groupi/g1741/z  (u)     in_0->z F     unmapped_nand2         2 17.0     0   105    3192    (-,-) 
  csa_tree_add_3739_54_groupi/g1735/z  (u)     in_1->z R     unmapped_nand2         1  8.5     0    87    3279    (-,-) 
  csa_tree_add_3739_54_groupi/g1729/z  (u)     in_0->z F     unmapped_nand2         1  8.5     0    87    3366    (-,-) 
  csa_tree_add_3739_54_groupi/g1727/z  (u)     in_1->z R     unmapped_nand2         1  8.5     0    87    3453    (-,-) 
  csa_tree_add_3739_54_groupi/g1724/z  (u)     in_0->z F     unmapped_nand2         1  8.5     0    87    3540    (-,-) 
  csa_tree_add_3739_54_groupi/g1691/z  (u)     in_1->z F     unmapped_complex2      4 34.0     0   138    3678    (-,-) 
  csa_tree_add_3739_54_groupi/g1677/z  (u)     in_0->z R     unmapped_complex2      1  8.5     0    87    3765    (-,-) 
  csa_tree_add_3739_54_groupi/g1676/z  (u)     in_0->z F     unmapped_complex2      3 25.5     0   121    3886    (-,-) 
  csa_tree_add_3739_54_groupi/g1673/z  (u)     in_1->z R     unmapped_nand2         1  8.5     0    87    3973    (-,-) 
  csa_tree_add_3739_54_groupi/g1663/z  (u)     in_1->z F     unmapped_nand2         3 25.5     0   121    4095    (-,-) 
  csa_tree_add_3739_54_groupi/g1660/z  (u)     in_0->z F     unmapped_or2           1  8.5     0    87    4182    (-,-) 
  csa_tree_add_3739_54_groupi/g1661/z  (u)     in_1->z R     unmapped_nand2         1  8.5     0    87    4269    (-,-) 
  g26819/z                             (u)     in_1->z F     unmapped_nand2         1  8.5     0    87    4356    (-,-) 
  g25741/z                             (u)     in_1->z R     unmapped_nand2         1  8.5     0    87    4443    (-,-) 
  s_reg_18_reg[15]/d                   -       -       R     unmapped_d_flop        1    -     -     0    4443    (-,-) 
#-----------------------------------------------------------------------------------------------------------------------

(u) : Net has unmapped pin(s).



Path 26: MET (6438 ps) Setup Check with Pin gs_ctrl_proc_h10000000000001c_reg/clk->d
          Group: I2C
     Startpoint: (R) start
          Clock: (R) clock
       Endpoint: (R) gs_ctrl_proc_h10000000000001c_reg/d
          Clock: (R) clock

                     Capture       Launch     
        Clock Edge:+   11000            0     
        Drv Adjust:+       0            0     
       Src Latency:+       0            0     
       Net Latency:+       0 (I)        0 (I) 
           Arrival:=   11000            0     
                                              
             Setup:-     241                  
     Required Time:=   10759                  
      Launch Clock:-       0                  
       Input Delay:-    3300                  
         Data Path:-    1020                  
             Slack:=    6438                  

Exceptions/Constraints:
  input_delay             3300            qcnn.sdc_line_5 

#----------------------------------------------------------------------------------------------------------------------
#            Timing Point             Flags    Arc    Edge       Cell         Fanout Load Trans Delay Arrival Instance 
#                                                                                    (fF)  (ps)  (ps)   (ps)  Location 
#----------------------------------------------------------------------------------------------------------------------
  start                               (u)     -       R     (arrival)              3 25.5     0     0    3300    (-,-) 
  g26639/z                            (u)     in_1->z R     unmapped_complex2      3 25.5     0   121    3421    (-,-) 
  g25621/z                            (u)     in_1->z F     unmapped_complex2      1  8.5     0    87    3508    (-,-) 
  g28216/z                            (u)     in_0->z F     unmapped_complex2      1  8.5     0    87    3595    (-,-) 
  g25484/z                            (u)     in_1->z F     unmapped_complex2      1  8.5     0    87    3682    (-,-) 
  g25444/z                            (u)     in_0->z F     unmapped_complex2      4 34.0     0   138    3820    (-,-) 
  g25402/z                            (u)     in_1->z F     unmapped_or2           5 42.5     0   152    3972    (-,-) 
  g25350/z                            (u)     in_1->z F     unmapped_or2           1  8.5     0    87    4059    (-,-) 
  g25326/z                            (u)     in_1->z R     unmapped_nand2         1  8.5     0    87    4146    (-,-) 
  g28263/z                            (u)     in_0->z F     unmapped_complex2      1  8.5     0    87    4233    (-,-) 
  g25295/z                            (u)     in_1->z R     unmapped_nand2         1  8.5     0    87    4320    (-,-) 
  gs_ctrl_proc_h10000000000001c_reg/d -       -       R     unmapped_d_flop        1    -     -     0    4320    (-,-) 
#----------------------------------------------------------------------------------------------------------------------

(u) : Net has unmapped pin(s).



Path 27: MET (6457 ps) Setup Check with Pin gs_ctrl_proc_hf0000000000010_reg[0]/clk->d
          Group: I2C
     Startpoint: (R) start
          Clock: (R) clock
       Endpoint: (R) gs_ctrl_proc_hf0000000000010_reg[0]/d
          Clock: (R) clock

                     Capture       Launch     
        Clock Edge:+   11000            0     
        Drv Adjust:+       0            0     
       Src Latency:+       0            0     
       Net Latency:+       0 (I)        0 (I) 
           Arrival:=   11000            0     
                                              
             Setup:-     241                  
     Required Time:=   10759                  
      Launch Clock:-       0                  
       Input Delay:-    3300                  
         Data Path:-    1002                  
             Slack:=    6457                  

Exceptions/Constraints:
  input_delay             3300            qcnn.sdc_line_5 

#------------------------------------------------------------------------------------------------------------------------
#             Timing Point              Flags    Arc    Edge       Cell         Fanout Load Trans Delay Arrival Instance 
#                                                                                      (fF)  (ps)  (ps)   (ps)  Location 
#------------------------------------------------------------------------------------------------------------------------
  start                                 (u)     -       R     (arrival)              3 25.5     0     0    3300    (-,-) 
  g26639/z                              (u)     in_1->z R     unmapped_complex2      3 25.5     0   121    3421    (-,-) 
  g25621/z                              (u)     in_1->z F     unmapped_complex2      1  8.5     0    87    3508    (-,-) 
  g28216/z                              (u)     in_0->z F     unmapped_complex2      1  8.5     0    87    3595    (-,-) 
  g25484/z                              (u)     in_1->z F     unmapped_complex2      1  8.5     0    87    3682    (-,-) 
  g25444/z                              (u)     in_0->z F     unmapped_complex2      4 34.0     0   138    3820    (-,-) 
  g25402/z                              (u)     in_1->z F     unmapped_or2           5 42.5     0   152    3972    (-,-) 
  g25359/z                              (u)     in_1->z F     unmapped_or2           2 17.0     0   105    4077    (-,-) 
  g25336/z                              (u)     in_0->z F     unmapped_complex2      4 34.0     0   138    4214    (-,-) 
  g25334/z                              (u)     in_1->z R     unmapped_nand2         1  8.5     0    87    4302    (-,-) 
  gs_ctrl_proc_hf0000000000010_reg[0]/d -       -       R     unmapped_d_flop        1    -     -     0    4302    (-,-) 
#------------------------------------------------------------------------------------------------------------------------

(u) : Net has unmapped pin(s).



Path 28: MET (6457 ps) Setup Check with Pin gs_ctrl_proc_h2000080010_reg[0]/clk->d
          Group: I2C
     Startpoint: (R) start
          Clock: (R) clock
       Endpoint: (R) gs_ctrl_proc_h2000080010_reg[0]/d
          Clock: (R) clock

                     Capture       Launch     
        Clock Edge:+   11000            0     
        Drv Adjust:+       0            0     
       Src Latency:+       0            0     
       Net Latency:+       0 (I)        0 (I) 
           Arrival:=   11000            0     
                                              
             Setup:-     241                  
     Required Time:=   10759                  
      Launch Clock:-       0                  
       Input Delay:-    3300                  
         Data Path:-    1002                  
             Slack:=    6457                  

Exceptions/Constraints:
  input_delay             3300            qcnn.sdc_line_5 

#--------------------------------------------------------------------------------------------------------------------
#           Timing Point            Flags    Arc    Edge       Cell         Fanout Load Trans Delay Arrival Instance 
#                                                                                  (fF)  (ps)  (ps)   (ps)  Location 
#--------------------------------------------------------------------------------------------------------------------
  start                             (u)     -       R     (arrival)              3 25.5     0     0    3300    (-,-) 
  g26639/z                          (u)     in_1->z R     unmapped_complex2      3 25.5     0   121    3421    (-,-) 
  g25621/z                          (u)     in_1->z F     unmapped_complex2      1  8.5     0    87    3508    (-,-) 
  g28216/z                          (u)     in_0->z F     unmapped_complex2      1  8.5     0    87    3595    (-,-) 
  g25484/z                          (u)     in_1->z F     unmapped_complex2      1  8.5     0    87    3682    (-,-) 
  g25444/z                          (u)     in_0->z F     unmapped_complex2      4 34.0     0   138    3820    (-,-) 
  g25402/z                          (u)     in_1->z F     unmapped_or2           5 42.5     0   152    3972    (-,-) 
  g25359/z                          (u)     in_1->z F     unmapped_or2           2 17.0     0   105    4077    (-,-) 
  g25336/z                          (u)     in_0->z F     unmapped_complex2      4 34.0     0   138    4214    (-,-) 
  g25318/z                          (u)     in_1->z R     unmapped_nand2         1  8.5     0    87    4302    (-,-) 
  gs_ctrl_proc_h2000080010_reg[0]/d -       -       R     unmapped_d_flop        1    -     -     0    4302    (-,-) 
#--------------------------------------------------------------------------------------------------------------------

(u) : Net has unmapped pin(s).



Path 29: MET (6493 ps) Setup Check with Pin gs_ctrl_proc_h10_reg/clk->d
          Group: I2C
     Startpoint: (R) start
          Clock: (R) clock
       Endpoint: (R) gs_ctrl_proc_h10_reg/d
          Clock: (R) clock

                     Capture       Launch     
        Clock Edge:+   11000            0     
        Drv Adjust:+       0            0     
       Src Latency:+       0            0     
       Net Latency:+       0 (I)        0 (I) 
           Arrival:=   11000            0     
                                              
             Setup:-     241                  
     Required Time:=   10759                  
      Launch Clock:-       0                  
       Input Delay:-    3300                  
         Data Path:-     966                  
             Slack:=    6493                  

Exceptions/Constraints:
  input_delay             3300            qcnn.sdc_line_5 

#---------------------------------------------------------------------------------------------------------
#     Timing Point       Flags    Arc    Edge       Cell         Fanout Load Trans Delay Arrival Instance 
#                                                                       (fF)  (ps)  (ps)   (ps)  Location 
#---------------------------------------------------------------------------------------------------------
  start                  (u)     -       R     (arrival)              3 25.5     0     0    3300    (-,-) 
  g26639/z               (u)     in_1->z R     unmapped_complex2      3 25.5     0   121    3421    (-,-) 
  g25621/z               (u)     in_1->z F     unmapped_complex2      1  8.5     0    87    3508    (-,-) 
  g28216/z               (u)     in_0->z F     unmapped_complex2      1  8.5     0    87    3595    (-,-) 
  g25484/z               (u)     in_1->z F     unmapped_complex2      1  8.5     0    87    3682    (-,-) 
  g25444/z               (u)     in_0->z F     unmapped_complex2      4 34.0     0   138    3820    (-,-) 
  g25402/z               (u)     in_1->z F     unmapped_or2           5 42.5     0   152    3972    (-,-) 
  g25359/z               (u)     in_1->z F     unmapped_or2           2 17.0     0   105    4077    (-,-) 
  g25336/z               (u)     in_0->z F     unmapped_complex2      4 34.0     0   138    4214    (-,-) 
  g25337/z               (u)     in_0->z R     unmapped_not           1  8.5     0    51    4266    (-,-) 
  gs_ctrl_proc_h10_reg/d -       -       R     unmapped_d_flop        1    -     -     0    4266    (-,-) 
#---------------------------------------------------------------------------------------------------------

(u) : Net has unmapped pin(s).



Path 30: MET (6524 ps) Setup Check with Pin s_reg_18_reg[14]/clk->d
          Group: C2C
     Startpoint: (R) gs_ctrl_proc_h4000000000000_reg/clk
          Clock: (R) clock
       Endpoint: (R) s_reg_18_reg[14]/d
          Clock: (R) clock

                     Capture       Launch     
        Clock Edge:+   11000            0     
       Src Latency:+       0            0     
       Net Latency:+       0 (I)        0 (I) 
           Arrival:=   11000            0     
                                              
             Setup:-     241                  
     Required Time:=   10759                  
      Launch Clock:-       0                  
         Data Path:-    4235                  
             Slack:=    6524                  

#-----------------------------------------------------------------------------------------------------------------------
#            Timing Point              Flags    Arc    Edge       Cell         Fanout Load Trans Delay Arrival Instance 
#                                                                                     (fF)  (ps)  (ps)   (ps)  Location 
#-----------------------------------------------------------------------------------------------------------------------
  gs_ctrl_proc_h4000000000000_reg/clk  -       -       R     (arrival)            195    -     0     0       0    (-,-) 
  gs_ctrl_proc_h4000000000000_reg/q    (u)     clk->q  R     unmapped_d_flop        5 42.5     0   480     480    (-,-) 
  g13505/z                             (u)     in_1->z R     unmapped_or2           1  8.5     0    87     567    (-,-) 
  g13506/z                             (u)     in_1->z F     unmapped_nand2         8 68.0     0   191     759    (-,-) 
  g13484/z                             (u)     in_0->z R     unmapped_nand2         1  8.5     0    87     846    (-,-) 
  g13456/z                             (u)     in_1->z F     unmapped_complex2      8 68.0     0   191    1037    (-,-) 
  csa_tree_mul_4306_112/g1120/z        (u)     in_0->z R     unmapped_nand2         4 34.0     0   138    1175    (-,-) 
  csa_tree_mul_4306_112/g1004/z        (u)     in_1->z R     unmapped_or2           1  8.5     0    87    1262    (-,-) 
  csa_tree_mul_4306_112/g1005/z        (u)     in_1->z F     unmapped_nand2         2 17.0     0   105    1366    (-,-) 
  csa_tree_mul_4306_112/g941/z         (u)     in_0->z F     unmapped_or2           1  8.5     0    87    1454    (-,-) 
  csa_tree_mul_4306_112/g942/z         (u)     in_1->z R     unmapped_nand2         4 34.0     0   138    1591    (-,-) 
  csa_tree_mul_4306_112/g904/z         (u)     in_1->z F     unmapped_complex2      1  8.5     0    87    1678    (-,-) 
  csa_tree_mul_4306_112/g905/z         (u)     in_1->z R     unmapped_nand2         2 17.0     0   105    1783    (-,-) 
  csa_tree_mul_4306_112/g757/z         (u)     in_1->z R     unmapped_complex2      1  8.5     0    87    1870    (-,-) 
  csa_tree_mul_4306_112/g758/z         (u)     in_1->z F     unmapped_nand2         4 34.0     0   138    2008    (-,-) 
  csa_tree_mul_4306_112/g753/z         (u)     in_0->z R     unmapped_complex2      1  8.5     0    87    2095    (-,-) 
  csa_tree_mul_4306_112/g754/z         (u)     in_1->z F     unmapped_nand2         2 17.0     0   105    2200    (-,-) 
  csa_tree_mul_4306_112/g733/z         (u)     in_0->z F     unmapped_complex2      1  8.5     0    87    2287    (-,-) 
  csa_tree_mul_4306_112/g734/z         (u)     in_1->z R     unmapped_nand2         1  8.5     0    87    2374    (-,-) 
  CDN_CARRYSAVE_MUX_GROUPi3401/g3478/z (u)     in_1->z R     unmapped_and2          3 25.5     0   121    2495    (-,-) 
  csa_tree_add_3739_54_groupi/g1989/z  (u)     in_1->z F     unmapped_complex2      1  8.5     0    87    2582    (-,-) 
  csa_tree_add_3739_54_groupi/g1990/z  (u)     in_1->z R     unmapped_nand2         2 17.0     0   105    2687    (-,-) 
  csa_tree_add_3739_54_groupi/g1911/z  (u)     in_0->z R     unmapped_complex2      1  8.5     0    87    2774    (-,-) 
  csa_tree_add_3739_54_groupi/g1912/z  (u)     in_1->z F     unmapped_nand2         2 17.0     0   105    2879    (-,-) 
  csa_tree_add_3739_54_groupi/g1796/z  (u)     in_1->z F     unmapped_or2           3 25.5     0   121    3000    (-,-) 
  csa_tree_add_3739_54_groupi/g1754/z  (u)     in_1->z R     unmapped_complex2      1  8.5     0    87    3087    (-,-) 
  csa_tree_add_3739_54_groupi/g1741/z  (u)     in_0->z F     unmapped_nand2         2 17.0     0   105    3192    (-,-) 
  csa_tree_add_3739_54_groupi/g1735/z  (u)     in_1->z R     unmapped_nand2         1  8.5     0    87    3279    (-,-) 
  csa_tree_add_3739_54_groupi/g1729/z  (u)     in_0->z F     unmapped_nand2         1  8.5     0    87    3366    (-,-) 
  csa_tree_add_3739_54_groupi/g1727/z  (u)     in_1->z R     unmapped_nand2         1  8.5     0    87    3453    (-,-) 
  csa_tree_add_3739_54_groupi/g1724/z  (u)     in_0->z F     unmapped_nand2         1  8.5     0    87    3540    (-,-) 
  csa_tree_add_3739_54_groupi/g1691/z  (u)     in_1->z F     unmapped_complex2      4 34.0     0   138    3678    (-,-) 
  csa_tree_add_3739_54_groupi/g1677/z  (u)     in_0->z R     unmapped_complex2      1  8.5     0    87    3765    (-,-) 
  csa_tree_add_3739_54_groupi/g1676/z  (u)     in_0->z F     unmapped_complex2      3 25.5     0   121    3886    (-,-) 
  csa_tree_add_3739_54_groupi/g1671/z  (u)     in_0->z F     unmapped_or2           1  8.5     0    87    3973    (-,-) 
  csa_tree_add_3739_54_groupi/g1672/z  (u)     in_1->z R     unmapped_nand2         1  8.5     0    87    4060    (-,-) 
  g26815/z                             (u)     in_1->z F     unmapped_nand2         1  8.5     0    87    4148    (-,-) 
  g25881/z                             (u)     in_1->z R     unmapped_nand2         1  8.5     0    87    4235    (-,-) 
  s_reg_18_reg[14]/d                   -       -       R     unmapped_d_flop        1    -     -     0    4235    (-,-) 
#-----------------------------------------------------------------------------------------------------------------------

(u) : Net has unmapped pin(s).



Path 31: MET (6539 ps) Setup Check with Pin gs_ctrl_proc_h160080_reg[0]/clk->d
          Group: I2C
     Startpoint: (F) start
          Clock: (R) clock
       Endpoint: (R) gs_ctrl_proc_h160080_reg[0]/d
          Clock: (R) clock

                     Capture       Launch     
        Clock Edge:+   11000            0     
        Drv Adjust:+       0            0     
       Src Latency:+       0            0     
       Net Latency:+       0 (I)        0 (I) 
           Arrival:=   11000            0     
                                              
             Setup:-     241                  
     Required Time:=   10759                  
      Launch Clock:-       0                  
       Input Delay:-    3300                  
         Data Path:-     920                  
             Slack:=    6539                  

Exceptions/Constraints:
  input_delay             3300            qcnn.sdc_line_5 

#----------------------------------------------------------------------------------------------------------------
#         Timing Point          Flags    Arc    Edge       Cell         Fanout Load Trans Delay Arrival Instance 
#                                                                              (fF)  (ps)  (ps)   (ps)  Location 
#----------------------------------------------------------------------------------------------------------------
  start                         (u)     -       F     (arrival)              3 25.5     0     0    3300    (-,-) 
  g26639/z                      (u)     in_1->z F     unmapped_complex2      3 25.5     0   121    3421    (-,-) 
  g25621/z                      (u)     in_1->z R     unmapped_complex2      1  8.5     0    87    3508    (-,-) 
  g28216/z                      (u)     in_0->z R     unmapped_complex2      1  8.5     0    87    3595    (-,-) 
  g25484/z                      (u)     in_1->z R     unmapped_complex2      1  8.5     0    87    3682    (-,-) 
  g25444/z                      (u)     in_0->z R     unmapped_complex2      4 34.0     0   138    3820    (-,-) 
  g25408/z                      (u)     in_1->z F     unmapped_nand2         3 25.5     0   121    3941    (-,-) 
  g25346/z                      (u)     in_1->z F     unmapped_or2           1  8.5     0    87    4028    (-,-) 
  g25313/z                      (u)     in_1->z R     unmapped_nand2         2 17.0     0   105    4133    (-,-) 
  g25309/z                      (u)     in_0->z R     unmapped_complex2      1  8.5     0    87    4220    (-,-) 
  gs_ctrl_proc_h160080_reg[0]/d -       -       R     unmapped_d_flop        1    -     -     0    4220    (-,-) 
#----------------------------------------------------------------------------------------------------------------

(u) : Net has unmapped pin(s).



Path 32: MET (6541 ps) Setup Check with Pin s_reg_18_reg[13]/clk->d
          Group: C2C
     Startpoint: (R) gs_ctrl_proc_h4000000000000_reg/clk
          Clock: (R) clock
       Endpoint: (R) s_reg_18_reg[13]/d
          Clock: (R) clock

                     Capture       Launch     
        Clock Edge:+   11000            0     
       Src Latency:+       0            0     
       Net Latency:+       0 (I)        0 (I) 
           Arrival:=   11000            0     
                                              
             Setup:-     241                  
     Required Time:=   10759                  
      Launch Clock:-       0                  
         Data Path:-    4218                  
             Slack:=    6541                  

#-----------------------------------------------------------------------------------------------------------------------
#            Timing Point              Flags    Arc    Edge       Cell         Fanout Load Trans Delay Arrival Instance 
#                                                                                     (fF)  (ps)  (ps)   (ps)  Location 
#-----------------------------------------------------------------------------------------------------------------------
  gs_ctrl_proc_h4000000000000_reg/clk  -       -       R     (arrival)            195    -     0     0       0    (-,-) 
  gs_ctrl_proc_h4000000000000_reg/q    (u)     clk->q  R     unmapped_d_flop        5 42.5     0   480     480    (-,-) 
  g13505/z                             (u)     in_1->z R     unmapped_or2           1  8.5     0    87     567    (-,-) 
  g13506/z                             (u)     in_1->z F     unmapped_nand2         8 68.0     0   191     759    (-,-) 
  g13484/z                             (u)     in_0->z R     unmapped_nand2         1  8.5     0    87     846    (-,-) 
  g13456/z                             (u)     in_1->z F     unmapped_complex2      8 68.0     0   191    1037    (-,-) 
  csa_tree_mul_4306_112/g1120/z        (u)     in_0->z R     unmapped_nand2         4 34.0     0   138    1175    (-,-) 
  csa_tree_mul_4306_112/g1004/z        (u)     in_1->z R     unmapped_or2           1  8.5     0    87    1262    (-,-) 
  csa_tree_mul_4306_112/g1005/z        (u)     in_1->z F     unmapped_nand2         2 17.0     0   105    1366    (-,-) 
  csa_tree_mul_4306_112/g941/z         (u)     in_0->z F     unmapped_or2           1  8.5     0    87    1454    (-,-) 
  csa_tree_mul_4306_112/g942/z         (u)     in_1->z R     unmapped_nand2         4 34.0     0   138    1591    (-,-) 
  csa_tree_mul_4306_112/g904/z         (u)     in_1->z F     unmapped_complex2      1  8.5     0    87    1678    (-,-) 
  csa_tree_mul_4306_112/g905/z         (u)     in_1->z R     unmapped_nand2         2 17.0     0   105    1783    (-,-) 
  csa_tree_mul_4306_112/g757/z         (u)     in_1->z R     unmapped_complex2      1  8.5     0    87    1870    (-,-) 
  csa_tree_mul_4306_112/g758/z         (u)     in_1->z F     unmapped_nand2         4 34.0     0   138    2008    (-,-) 
  csa_tree_mul_4306_112/g753/z         (u)     in_0->z R     unmapped_complex2      1  8.5     0    87    2095    (-,-) 
  csa_tree_mul_4306_112/g754/z         (u)     in_1->z F     unmapped_nand2         2 17.0     0   105    2200    (-,-) 
  csa_tree_mul_4306_112/g733/z         (u)     in_0->z F     unmapped_complex2      1  8.5     0    87    2287    (-,-) 
  csa_tree_mul_4306_112/g734/z         (u)     in_1->z R     unmapped_nand2         1  8.5     0    87    2374    (-,-) 
  CDN_CARRYSAVE_MUX_GROUPi3401/g3478/z (u)     in_1->z R     unmapped_and2          3 25.5     0   121    2495    (-,-) 
  csa_tree_add_3739_54_groupi/g1989/z  (u)     in_1->z F     unmapped_complex2      1  8.5     0    87    2582    (-,-) 
  csa_tree_add_3739_54_groupi/g1990/z  (u)     in_1->z R     unmapped_nand2         2 17.0     0   105    2687    (-,-) 
  csa_tree_add_3739_54_groupi/g1911/z  (u)     in_0->z R     unmapped_complex2      1  8.5     0    87    2774    (-,-) 
  csa_tree_add_3739_54_groupi/g1912/z  (u)     in_1->z F     unmapped_nand2         2 17.0     0   105    2879    (-,-) 
  csa_tree_add_3739_54_groupi/g1796/z  (u)     in_1->z F     unmapped_or2           3 25.5     0   121    3000    (-,-) 
  csa_tree_add_3739_54_groupi/g1754/z  (u)     in_1->z R     unmapped_complex2      1  8.5     0    87    3087    (-,-) 
  csa_tree_add_3739_54_groupi/g1741/z  (u)     in_0->z F     unmapped_nand2         2 17.0     0   105    3192    (-,-) 
  csa_tree_add_3739_54_groupi/g1735/z  (u)     in_1->z R     unmapped_nand2         1  8.5     0    87    3279    (-,-) 
  csa_tree_add_3739_54_groupi/g1729/z  (u)     in_0->z F     unmapped_nand2         1  8.5     0    87    3366    (-,-) 
  csa_tree_add_3739_54_groupi/g1727/z  (u)     in_1->z R     unmapped_nand2         1  8.5     0    87    3453    (-,-) 
  csa_tree_add_3739_54_groupi/g1724/z  (u)     in_0->z F     unmapped_nand2         1  8.5     0    87    3540    (-,-) 
  csa_tree_add_3739_54_groupi/g1691/z  (u)     in_1->z F     unmapped_complex2      4 34.0     0   138    3678    (-,-) 
  csa_tree_add_3739_54_groupi/g1678/z  (u)     in_1->z R     unmapped_nand2         1  8.5     0    87    3765    (-,-) 
  csa_tree_add_3739_54_groupi/g1674/z  (u)     in_1->z F     unmapped_nand2         2 17.0     0   105    3870    (-,-) 
  csa_tree_add_3739_54_groupi/g1665/z  (u)     in_0->z F     unmapped_or2           1  8.5     0    87    3957    (-,-) 
  csa_tree_add_3739_54_groupi/g1666/z  (u)     in_1->z R     unmapped_nand2         1  8.5     0    87    4044    (-,-) 
  g26813/z                             (u)     in_1->z F     unmapped_nand2         1  8.5     0    87    4131    (-,-) 
  g25869/z                             (u)     in_1->z R     unmapped_nand2         1  8.5     0    87    4218    (-,-) 
  s_reg_18_reg[13]/d                   -       -       R     unmapped_d_flop        1    -     -     0    4218    (-,-) 
#-----------------------------------------------------------------------------------------------------------------------

(u) : Net has unmapped pin(s).



Path 33: MET (6595 ps) Setup Check with Pin gs_ctrl_proc_hd0000000000000_reg[0]/clk->d
          Group: I2C
     Startpoint: (R) start
          Clock: (R) clock
       Endpoint: (R) gs_ctrl_proc_hd0000000000000_reg[0]/d
          Clock: (R) clock

                     Capture       Launch     
        Clock Edge:+   11000            0     
        Drv Adjust:+       0            0     
       Src Latency:+       0            0     
       Net Latency:+       0 (I)        0 (I) 
           Arrival:=   11000            0     
                                              
             Setup:-     241                  
     Required Time:=   10759                  
      Launch Clock:-       0                  
       Input Delay:-    3300                  
         Data Path:-     864                  
             Slack:=    6595                  

Exceptions/Constraints:
  input_delay             3300            qcnn.sdc_line_5 

#------------------------------------------------------------------------------------------------------------------------
#             Timing Point              Flags    Arc    Edge       Cell         Fanout Load Trans Delay Arrival Instance 
#                                                                                      (fF)  (ps)  (ps)   (ps)  Location 
#------------------------------------------------------------------------------------------------------------------------
  start                                 (u)     -       R     (arrival)              3 25.5     0     0    3300    (-,-) 
  g26639/z                              (u)     in_1->z R     unmapped_complex2      3 25.5     0   121    3421    (-,-) 
  g25621/z                              (u)     in_1->z F     unmapped_complex2      1  8.5     0    87    3508    (-,-) 
  g28216/z                              (u)     in_0->z F     unmapped_complex2      1  8.5     0    87    3595    (-,-) 
  g25484/z                              (u)     in_1->z F     unmapped_complex2      1  8.5     0    87    3682    (-,-) 
  g25444/z                              (u)     in_0->z F     unmapped_complex2      4 34.0     0   138    3820    (-,-) 
  g25402/z                              (u)     in_1->z F     unmapped_or2           5 42.5     0   152    3972    (-,-) 
  g25351/z                              (u)     in_0->z F     unmapped_or2           2 17.0     0   105    4077    (-,-) 
  g25319/z                              (u)     in_1->z R     unmapped_nand2         1  8.5     0    87    4164    (-,-) 
  gs_ctrl_proc_hd0000000000000_reg[0]/d -       -       R     unmapped_d_flop        1    -     -     0    4164    (-,-) 
#------------------------------------------------------------------------------------------------------------------------

(u) : Net has unmapped pin(s).



Path 34: MET (6595 ps) Setup Check with Pin gs_ctrl_proc_hb0000000000_reg[0]/clk->d
          Group: I2C
     Startpoint: (R) start
          Clock: (R) clock
       Endpoint: (R) gs_ctrl_proc_hb0000000000_reg[0]/d
          Clock: (R) clock

                     Capture       Launch     
        Clock Edge:+   11000            0     
        Drv Adjust:+       0            0     
       Src Latency:+       0            0     
       Net Latency:+       0 (I)        0 (I) 
           Arrival:=   11000            0     
                                              
             Setup:-     241                  
     Required Time:=   10759                  
      Launch Clock:-       0                  
       Input Delay:-    3300                  
         Data Path:-     864                  
             Slack:=    6595                  

Exceptions/Constraints:
  input_delay             3300            qcnn.sdc_line_5 

#---------------------------------------------------------------------------------------------------------------------
#           Timing Point             Flags    Arc    Edge       Cell         Fanout Load Trans Delay Arrival Instance 
#                                                                                   (fF)  (ps)  (ps)   (ps)  Location 
#---------------------------------------------------------------------------------------------------------------------
  start                              (u)     -       R     (arrival)              3 25.5     0     0    3300    (-,-) 
  g26639/z                           (u)     in_1->z R     unmapped_complex2      3 25.5     0   121    3421    (-,-) 
  g25621/z                           (u)     in_1->z F     unmapped_complex2      1  8.5     0    87    3508    (-,-) 
  g28216/z                           (u)     in_0->z F     unmapped_complex2      1  8.5     0    87    3595    (-,-) 
  g25484/z                           (u)     in_1->z F     unmapped_complex2      1  8.5     0    87    3682    (-,-) 
  g25444/z                           (u)     in_0->z F     unmapped_complex2      4 34.0     0   138    3820    (-,-) 
  g25402/z                           (u)     in_1->z F     unmapped_or2           5 42.5     0   152    3972    (-,-) 
  g25314/z                           (u)     in_0->z F     unmapped_or2           2 17.0     0   105    4077    (-,-) 
  g25300/z                           (u)     in_0->z R     unmapped_nand2         1  8.5     0    87    4164    (-,-) 
  gs_ctrl_proc_hb0000000000_reg[0]/d -       -       R     unmapped_d_flop        1    -     -     0    4164    (-,-) 
#---------------------------------------------------------------------------------------------------------------------

(u) : Net has unmapped pin(s).



Path 35: MET (6626 ps) Setup Check with Pin gs_ctrl_proc_h20080_reg/clk->d
          Group: I2C
     Startpoint: (F) start
          Clock: (R) clock
       Endpoint: (R) gs_ctrl_proc_h20080_reg/d
          Clock: (R) clock

                     Capture       Launch     
        Clock Edge:+   11000            0     
        Drv Adjust:+       0            0     
       Src Latency:+       0            0     
       Net Latency:+       0 (I)        0 (I) 
           Arrival:=   11000            0     
                                              
             Setup:-     241                  
     Required Time:=   10759                  
      Launch Clock:-       0                  
       Input Delay:-    3300                  
         Data Path:-     833                  
             Slack:=    6626                  

Exceptions/Constraints:
  input_delay             3300            qcnn.sdc_line_5 

#------------------------------------------------------------------------------------------------------------
#       Timing Point        Flags    Arc    Edge       Cell         Fanout Load Trans Delay Arrival Instance 
#                                                                          (fF)  (ps)  (ps)   (ps)  Location 
#------------------------------------------------------------------------------------------------------------
  start                     (u)     -       F     (arrival)              3 25.5     0     0    3300    (-,-) 
  g26639/z                  (u)     in_1->z F     unmapped_complex2      3 25.5     0   121    3421    (-,-) 
  g25621/z                  (u)     in_1->z R     unmapped_complex2      1  8.5     0    87    3508    (-,-) 
  g28216/z                  (u)     in_0->z R     unmapped_complex2      1  8.5     0    87    3595    (-,-) 
  g25484/z                  (u)     in_1->z R     unmapped_complex2      1  8.5     0    87    3682    (-,-) 
  g25444/z                  (u)     in_0->z R     unmapped_complex2      4 34.0     0   138    3820    (-,-) 
  g25408/z                  (u)     in_1->z F     unmapped_nand2         3 25.5     0   121    3941    (-,-) 
  g25346/z                  (u)     in_1->z F     unmapped_or2           1  8.5     0    87    4028    (-,-) 
  g25313/z                  (u)     in_1->z R     unmapped_nand2         2 17.0     0   105    4133    (-,-) 
  gs_ctrl_proc_h20080_reg/d -       -       R     unmapped_d_flop        2    -     -     0    4133    (-,-) 
#------------------------------------------------------------------------------------------------------------

(u) : Net has unmapped pin(s).



Path 36: MET (6631 ps) Setup Check with Pin gs_ctrl_proc_h10000000000001d_reg[0]/clk->d
          Group: I2C
     Startpoint: (R) start
          Clock: (R) clock
       Endpoint: (R) gs_ctrl_proc_h10000000000001d_reg[0]/d
          Clock: (R) clock

                     Capture       Launch     
        Clock Edge:+   11000            0     
        Drv Adjust:+       0            0     
       Src Latency:+       0            0     
       Net Latency:+       0 (I)        0 (I) 
           Arrival:=   11000            0     
                                              
             Setup:-     241                  
     Required Time:=   10759                  
      Launch Clock:-       0                  
       Input Delay:-    3300                  
         Data Path:-     828                  
             Slack:=    6631                  

Exceptions/Constraints:
  input_delay             3300            qcnn.sdc_line_5 

#-------------------------------------------------------------------------------------------------------------------------
#             Timing Point               Flags    Arc    Edge       Cell         Fanout Load Trans Delay Arrival Instance 
#                                                                                       (fF)  (ps)  (ps)   (ps)  Location 
#-------------------------------------------------------------------------------------------------------------------------
  start                                  (u)     -       R     (arrival)              3 25.5     0     0    3300    (-,-) 
  g26639/z                               (u)     in_1->z R     unmapped_complex2      3 25.5     0   121    3421    (-,-) 
  g25621/z                               (u)     in_1->z F     unmapped_complex2      1  8.5     0    87    3508    (-,-) 
  g28216/z                               (u)     in_0->z F     unmapped_complex2      1  8.5     0    87    3595    (-,-) 
  g25484/z                               (u)     in_1->z F     unmapped_complex2      1  8.5     0    87    3682    (-,-) 
  g25444/z                               (u)     in_0->z F     unmapped_complex2      4 34.0     0   138    3820    (-,-) 
  g25402/z                               (u)     in_1->z F     unmapped_or2           5 42.5     0   152    3972    (-,-) 
  g25359/z                               (u)     in_1->z F     unmapped_or2           2 17.0     0   105    4077    (-,-) 
  g25360/z                               (u)     in_0->z R     unmapped_not           1  8.5     0    51    4128    (-,-) 
  gs_ctrl_proc_h10000000000001d_reg[0]/d -       -       R     unmapped_d_flop        1    -     -     0    4128    (-,-) 
#-------------------------------------------------------------------------------------------------------------------------

(u) : Net has unmapped pin(s).



Path 37: MET (6631 ps) Setup Check with Pin gs_ctrl_proc_h10000000000000_reg/clk->d
          Group: I2C
     Startpoint: (R) start
          Clock: (R) clock
       Endpoint: (R) gs_ctrl_proc_h10000000000000_reg/d
          Clock: (R) clock

                     Capture       Launch     
        Clock Edge:+   11000            0     
        Drv Adjust:+       0            0     
       Src Latency:+       0            0     
       Net Latency:+       0 (I)        0 (I) 
           Arrival:=   11000            0     
                                              
             Setup:-     241                  
     Required Time:=   10759                  
      Launch Clock:-       0                  
       Input Delay:-    3300                  
         Data Path:-     828                  
             Slack:=    6631                  

Exceptions/Constraints:
  input_delay             3300            qcnn.sdc_line_5 

#---------------------------------------------------------------------------------------------------------------------
#           Timing Point             Flags    Arc    Edge       Cell         Fanout Load Trans Delay Arrival Instance 
#                                                                                   (fF)  (ps)  (ps)   (ps)  Location 
#---------------------------------------------------------------------------------------------------------------------
  start                              (u)     -       R     (arrival)              3 25.5     0     0    3300    (-,-) 
  g26639/z                           (u)     in_1->z R     unmapped_complex2      3 25.5     0   121    3421    (-,-) 
  g25621/z                           (u)     in_1->z F     unmapped_complex2      1  8.5     0    87    3508    (-,-) 
  g28216/z                           (u)     in_0->z F     unmapped_complex2      1  8.5     0    87    3595    (-,-) 
  g25484/z                           (u)     in_1->z F     unmapped_complex2      1  8.5     0    87    3682    (-,-) 
  g25444/z                           (u)     in_0->z F     unmapped_complex2      4 34.0     0   138    3820    (-,-) 
  g25402/z                           (u)     in_1->z F     unmapped_or2           5 42.5     0   152    3972    (-,-) 
  g25351/z                           (u)     in_0->z F     unmapped_or2           2 17.0     0   105    4077    (-,-) 
  g25352/z                           (u)     in_0->z R     unmapped_not           1  8.5     0    51    4128    (-,-) 
  gs_ctrl_proc_h10000000000000_reg/d -       -       R     unmapped_d_flop        1    -     -     0    4128    (-,-) 
#---------------------------------------------------------------------------------------------------------------------

(u) : Net has unmapped pin(s).



Path 38: MET (6631 ps) Setup Check with Pin gs_ctrl_proc_h10000000000_reg/clk->d
          Group: I2C
     Startpoint: (R) start
          Clock: (R) clock
       Endpoint: (R) gs_ctrl_proc_h10000000000_reg/d
          Clock: (R) clock

                     Capture       Launch     
        Clock Edge:+   11000            0     
        Drv Adjust:+       0            0     
       Src Latency:+       0            0     
       Net Latency:+       0 (I)        0 (I) 
           Arrival:=   11000            0     
                                              
             Setup:-     241                  
     Required Time:=   10759                  
      Launch Clock:-       0                  
       Input Delay:-    3300                  
         Data Path:-     828                  
             Slack:=    6631                  

Exceptions/Constraints:
  input_delay             3300            qcnn.sdc_line_5 

#------------------------------------------------------------------------------------------------------------------
#          Timing Point           Flags    Arc    Edge       Cell         Fanout Load Trans Delay Arrival Instance 
#                                                                                (fF)  (ps)  (ps)   (ps)  Location 
#------------------------------------------------------------------------------------------------------------------
  start                           (u)     -       R     (arrival)              3 25.5     0     0    3300    (-,-) 
  g26639/z                        (u)     in_1->z R     unmapped_complex2      3 25.5     0   121    3421    (-,-) 
  g25621/z                        (u)     in_1->z F     unmapped_complex2      1  8.5     0    87    3508    (-,-) 
  g28216/z                        (u)     in_0->z F     unmapped_complex2      1  8.5     0    87    3595    (-,-) 
  g25484/z                        (u)     in_1->z F     unmapped_complex2      1  8.5     0    87    3682    (-,-) 
  g25444/z                        (u)     in_0->z F     unmapped_complex2      4 34.0     0   138    3820    (-,-) 
  g25402/z                        (u)     in_1->z F     unmapped_or2           5 42.5     0   152    3972    (-,-) 
  g25314/z                        (u)     in_0->z F     unmapped_or2           2 17.0     0   105    4077    (-,-) 
  g25315/z                        (u)     in_0->z R     unmapped_not           1  8.5     0    51    4128    (-,-) 
  gs_ctrl_proc_h10000000000_reg/d -       -       R     unmapped_d_flop        1    -     -     0    4128    (-,-) 
#------------------------------------------------------------------------------------------------------------------

(u) : Net has unmapped pin(s).



Path 39: MET (6662 ps) Setup Check with Pin gs_ctrl_proc_h80000000000000_reg/clk->d
          Group: I2C
     Startpoint: (F) start
          Clock: (R) clock
       Endpoint: (R) gs_ctrl_proc_h80000000000000_reg/d
          Clock: (R) clock

                     Capture       Launch     
        Clock Edge:+   11000            0     
        Drv Adjust:+       0            0     
       Src Latency:+       0            0     
       Net Latency:+       0 (I)        0 (I) 
           Arrival:=   11000            0     
                                              
             Setup:-     241                  
     Required Time:=   10759                  
      Launch Clock:-       0                  
       Input Delay:-    3300                  
         Data Path:-     797                  
             Slack:=    6662                  

Exceptions/Constraints:
  input_delay             3300            qcnn.sdc_line_5 

#---------------------------------------------------------------------------------------------------------------------
#           Timing Point             Flags    Arc    Edge       Cell         Fanout Load Trans Delay Arrival Instance 
#                                                                                   (fF)  (ps)  (ps)   (ps)  Location 
#---------------------------------------------------------------------------------------------------------------------
  start                              (u)     -       F     (arrival)              3 25.5     0     0    3300    (-,-) 
  g26639/z                           (u)     in_1->z F     unmapped_complex2      3 25.5     0   121    3421    (-,-) 
  g25621/z                           (u)     in_1->z R     unmapped_complex2      1  8.5     0    87    3508    (-,-) 
  g28216/z                           (u)     in_0->z R     unmapped_complex2      1  8.5     0    87    3595    (-,-) 
  g25484/z                           (u)     in_1->z R     unmapped_complex2      1  8.5     0    87    3682    (-,-) 
  g25444/z                           (u)     in_0->z R     unmapped_complex2      4 34.0     0   138    3820    (-,-) 
  g25408/z                           (u)     in_1->z F     unmapped_nand2         3 25.5     0   121    3941    (-,-) 
  g25348/z                           (u)     in_1->z F     unmapped_or2           2 17.0     0   105    4046    (-,-) 
  g25349/z                           (u)     in_0->z R     unmapped_not           1  8.5     0    51    4097    (-,-) 
  gs_ctrl_proc_h80000000000000_reg/d -       -       R     unmapped_d_flop        1    -     -     0    4097    (-,-) 
#---------------------------------------------------------------------------------------------------------------------

(u) : Net has unmapped pin(s).



Path 40: MET (6700 ps) Setup Check with Pin gs_ctrl_proc_h100000000000_reg/clk->d
          Group: I2C
     Startpoint: (R) start
          Clock: (R) clock
       Endpoint: (R) gs_ctrl_proc_h100000000000_reg/d
          Clock: (R) clock

                     Capture       Launch     
        Clock Edge:+   11000            0     
        Drv Adjust:+       0            0     
       Src Latency:+       0            0     
       Net Latency:+       0 (I)        0 (I) 
           Arrival:=   11000            0     
                                              
             Setup:-     241                  
     Required Time:=   10759                  
      Launch Clock:-       0                  
       Input Delay:-    3300                  
         Data Path:-     759                  
             Slack:=    6700                  

Exceptions/Constraints:
  input_delay             3300            qcnn.sdc_line_5 

#-------------------------------------------------------------------------------------------------------------------
#          Timing Point            Flags    Arc    Edge       Cell         Fanout Load Trans Delay Arrival Instance 
#                                                                                 (fF)  (ps)  (ps)   (ps)  Location 
#-------------------------------------------------------------------------------------------------------------------
  start                            (u)     -       R     (arrival)              3 25.5     0     0    3300    (-,-) 
  g26639/z                         (u)     in_1->z R     unmapped_complex2      3 25.5     0   121    3421    (-,-) 
  g25621/z                         (u)     in_1->z F     unmapped_complex2      1  8.5     0    87    3508    (-,-) 
  g28216/z                         (u)     in_0->z F     unmapped_complex2      1  8.5     0    87    3595    (-,-) 
  g25484/z                         (u)     in_1->z F     unmapped_complex2      1  8.5     0    87    3682    (-,-) 
  g25444/z                         (u)     in_0->z F     unmapped_complex2      4 34.0     0   138    3820    (-,-) 
  g25402/z                         (u)     in_1->z F     unmapped_or2           5 42.5     0   152    3972    (-,-) 
  g27894/z                         (u)     in_0->z R     unmapped_nor2          1  8.5     0    87    4059    (-,-) 
  gs_ctrl_proc_h100000000000_reg/d -       -       R     unmapped_d_flop        1    -     -     0    4059    (-,-) 
#-------------------------------------------------------------------------------------------------------------------

(u) : Net has unmapped pin(s).



Path 41: MET (6730 ps) Setup Check with Pin gs_ctrl_proc_hf0000000000010_reg[1]/clk->d
          Group: I2C
     Startpoint: (R) start
          Clock: (R) clock
       Endpoint: (R) gs_ctrl_proc_hf0000000000010_reg[1]/d
          Clock: (R) clock

                     Capture       Launch     
        Clock Edge:+   11000            0     
        Drv Adjust:+       0            0     
       Src Latency:+       0            0     
       Net Latency:+       0 (I)        0 (I) 
           Arrival:=   11000            0     
                                              
             Setup:-     241                  
     Required Time:=   10759                  
      Launch Clock:-       0                  
       Input Delay:-    3300                  
         Data Path:-     728                  
             Slack:=    6730                  

Exceptions/Constraints:
  input_delay             3300            qcnn.sdc_line_5 

#------------------------------------------------------------------------------------------------------------------------
#             Timing Point              Flags    Arc    Edge       Cell         Fanout Load Trans Delay Arrival Instance 
#                                                                                      (fF)  (ps)  (ps)   (ps)  Location 
#------------------------------------------------------------------------------------------------------------------------
  start                                 (u)     -       R     (arrival)              3 25.5     0     0    3300    (-,-) 
  g26639/z                              (u)     in_1->z R     unmapped_complex2      3 25.5     0   121    3421    (-,-) 
  g25621/z                              (u)     in_1->z F     unmapped_complex2      1  8.5     0    87    3508    (-,-) 
  g28216/z                              (u)     in_0->z F     unmapped_complex2      1  8.5     0    87    3595    (-,-) 
  g25484/z                              (u)     in_1->z F     unmapped_complex2      1  8.5     0    87    3682    (-,-) 
  g25444/z                              (u)     in_0->z F     unmapped_complex2      4 34.0     0   138    3820    (-,-) 
  g25408/z                              (u)     in_1->z R     unmapped_nand2         3 25.5     0   121    3941    (-,-) 
  g28259/z                              (u)     in_1->z R     unmapped_complex2      1  8.5     0    87    4028    (-,-) 
  gs_ctrl_proc_hf0000000000010_reg[1]/d -       -       R     unmapped_d_flop        1    -     -     0    4028    (-,-) 
#------------------------------------------------------------------------------------------------------------------------

(u) : Net has unmapped pin(s).



Path 42: MET (6732 ps) Setup Check with Pin s_reg_18_reg[12]/clk->d
          Group: C2C
     Startpoint: (R) gs_ctrl_proc_h4000000000000_reg/clk
          Clock: (R) clock
       Endpoint: (R) s_reg_18_reg[12]/d
          Clock: (R) clock

                     Capture       Launch     
        Clock Edge:+   11000            0     
       Src Latency:+       0            0     
       Net Latency:+       0 (I)        0 (I) 
           Arrival:=   11000            0     
                                              
             Setup:-     241                  
     Required Time:=   10759                  
      Launch Clock:-       0                  
         Data Path:-    4026                  
             Slack:=    6732                  

#-----------------------------------------------------------------------------------------------------------------------
#            Timing Point              Flags    Arc    Edge       Cell         Fanout Load Trans Delay Arrival Instance 
#                                                                                     (fF)  (ps)  (ps)   (ps)  Location 
#-----------------------------------------------------------------------------------------------------------------------
  gs_ctrl_proc_h4000000000000_reg/clk  -       -       R     (arrival)            195    -     0     0       0    (-,-) 
  gs_ctrl_proc_h4000000000000_reg/q    (u)     clk->q  R     unmapped_d_flop        5 42.5     0   480     480    (-,-) 
  g13505/z                             (u)     in_1->z R     unmapped_or2           1  8.5     0    87     567    (-,-) 
  g13506/z                             (u)     in_1->z F     unmapped_nand2         8 68.0     0   191     759    (-,-) 
  g13484/z                             (u)     in_0->z R     unmapped_nand2         1  8.5     0    87     846    (-,-) 
  g13456/z                             (u)     in_1->z F     unmapped_complex2      8 68.0     0   191    1037    (-,-) 
  csa_tree_mul_4306_112/g1120/z        (u)     in_0->z R     unmapped_nand2         4 34.0     0   138    1175    (-,-) 
  csa_tree_mul_4306_112/g1004/z        (u)     in_1->z R     unmapped_or2           1  8.5     0    87    1262    (-,-) 
  csa_tree_mul_4306_112/g1005/z        (u)     in_1->z F     unmapped_nand2         2 17.0     0   105    1366    (-,-) 
  csa_tree_mul_4306_112/g941/z         (u)     in_0->z F     unmapped_or2           1  8.5     0    87    1454    (-,-) 
  csa_tree_mul_4306_112/g942/z         (u)     in_1->z R     unmapped_nand2         4 34.0     0   138    1591    (-,-) 
  csa_tree_mul_4306_112/g904/z         (u)     in_1->z F     unmapped_complex2      1  8.5     0    87    1678    (-,-) 
  csa_tree_mul_4306_112/g905/z         (u)     in_1->z R     unmapped_nand2         2 17.0     0   105    1783    (-,-) 
  csa_tree_mul_4306_112/g757/z         (u)     in_1->z R     unmapped_complex2      1  8.5     0    87    1870    (-,-) 
  csa_tree_mul_4306_112/g758/z         (u)     in_1->z F     unmapped_nand2         4 34.0     0   138    2008    (-,-) 
  csa_tree_mul_4306_112/g753/z         (u)     in_0->z R     unmapped_complex2      1  8.5     0    87    2095    (-,-) 
  csa_tree_mul_4306_112/g754/z         (u)     in_1->z F     unmapped_nand2         2 17.0     0   105    2200    (-,-) 
  csa_tree_mul_4306_112/g733/z         (u)     in_0->z F     unmapped_complex2      1  8.5     0    87    2287    (-,-) 
  csa_tree_mul_4306_112/g734/z         (u)     in_1->z R     unmapped_nand2         1  8.5     0    87    2374    (-,-) 
  CDN_CARRYSAVE_MUX_GROUPi3401/g3478/z (u)     in_1->z R     unmapped_and2          3 25.5     0   121    2495    (-,-) 
  csa_tree_add_3739_54_groupi/g1989/z  (u)     in_1->z F     unmapped_complex2      1  8.5     0    87    2582    (-,-) 
  csa_tree_add_3739_54_groupi/g1990/z  (u)     in_1->z R     unmapped_nand2         2 17.0     0   105    2687    (-,-) 
  csa_tree_add_3739_54_groupi/g1911/z  (u)     in_0->z R     unmapped_complex2      1  8.5     0    87    2774    (-,-) 
  csa_tree_add_3739_54_groupi/g1912/z  (u)     in_1->z F     unmapped_nand2         2 17.0     0   105    2879    (-,-) 
  csa_tree_add_3739_54_groupi/g1796/z  (u)     in_1->z F     unmapped_or2           3 25.5     0   121    3000    (-,-) 
  csa_tree_add_3739_54_groupi/g1754/z  (u)     in_1->z R     unmapped_complex2      1  8.5     0    87    3087    (-,-) 
  csa_tree_add_3739_54_groupi/g1741/z  (u)     in_0->z F     unmapped_nand2         2 17.0     0   105    3192    (-,-) 
  csa_tree_add_3739_54_groupi/g1735/z  (u)     in_1->z R     unmapped_nand2         1  8.5     0    87    3279    (-,-) 
  csa_tree_add_3739_54_groupi/g1729/z  (u)     in_0->z F     unmapped_nand2         1  8.5     0    87    3366    (-,-) 
  csa_tree_add_3739_54_groupi/g1727/z  (u)     in_1->z R     unmapped_nand2         1  8.5     0    87    3453    (-,-) 
  csa_tree_add_3739_54_groupi/g1724/z  (u)     in_0->z F     unmapped_nand2         1  8.5     0    87    3540    (-,-) 
  csa_tree_add_3739_54_groupi/g1691/z  (u)     in_1->z F     unmapped_complex2      4 34.0     0   138    3678    (-,-) 
  csa_tree_add_3739_54_groupi/g1680/z  (u)     in_0->z F     unmapped_or2           1  8.5     0    87    3765    (-,-) 
  csa_tree_add_3739_54_groupi/g1681/z  (u)     in_1->z R     unmapped_nand2         1  8.5     0    87    3852    (-,-) 
  g26812/z                             (u)     in_1->z F     unmapped_nand2         1  8.5     0    87    3939    (-,-) 
  g25858/z                             (u)     in_1->z R     unmapped_nand2         1  8.5     0    87    4026    (-,-) 
  s_reg_18_reg[12]/d                   -       -       R     unmapped_d_flop        1    -     -     0    4026    (-,-) 
#-----------------------------------------------------------------------------------------------------------------------

(u) : Net has unmapped pin(s).



Path 43: MET (6788 ps) Setup Check with Pin s_reg_18_reg[11]/clk->d
          Group: C2C
     Startpoint: (R) gs_ctrl_proc_h4000000000000_reg/clk
          Clock: (R) clock
       Endpoint: (R) s_reg_18_reg[11]/d
          Clock: (R) clock

                     Capture       Launch     
        Clock Edge:+   11000            0     
       Src Latency:+       0            0     
       Net Latency:+       0 (I)        0 (I) 
           Arrival:=   11000            0     
                                              
             Setup:-     241                  
     Required Time:=   10759                  
      Launch Clock:-       0                  
         Data Path:-    3971                  
             Slack:=    6788                  

#-----------------------------------------------------------------------------------------------------------------------
#            Timing Point              Flags    Arc    Edge       Cell         Fanout Load Trans Delay Arrival Instance 
#                                                                                     (fF)  (ps)  (ps)   (ps)  Location 
#-----------------------------------------------------------------------------------------------------------------------
  gs_ctrl_proc_h4000000000000_reg/clk  -       -       R     (arrival)            195    -     0     0       0    (-,-) 
  gs_ctrl_proc_h4000000000000_reg/q    (u)     clk->q  F     unmapped_d_flop        5 42.5     0   480     480    (-,-) 
  g13505/z                             (u)     in_1->z F     unmapped_or2           1  8.5     0    87     567    (-,-) 
  g13506/z                             (u)     in_1->z R     unmapped_nand2         8 68.0     0   191     759    (-,-) 
  g13485/z                             (u)     in_0->z F     unmapped_nand2         1  8.5     0    87     846    (-,-) 
  g13455/z                             (u)     in_1->z R     unmapped_complex2      8 68.0     0   191    1037    (-,-) 
  csa_tree_mul_4306_112/g1140/z        (u)     in_0->z F     unmapped_nand2         3 25.5     0   121    1158    (-,-) 
  csa_tree_mul_4306_112/g999/z         (u)     in_1->z F     unmapped_complex2      1  8.5     0    87    1245    (-,-) 
  csa_tree_mul_4306_112/g1000/z        (u)     in_1->z R     unmapped_nand2         1  8.5     0    87    1332    (-,-) 
  CDN_CARRYSAVE_MUX_GROUPi3401/g3471/z (u)     in_1->z R     unmapped_and2          3 25.5     0   121    1454    (-,-) 
  csa_tree_add_3739_54_groupi/g1965/z  (u)     in_1->z F     unmapped_complex2      1  8.5     0    87    1541    (-,-) 
  csa_tree_add_3739_54_groupi/g1966/z  (u)     in_1->z R     unmapped_nand2         2 17.0     0   105    1646    (-,-) 
  csa_tree_add_3739_54_groupi/g1835/z  (u)     in_0->z R     unmapped_complex2      1  8.5     0    87    1733    (-,-) 
  csa_tree_add_3739_54_groupi/g1836/z  (u)     in_1->z F     unmapped_nand2         2 17.0     0   105    1837    (-,-) 
  csa_tree_add_3739_54_groupi/g1805/z  (u)     in_1->z F     unmapped_complex2      2 17.0     0   105    1942    (-,-) 
  csa_tree_add_3739_54_groupi/g1751/z  (u)     in_1->z R     unmapped_nand2         1  8.5     0    87    2029    (-,-) 
  csa_tree_add_3739_54_groupi/g1737/z  (u)     in_1->z F     unmapped_nand2         3 25.5     0   121    2150    (-,-) 
  csa_tree_add_3739_54_groupi/g1728/z  (u)     in_1->z R     unmapped_nand2         1  8.5     0    87    2238    (-,-) 
  csa_tree_add_3739_54_groupi/g1725/z  (u)     in_0->z F     unmapped_nand2         3 25.5     0   121    2359    (-,-) 
  csa_tree_add_3739_54_groupi/g1719/z  (u)     in_1->z R     unmapped_nand2         1  8.5     0    87    2446    (-,-) 
  csa_tree_add_3739_54_groupi/g1718/z  (u)     in_0->z F     unmapped_nand2         3 25.5     0   121    2567    (-,-) 
  csa_tree_add_3739_54_groupi/g1715/z  (u)     in_1->z R     unmapped_nand2         1  8.5     0    87    2654    (-,-) 
  csa_tree_add_3739_54_groupi/g1711/z  (u)     in_0->z F     unmapped_nand2         3 25.5     0   121    2775    (-,-) 
  csa_tree_add_3739_54_groupi/g1705/z  (u)     in_1->z R     unmapped_nand2         1  8.5     0    87    2862    (-,-) 
  csa_tree_add_3739_54_groupi/g1703/z  (u)     in_0->z F     unmapped_nand2         3 25.5     0   121    2984    (-,-) 
  csa_tree_add_3739_54_groupi/g1699/z  (u)     in_1->z R     unmapped_nand2         1  8.5     0    87    3071    (-,-) 
  csa_tree_add_3739_54_groupi/g1698/z  (u)     in_0->z F     unmapped_nand2         5 42.5     0   152    3223    (-,-) 
  csa_tree_add_3739_54_groupi/g1696/z  (u)     in_0->z R     unmapped_complex2      1  8.5     0    87    3310    (-,-) 
  csa_tree_add_3739_54_groupi/g1690/z  (u)     in_0->z F     unmapped_complex2      3 25.5     0   121    3431    (-,-) 
  csa_tree_add_3739_54_groupi/g1685/z  (u)     in_1->z R     unmapped_nand2         1  8.5     0    87    3518    (-,-) 
  csa_tree_add_3739_54_groupi/g1675/z  (u)     in_1->z F     unmapped_nand2         2 17.0     0   105    3623    (-,-) 
  csa_tree_add_3739_54_groupi/g1668/z  (u)     in_0->z F     unmapped_or2           1  8.5     0    87    3710    (-,-) 
  csa_tree_add_3739_54_groupi/g1669/z  (u)     in_1->z R     unmapped_nand2         1  8.5     0    87    3797    (-,-) 
  g26801/z                             (u)     in_1->z F     unmapped_nand2         1  8.5     0    87    3884    (-,-) 
  g25849/z                             (u)     in_1->z R     unmapped_nand2         1  8.5     0    87    3971    (-,-) 
  s_reg_18_reg[11]/d                   -       -       R     unmapped_d_flop        1    -     -     0    3971    (-,-) 
#-----------------------------------------------------------------------------------------------------------------------

(u) : Net has unmapped pin(s).



Path 44: MET (6852 ps) Setup Check with Pin gs_ctrl_proc_hb0000000000_reg[1]/clk->d
          Group: I2C
     Startpoint: (F) start
          Clock: (R) clock
       Endpoint: (R) gs_ctrl_proc_hb0000000000_reg[1]/d
          Clock: (R) clock

                     Capture       Launch     
        Clock Edge:+   11000            0     
        Drv Adjust:+       0            0     
       Src Latency:+       0            0     
       Net Latency:+       0 (I)        0 (I) 
           Arrival:=   11000            0     
                                              
             Setup:-     241                  
     Required Time:=   10759                  
      Launch Clock:-       0                  
       Input Delay:-    3300                  
         Data Path:-     607                  
             Slack:=    6852                  

Exceptions/Constraints:
  input_delay             3300            qcnn.sdc_line_5 

#---------------------------------------------------------------------------------------------------------------------
#           Timing Point             Flags    Arc    Edge       Cell         Fanout Load Trans Delay Arrival Instance 
#                                                                                   (fF)  (ps)  (ps)   (ps)  Location 
#---------------------------------------------------------------------------------------------------------------------
  start                              (u)     -       F     (arrival)              3 25.5     0     0    3300    (-,-) 
  g26639/z                           (u)     in_1->z F     unmapped_complex2      3 25.5     0   121    3421    (-,-) 
  g25621/z                           (u)     in_1->z R     unmapped_complex2      1  8.5     0    87    3508    (-,-) 
  g28216/z                           (u)     in_0->z R     unmapped_complex2      1  8.5     0    87    3595    (-,-) 
  g25484/z                           (u)     in_1->z R     unmapped_complex2      1  8.5     0    87    3682    (-,-) 
  g25444/z                           (u)     in_0->z R     unmapped_complex2      4 34.0     0   138    3820    (-,-) 
  g28261/z                           (u)     in_1->z R     unmapped_complex2      1  8.5     0    87    3907    (-,-) 
  gs_ctrl_proc_hb0000000000_reg[1]/d -       -       R     unmapped_d_flop        1    -     -     0    3907    (-,-) 
#---------------------------------------------------------------------------------------------------------------------

(u) : Net has unmapped pin(s).



Path 45: MET (6939 ps) Setup Check with Pin global_state_reg[0]/clk->d
          Group: I2C
     Startpoint: (F) start
          Clock: (R) clock
       Endpoint: (R) global_state_reg[0]/d
          Clock: (R) clock

                     Capture       Launch     
        Clock Edge:+   11000            0     
        Drv Adjust:+       0            0     
       Src Latency:+       0            0     
       Net Latency:+       0 (I)        0 (I) 
           Arrival:=   11000            0     
                                              
             Setup:-     241                  
     Required Time:=   10759                  
      Launch Clock:-       0                  
       Input Delay:-    3300                  
         Data Path:-     520                  
             Slack:=    6939                  

Exceptions/Constraints:
  input_delay             3300            qcnn.sdc_line_5 

#--------------------------------------------------------------------------------------------------------
#     Timing Point      Flags    Arc    Edge       Cell         Fanout Load Trans Delay Arrival Instance 
#                                                                      (fF)  (ps)  (ps)   (ps)  Location 
#--------------------------------------------------------------------------------------------------------
  start                 (u)     -       F     (arrival)              3 25.5     0     0    3300    (-,-) 
  g26639/z              (u)     in_1->z F     unmapped_complex2      3 25.5     0   121    3421    (-,-) 
  g25621/z              (u)     in_1->z R     unmapped_complex2      1  8.5     0    87    3508    (-,-) 
  g28216/z              (u)     in_0->z R     unmapped_complex2      1  8.5     0    87    3595    (-,-) 
  g25484/z              (u)     in_1->z R     unmapped_complex2      1  8.5     0    87    3682    (-,-) 
  g25444/z              (u)     in_0->z R     unmapped_complex2      4 34.0     0   138    3820    (-,-) 
  global_state_reg[0]/d -       -       R     unmapped_d_flop        4    -     -     0    3820    (-,-) 
#--------------------------------------------------------------------------------------------------------

(u) : Net has unmapped pin(s).



Path 46: MET (6979 ps) Setup Check with Pin s_reg_18_reg[10]/clk->d
          Group: C2C
     Startpoint: (R) gs_ctrl_proc_h4000000000000_reg/clk
          Clock: (R) clock
       Endpoint: (R) s_reg_18_reg[10]/d
          Clock: (R) clock

                     Capture       Launch     
        Clock Edge:+   11000            0     
       Src Latency:+       0            0     
       Net Latency:+       0 (I)        0 (I) 
           Arrival:=   11000            0     
                                              
             Setup:-     241                  
     Required Time:=   10759                  
      Launch Clock:-       0                  
         Data Path:-    3780                  
             Slack:=    6979                  

#-----------------------------------------------------------------------------------------------------------------------
#            Timing Point              Flags    Arc    Edge       Cell         Fanout Load Trans Delay Arrival Instance 
#                                                                                     (fF)  (ps)  (ps)   (ps)  Location 
#-----------------------------------------------------------------------------------------------------------------------
  gs_ctrl_proc_h4000000000000_reg/clk  -       -       R     (arrival)            195    -     0     0       0    (-,-) 
  gs_ctrl_proc_h4000000000000_reg/q    (u)     clk->q  F     unmapped_d_flop        5 42.5     0   480     480    (-,-) 
  g13505/z                             (u)     in_1->z F     unmapped_or2           1  8.5     0    87     567    (-,-) 
  g13506/z                             (u)     in_1->z R     unmapped_nand2         8 68.0     0   191     759    (-,-) 
  g13485/z                             (u)     in_0->z F     unmapped_nand2         1  8.5     0    87     846    (-,-) 
  g13455/z                             (u)     in_1->z R     unmapped_complex2      8 68.0     0   191    1037    (-,-) 
  csa_tree_mul_4306_112/g1140/z        (u)     in_0->z F     unmapped_nand2         3 25.5     0   121    1158    (-,-) 
  csa_tree_mul_4306_112/g999/z         (u)     in_1->z F     unmapped_complex2      1  8.5     0    87    1245    (-,-) 
  csa_tree_mul_4306_112/g1000/z        (u)     in_1->z R     unmapped_nand2         1  8.5     0    87    1332    (-,-) 
  CDN_CARRYSAVE_MUX_GROUPi3401/g3471/z (u)     in_1->z R     unmapped_and2          3 25.5     0   121    1454    (-,-) 
  csa_tree_add_3739_54_groupi/g1965/z  (u)     in_1->z F     unmapped_complex2      1  8.5     0    87    1541    (-,-) 
  csa_tree_add_3739_54_groupi/g1966/z  (u)     in_1->z R     unmapped_nand2         2 17.0     0   105    1646    (-,-) 
  csa_tree_add_3739_54_groupi/g1835/z  (u)     in_0->z R     unmapped_complex2      1  8.5     0    87    1733    (-,-) 
  csa_tree_add_3739_54_groupi/g1836/z  (u)     in_1->z F     unmapped_nand2         2 17.0     0   105    1837    (-,-) 
  csa_tree_add_3739_54_groupi/g1805/z  (u)     in_1->z F     unmapped_complex2      2 17.0     0   105    1942    (-,-) 
  csa_tree_add_3739_54_groupi/g1751/z  (u)     in_1->z R     unmapped_nand2         1  8.5     0    87    2029    (-,-) 
  csa_tree_add_3739_54_groupi/g1737/z  (u)     in_1->z F     unmapped_nand2         3 25.5     0   121    2150    (-,-) 
  csa_tree_add_3739_54_groupi/g1728/z  (u)     in_1->z R     unmapped_nand2         1  8.5     0    87    2238    (-,-) 
  csa_tree_add_3739_54_groupi/g1725/z  (u)     in_0->z F     unmapped_nand2         3 25.5     0   121    2359    (-,-) 
  csa_tree_add_3739_54_groupi/g1719/z  (u)     in_1->z R     unmapped_nand2         1  8.5     0    87    2446    (-,-) 
  csa_tree_add_3739_54_groupi/g1718/z  (u)     in_0->z F     unmapped_nand2         3 25.5     0   121    2567    (-,-) 
  csa_tree_add_3739_54_groupi/g1715/z  (u)     in_1->z R     unmapped_nand2         1  8.5     0    87    2654    (-,-) 
  csa_tree_add_3739_54_groupi/g1711/z  (u)     in_0->z F     unmapped_nand2         3 25.5     0   121    2775    (-,-) 
  csa_tree_add_3739_54_groupi/g1705/z  (u)     in_1->z R     unmapped_nand2         1  8.5     0    87    2862    (-,-) 
  csa_tree_add_3739_54_groupi/g1703/z  (u)     in_0->z F     unmapped_nand2         3 25.5     0   121    2984    (-,-) 
  csa_tree_add_3739_54_groupi/g1699/z  (u)     in_1->z R     unmapped_nand2         1  8.5     0    87    3071    (-,-) 
  csa_tree_add_3739_54_groupi/g1698/z  (u)     in_0->z F     unmapped_nand2         5 42.5     0   152    3223    (-,-) 
  csa_tree_add_3739_54_groupi/g1696/z  (u)     in_0->z R     unmapped_complex2      1  8.5     0    87    3310    (-,-) 
  csa_tree_add_3739_54_groupi/g1690/z  (u)     in_0->z F     unmapped_complex2      3 25.5     0   121    3431    (-,-) 
  csa_tree_add_3739_54_groupi/g1687/z  (u)     in_0->z F     unmapped_or2           1  8.5     0    87    3518    (-,-) 
  csa_tree_add_3739_54_groupi/g1688/z  (u)     in_1->z R     unmapped_nand2         1  8.5     0    87    3605    (-,-) 
  g26799/z                             (u)     in_1->z F     unmapped_nand2         1  8.5     0    87    3692    (-,-) 
  g25836/z                             (u)     in_1->z R     unmapped_nand2         1  8.5     0    87    3780    (-,-) 
  s_reg_18_reg[10]/d                   -       -       R     unmapped_d_flop        1    -     -     0    3780    (-,-) 
#-----------------------------------------------------------------------------------------------------------------------

(u) : Net has unmapped pin(s).



Path 47: MET (6996 ps) Setup Check with Pin s_reg_18_reg[9]/clk->d
          Group: C2C
     Startpoint: (R) gs_ctrl_proc_h4000000000000_reg/clk
          Clock: (R) clock
       Endpoint: (R) s_reg_18_reg[9]/d
          Clock: (R) clock

                     Capture       Launch     
        Clock Edge:+   11000            0     
       Src Latency:+       0            0     
       Net Latency:+       0 (I)        0 (I) 
           Arrival:=   11000            0     
                                              
             Setup:-     241                  
     Required Time:=   10759                  
      Launch Clock:-       0                  
         Data Path:-    3763                  
             Slack:=    6996                  

#-----------------------------------------------------------------------------------------------------------------------
#            Timing Point              Flags    Arc    Edge       Cell         Fanout Load Trans Delay Arrival Instance 
#                                                                                     (fF)  (ps)  (ps)   (ps)  Location 
#-----------------------------------------------------------------------------------------------------------------------
  gs_ctrl_proc_h4000000000000_reg/clk  -       -       R     (arrival)            195    -     0     0       0    (-,-) 
  gs_ctrl_proc_h4000000000000_reg/q    (u)     clk->q  F     unmapped_d_flop        5 42.5     0   480     480    (-,-) 
  g13505/z                             (u)     in_1->z F     unmapped_or2           1  8.5     0    87     567    (-,-) 
  g13506/z                             (u)     in_1->z R     unmapped_nand2         8 68.0     0   191     759    (-,-) 
  g13485/z                             (u)     in_0->z F     unmapped_nand2         1  8.5     0    87     846    (-,-) 
  g13455/z                             (u)     in_1->z R     unmapped_complex2      8 68.0     0   191    1037    (-,-) 
  csa_tree_mul_4306_112/g1140/z        (u)     in_0->z F     unmapped_nand2         3 25.5     0   121    1158    (-,-) 
  csa_tree_mul_4306_112/g999/z         (u)     in_1->z F     unmapped_complex2      1  8.5     0    87    1245    (-,-) 
  csa_tree_mul_4306_112/g1000/z        (u)     in_1->z R     unmapped_nand2         1  8.5     0    87    1332    (-,-) 
  CDN_CARRYSAVE_MUX_GROUPi3401/g3471/z (u)     in_1->z R     unmapped_and2          3 25.5     0   121    1454    (-,-) 
  csa_tree_add_3739_54_groupi/g1965/z  (u)     in_1->z F     unmapped_complex2      1  8.5     0    87    1541    (-,-) 
  csa_tree_add_3739_54_groupi/g1966/z  (u)     in_1->z R     unmapped_nand2         2 17.0     0   105    1646    (-,-) 
  csa_tree_add_3739_54_groupi/g1835/z  (u)     in_0->z R     unmapped_complex2      1  8.5     0    87    1733    (-,-) 
  csa_tree_add_3739_54_groupi/g1836/z  (u)     in_1->z F     unmapped_nand2         2 17.0     0   105    1837    (-,-) 
  csa_tree_add_3739_54_groupi/g1805/z  (u)     in_1->z F     unmapped_complex2      2 17.0     0   105    1942    (-,-) 
  csa_tree_add_3739_54_groupi/g1751/z  (u)     in_1->z R     unmapped_nand2         1  8.5     0    87    2029    (-,-) 
  csa_tree_add_3739_54_groupi/g1737/z  (u)     in_1->z F     unmapped_nand2         3 25.5     0   121    2150    (-,-) 
  csa_tree_add_3739_54_groupi/g1728/z  (u)     in_1->z R     unmapped_nand2         1  8.5     0    87    2238    (-,-) 
  csa_tree_add_3739_54_groupi/g1725/z  (u)     in_0->z F     unmapped_nand2         3 25.5     0   121    2359    (-,-) 
  csa_tree_add_3739_54_groupi/g1719/z  (u)     in_1->z R     unmapped_nand2         1  8.5     0    87    2446    (-,-) 
  csa_tree_add_3739_54_groupi/g1718/z  (u)     in_0->z F     unmapped_nand2         3 25.5     0   121    2567    (-,-) 
  csa_tree_add_3739_54_groupi/g1715/z  (u)     in_1->z R     unmapped_nand2         1  8.5     0    87    2654    (-,-) 
  csa_tree_add_3739_54_groupi/g1711/z  (u)     in_0->z F     unmapped_nand2         3 25.5     0   121    2775    (-,-) 
  csa_tree_add_3739_54_groupi/g1705/z  (u)     in_1->z R     unmapped_nand2         1  8.5     0    87    2862    (-,-) 
  csa_tree_add_3739_54_groupi/g1703/z  (u)     in_0->z F     unmapped_nand2         3 25.5     0   121    2984    (-,-) 
  csa_tree_add_3739_54_groupi/g1699/z  (u)     in_1->z R     unmapped_nand2         1  8.5     0    87    3071    (-,-) 
  csa_tree_add_3739_54_groupi/g1698/z  (u)     in_0->z F     unmapped_nand2         5 42.5     0   152    3223    (-,-) 
  csa_tree_add_3739_54_groupi/g1695/z  (u)     in_1->z R     unmapped_nand2         1  8.5     0    87    3310    (-,-) 
  csa_tree_add_3739_54_groupi/g1689/z  (u)     in_1->z F     unmapped_nand2         2 17.0     0   105    3415    (-,-) 
  csa_tree_add_3739_54_groupi/g1683/z  (u)     in_0->z F     unmapped_or2           1  8.5     0    87    3502    (-,-) 
  csa_tree_add_3739_54_groupi/g1684/z  (u)     in_1->z R     unmapped_nand2         1  8.5     0    87    3589    (-,-) 
  g26794/z                             (u)     in_1->z F     unmapped_nand2         1  8.5     0    87    3676    (-,-) 
  g25829/z                             (u)     in_1->z R     unmapped_nand2         1  8.5     0    87    3763    (-,-) 
  s_reg_18_reg[9]/d                    -       -       R     unmapped_d_flop        1    -     -     0    3763    (-,-) 
#-----------------------------------------------------------------------------------------------------------------------

(u) : Net has unmapped pin(s).



Path 48: MET (7070 ps) Setup Check with Pin global_state_reg[2]/clk->d
          Group: I2C
     Startpoint: (R) start
          Clock: (R) clock
       Endpoint: (R) global_state_reg[2]/d
          Clock: (R) clock

                     Capture       Launch     
        Clock Edge:+   11000            0     
        Drv Adjust:+       0            0     
       Src Latency:+       0            0     
       Net Latency:+       0 (I)        0 (I) 
           Arrival:=   11000            0     
                                              
             Setup:-     241                  
     Required Time:=   10759                  
      Launch Clock:-       0                  
       Input Delay:-    3300                  
         Data Path:-     389                  
             Slack:=    7070                  

Exceptions/Constraints:
  input_delay             3300            qcnn.sdc_line_5 

#--------------------------------------------------------------------------------------------------------
#     Timing Point      Flags    Arc    Edge       Cell         Fanout Load Trans Delay Arrival Instance 
#                                                                      (fF)  (ps)  (ps)   (ps)  Location 
#--------------------------------------------------------------------------------------------------------
  start                 (u)     -       R     (arrival)              3 25.5     0     0    3300    (-,-) 
  g26639/z              (u)     in_1->z R     unmapped_complex2      3 25.5     0   121    3421    (-,-) 
  g28234/z              (u)     in_0->z F     unmapped_complex2      1  8.5     0    87    3508    (-,-) 
  g25431/z              (u)     in_0->z R     unmapped_nand2         7 59.5     0   181    3689    (-,-) 
  global_state_reg[2]/d -       -       R     unmapped_d_flop        7    -     -     0    3689    (-,-) 
#--------------------------------------------------------------------------------------------------------

(u) : Net has unmapped pin(s).



Path 49: MET (7188 ps) Setup Check with Pin s_reg_18_reg[8]/clk->d
          Group: C2C
     Startpoint: (R) gs_ctrl_proc_h4000000000000_reg/clk
          Clock: (R) clock
       Endpoint: (R) s_reg_18_reg[8]/d
          Clock: (R) clock

                     Capture       Launch     
        Clock Edge:+   11000            0     
       Src Latency:+       0            0     
       Net Latency:+       0 (I)        0 (I) 
           Arrival:=   11000            0     
                                              
             Setup:-     241                  
     Required Time:=   10759                  
      Launch Clock:-       0                  
         Data Path:-    3571                  
             Slack:=    7188                  

#-----------------------------------------------------------------------------------------------------------------------
#            Timing Point              Flags    Arc    Edge       Cell         Fanout Load Trans Delay Arrival Instance 
#                                                                                     (fF)  (ps)  (ps)   (ps)  Location 
#-----------------------------------------------------------------------------------------------------------------------
  gs_ctrl_proc_h4000000000000_reg/clk  -       -       R     (arrival)            195    -     0     0       0    (-,-) 
  gs_ctrl_proc_h4000000000000_reg/q    (u)     clk->q  F     unmapped_d_flop        5 42.5     0   480     480    (-,-) 
  g13505/z                             (u)     in_1->z F     unmapped_or2           1  8.5     0    87     567    (-,-) 
  g13506/z                             (u)     in_1->z R     unmapped_nand2         8 68.0     0   191     759    (-,-) 
  g13485/z                             (u)     in_0->z F     unmapped_nand2         1  8.5     0    87     846    (-,-) 
  g13455/z                             (u)     in_1->z R     unmapped_complex2      8 68.0     0   191    1037    (-,-) 
  csa_tree_mul_4306_112/g1140/z        (u)     in_0->z F     unmapped_nand2         3 25.5     0   121    1158    (-,-) 
  csa_tree_mul_4306_112/g999/z         (u)     in_1->z F     unmapped_complex2      1  8.5     0    87    1245    (-,-) 
  csa_tree_mul_4306_112/g1000/z        (u)     in_1->z R     unmapped_nand2         1  8.5     0    87    1332    (-,-) 
  CDN_CARRYSAVE_MUX_GROUPi3401/g3471/z (u)     in_1->z R     unmapped_and2          3 25.5     0   121    1454    (-,-) 
  csa_tree_add_3739_54_groupi/g1965/z  (u)     in_1->z F     unmapped_complex2      1  8.5     0    87    1541    (-,-) 
  csa_tree_add_3739_54_groupi/g1966/z  (u)     in_1->z R     unmapped_nand2         2 17.0     0   105    1646    (-,-) 
  csa_tree_add_3739_54_groupi/g1835/z  (u)     in_0->z R     unmapped_complex2      1  8.5     0    87    1733    (-,-) 
  csa_tree_add_3739_54_groupi/g1836/z  (u)     in_1->z F     unmapped_nand2         2 17.0     0   105    1837    (-,-) 
  csa_tree_add_3739_54_groupi/g1805/z  (u)     in_1->z F     unmapped_complex2      2 17.0     0   105    1942    (-,-) 
  csa_tree_add_3739_54_groupi/g1751/z  (u)     in_1->z R     unmapped_nand2         1  8.5     0    87    2029    (-,-) 
  csa_tree_add_3739_54_groupi/g1737/z  (u)     in_1->z F     unmapped_nand2         3 25.5     0   121    2150    (-,-) 
  csa_tree_add_3739_54_groupi/g1728/z  (u)     in_1->z R     unmapped_nand2         1  8.5     0    87    2238    (-,-) 
  csa_tree_add_3739_54_groupi/g1725/z  (u)     in_0->z F     unmapped_nand2         3 25.5     0   121    2359    (-,-) 
  csa_tree_add_3739_54_groupi/g1719/z  (u)     in_1->z R     unmapped_nand2         1  8.5     0    87    2446    (-,-) 
  csa_tree_add_3739_54_groupi/g1718/z  (u)     in_0->z F     unmapped_nand2         3 25.5     0   121    2567    (-,-) 
  csa_tree_add_3739_54_groupi/g1715/z  (u)     in_1->z R     unmapped_nand2         1  8.5     0    87    2654    (-,-) 
  csa_tree_add_3739_54_groupi/g1711/z  (u)     in_0->z F     unmapped_nand2         3 25.5     0   121    2775    (-,-) 
  csa_tree_add_3739_54_groupi/g1705/z  (u)     in_1->z R     unmapped_nand2         1  8.5     0    87    2862    (-,-) 
  csa_tree_add_3739_54_groupi/g1703/z  (u)     in_0->z F     unmapped_nand2         3 25.5     0   121    2984    (-,-) 
  csa_tree_add_3739_54_groupi/g1699/z  (u)     in_1->z R     unmapped_nand2         1  8.5     0    87    3071    (-,-) 
  csa_tree_add_3739_54_groupi/g1698/z  (u)     in_0->z F     unmapped_nand2         5 42.5     0   152    3223    (-,-) 
  csa_tree_add_3739_54_groupi/g1693/z  (u)     in_0->z F     unmapped_or2           1  8.5     0    87    3310    (-,-) 
  csa_tree_add_3739_54_groupi/g1694/z  (u)     in_1->z R     unmapped_nand2         1  8.5     0    87    3397    (-,-) 
  g26791/z                             (u)     in_1->z F     unmapped_nand2         1  8.5     0    87    3484    (-,-) 
  g25824/z                             (u)     in_1->z R     unmapped_nand2         1  8.5     0    87    3571    (-,-) 
  s_reg_18_reg[8]/d                    -       -       R     unmapped_d_flop        1    -     -     0    3571    (-,-) 
#-----------------------------------------------------------------------------------------------------------------------

(u) : Net has unmapped pin(s).



Path 50: MET (7200 ps) Setup Check with Pin global_state_reg[1]/clk->d
          Group: I2C
     Startpoint: (F) start
          Clock: (R) clock
       Endpoint: (R) global_state_reg[1]/d
          Clock: (R) clock

                     Capture       Launch     
        Clock Edge:+   11000            0     
        Drv Adjust:+       0            0     
       Src Latency:+       0            0     
       Net Latency:+       0 (I)        0 (I) 
           Arrival:=   11000            0     
                                              
             Setup:-     241                  
     Required Time:=   10759                  
      Launch Clock:-       0                  
       Input Delay:-    3300                  
         Data Path:-     259                  
             Slack:=    7200                  

Exceptions/Constraints:
  input_delay             3300            qcnn.sdc_line_5 

#--------------------------------------------------------------------------------------------------------
#     Timing Point      Flags    Arc    Edge       Cell         Fanout Load Trans Delay Arrival Instance 
#                                                                      (fF)  (ps)  (ps)   (ps)  Location 
#--------------------------------------------------------------------------------------------------------
  start                 (u)     -       F     (arrival)              3 25.5     0     0    3300    (-,-) 
  g26639/z              (u)     in_1->z F     unmapped_complex2      3 25.5     0   121    3421    (-,-) 
  g25417/z              (u)     in_1->z R     unmapped_complex2      4 34.0     0   138    3559    (-,-) 
  global_state_reg[1]/d -       -       R     unmapped_d_flop        4    -     -     0    3559    (-,-) 
#--------------------------------------------------------------------------------------------------------

(u) : Net has unmapped pin(s).

