============================================================
  Generated by:           Genus(TM) Synthesis Solution 18.14-s037_1
  Generated on:           Mar 26 2020  03:56:18 pm
  Module:                 idct
  Operating conditions:   slow (balanced_tree)
  Wireload mode:          enclosed
  Area mode:              timing library
============================================================

Some unconstrained paths have not been displayed.
Use -unconstrained or set the root attribute 'timing_report_unconstrained' to 'true' to see only these unconstrained paths.

============================================================
  Generated by:           Genus(TM) Synthesis Solution 18.14-s037_1
  Generated on:           Mar 26 2020  03:56:18 pm
  Module:                 idct
  Operating conditions:   slow (balanced_tree)
  Wireload mode:          enclosed
  Area mode:              timing library
============================================================

No paths found

============================================================
  Generated by:           Genus(TM) Synthesis Solution 18.14-s037_1
  Generated on:           Mar 26 2020  03:56:18 pm
  Module:                 idct
  Operating conditions:   slow (balanced_tree)
  Wireload mode:          enclosed
  Area mode:              timing library
============================================================


Path 1: MET (11035 ps) Setup Check with Pin gs_ctrl156_reg[0]/clk->d
          Group: I2C
     Startpoint: (R) start
          Clock: (R) clock
       Endpoint: (R) gs_ctrl156_reg[0]/d
          Clock: (R) clock

                     Capture       Launch     
        Clock Edge:+   20000            0     
        Drv Adjust:+       0            0     
       Src Latency:+       0            0     
       Net Latency:+       0 (I)        0 (I) 
           Arrival:=   20000            0     
                                              
             Setup:-     345                  
     Required Time:=   19655                  
      Launch Clock:-       0                  
       Input Delay:-    7200                  
         Data Path:-    1420                  
             Slack:=   11035                  

Exceptions/Constraints:
  input_delay             7200            idct_rc.sdc_line_7 

#-----------------------------------------------------------------------------------------------------------------------
#            Timing Point              Flags     Arc    Edge      Cell        Fanout  Load Trans Delay Arrival Instance 
#                                                                                     (fF)  (ps)  (ps)   (ps)  Location 
#-----------------------------------------------------------------------------------------------------------------------
  start                                (u)     -        R     (arrival)            8  77.6     0     0    7200    (-,-) 
  mux_global_state_next_33113_26/g1/z  (u)     sel0->z  F     unmapped_bmux3       1   9.7     0   169    7369    (-,-) 
  mux_global_state_next_33109_23/g2/z  (u)     data0->z F     unmapped_bmux3       1   9.7     0   169    7539    (-,-) 
  mux_global_state_next_33042_19/g6/z  (u)     data6->z F     unmapped_mux16      12 116.4     0   459    7997    (-,-) 
  ctl_global_state_next_33230_22/g10/z (u)     in_0->z  R     unmapped_not         3  29.1     0    94    8092    (-,-) 
  ctl_global_state_next_33230_22/g3/z  (u)     in_2->z  F     unmapped_nand4       1   9.7     0   154    8246    (-,-) 
  ctl_global_state_next_33230_22/g5/z  (u)     in_2->z  R     unmapped_nand3       3  29.1     0   164    8410    (-,-) 
  mux_gs_ctrl156_33230_22/g3/z         (u)     sel0->z  R     unmapped_mux6        2  19.4     0   210    8620    (-,-) 
  gs_ctrl156_reg[0]/d                  -       -        R     unmapped_d_flop      2     -     -     0    8620    (-,-) 
#-----------------------------------------------------------------------------------------------------------------------

(u) : Net has unmapped pin(s).

============================================================
  Generated by:           Genus(TM) Synthesis Solution 18.14-s037_1
  Generated on:           Mar 26 2020  03:56:18 pm
  Module:                 idct
  Operating conditions:   slow (balanced_tree)
  Wireload mode:          enclosed
  Area mode:              timing library
============================================================


Path 1: MET (12396 ps) Late External Delay Assertion at pin outdata[0]
          Group: C2O
     Startpoint: (R) outdata_reg[0]/clk
          Clock: (R) clock
       Endpoint: (R) outdata[0]
          Clock: (R) clock

                     Capture       Launch     
        Clock Edge:+   20000            0     
       Src Latency:+       0            0     
       Net Latency:+       0 (I)        0 (I) 
           Arrival:=   20000            0     
                                              
      Output Delay:-    7200                  
     Required Time:=   12800                  
      Launch Clock:-       0                  
         Data Path:-     404                  
             Slack:=   12396                  

Exceptions/Constraints:
  output_delay             7200            idct_rc.sdc_line_24 

#--------------------------------------------------------------------------------------------------
#   Timing Point     Flags    Arc   Edge      Cell        Fanout Load Trans Delay Arrival Instance 
#                                                                (fF)  (ps)  (ps)   (ps)  Location 
#--------------------------------------------------------------------------------------------------
  outdata_reg[0]/clk -       -      R     (arrival)         1581    -     0     -       0    (-,-) 
  outdata_reg[0]/q   (u)     clk->q R     unmapped_d_flop      1  0.0     0   404     404    (-,-) 
  outdata[0]         -       -      R     (port)               -    -     -     0     404    (-,-) 
#--------------------------------------------------------------------------------------------------

(u) : Net has unmapped pin(s).

============================================================
  Generated by:           Genus(TM) Synthesis Solution 18.14-s037_1
  Generated on:           Mar 26 2020  03:56:18 pm
  Module:                 idct
  Operating conditions:   slow (balanced_tree)
  Wireload mode:          enclosed
  Area mode:              timing library
============================================================


Path 1: MET (3340 ps) Setup Check with Pin s_reg_1075_reg[7]/clk->d
          Group: C2C
     Startpoint: (R) s_reg_747_reg[1]/clk
          Clock: (R) clock
       Endpoint: (R) s_reg_1075_reg[7]/d
          Clock: (R) clock

                     Capture       Launch     
        Clock Edge:+   20000            0     
       Src Latency:+       0            0     
       Net Latency:+       0 (I)        0 (I) 
           Arrival:=   20000            0     
                                              
             Setup:-     241                  
     Required Time:=   19759                  
      Launch Clock:-       0                  
         Data Path:-   16418                  
             Slack:=    3340                  

#------------------------------------------------------------------------------------------------------------------------------------
#                   Timing Point                    Flags     Arc    Edge      Cell        Fanout  Load Trans Delay Arrival Instance 
#                                                                                                  (fF)  (ps)  (ps)   (ps)  Location 
#------------------------------------------------------------------------------------------------------------------------------------
  s_reg_747_reg[1]/clk                              -       -        R     (arrival)         1581     -     0     -       0    (-,-) 
  s_reg_747_reg[1]/q                                (u)     clk->q   R     unmapped_d_flop      4  38.8     0   482     482    (-,-) 
  add_9481_61/g6/z                                  (u)     in_0->z  F     unmapped_nor2        1   9.7     0    84     566    (-,-) 
  add_9481_61/g52/z                                 (u)     in_0->z  R     unmapped_not         2  19.4     0    76     642    (-,-) 
  add_9481_61/g53/z                                 (u)     in_1->z  F     unmapped_nand2       1   9.7     0    84     726    (-,-) 
  add_9481_61/g54/z                                 (u)     in_1->z  R     unmapped_nand2       3  29.1     0   125     851    (-,-) 
  add_9481_61/g102/z                                (u)     in_1->z  F     unmapped_nand2       1   9.7     0    84     935    (-,-) 
  add_9481_61/g103/z                                (u)     in_1->z  R     unmapped_nand2       5  48.5     0   159    1094    (-,-) 
  add_9481_61/g163/z                                (u)     in_0->z  F     unmapped_nand2       1   9.7     0    84    1178    (-,-) 
  add_9481_61/g164/z                                (u)     in_1->z  R     unmapped_nand2       9  87.3     0   205    1383    (-,-) 
  add_9481_61/g200/z                                (u)     in_0->z  F     unmapped_nand2       1   9.7     0    84    1468    (-,-) 
  add_9481_61/g201/z                                (u)     in_1->z  R     unmapped_nand2       1   9.7     0    84    1552    (-,-) 
  add_9481_61/g258/z                                (u)     in_0->z  R     unmapped_xnor2       8  77.6     0   283    1834    (-,-) 
  mux_idct_N_Mux_16_2_92_4_450_out1_9544_17/g15/z   (u)     data1->z R     unmapped_bmux3       2  19.4     0   191    2026    (-,-) 
  mux_idct_N_Mux_16_16_125_4_456_in5_9792_17/g15/z  (u)     data1->z R     unmapped_bmux3       3  29.1     0   210    2236    (-,-) 
  mux_idct_N_Mux_16_16_125_1_458_out1_9893_19/g15/z (u)     data3->z R     unmapped_bmux20     10  97.0     0   747    2982    (-,-) 
  add_13482_118/g9/z                                (u)     in_0->z  F     unmapped_nor2        1   9.7     0    84    3067    (-,-) 
  add_13482_118/g39/z                               (u)     in_0->z  R     unmapped_not         2  19.4     0    76    3142    (-,-) 
  add_13482_118/g40/z                               (u)     in_1->z  F     unmapped_nand2       1   9.7     0    84    3226    (-,-) 
  add_13482_118/g41/z                               (u)     in_1->z  R     unmapped_nand2       3  29.1     0   125    3351    (-,-) 
  add_13482_118/g73/z                               (u)     in_1->z  F     unmapped_nand2       1   9.7     0    84    3436    (-,-) 
  add_13482_118/g74/z                               (u)     in_1->z  R     unmapped_nand2       5  48.5     0   159    3594    (-,-) 
  add_13482_118/g114/z                              (u)     in_0->z  F     unmapped_nand2       1   9.7     0    84    3679    (-,-) 
  add_13482_118/g115/z                              (u)     in_1->z  R     unmapped_nand2       9  87.3     0   205    3884    (-,-) 
  add_13482_118/g136/z                              (u)     in_1->z  F     unmapped_nand2       1   9.7     0    84    3968    (-,-) 
  add_13482_118/g137/z                              (u)     in_1->z  R     unmapped_nand2       1   9.7     0    84    4052    (-,-) 
  add_13482_118/g175/z                              (u)     in_0->z  R     unmapped_xnor2       6  58.2     0   260    4312    (-,-) 
  mul_13485_116/g49/z                               (u)     in_1->z  R     unmapped_xor2        2  19.4     0   191    4504    (-,-) 
  mul_13485_116/g50/z                               (u)     in_0->z  F     unmapped_nand2       1   9.7     0    84    4588    (-,-) 
  mul_13485_116/g52/z                               (u)     in_0->z  R     unmapped_nand2       3  29.1     0   125    4713    (-,-) 
  mul_13485_116/g680/z                              (u)     in_1->z  F     unmapped_nand2       1   9.7     0    84    4797    (-,-) 
  mul_13485_116/g682/z                              (u)     in_1->z  R     unmapped_nand3       3  29.1     0   164    4961    (-,-) 
  mul_13485_116/g709/z                              (u)     in_1->z  R     unmapped_xor2        1   9.7     0   169    5130    (-,-) 
  mul_13485_116/g710/z                              (u)     in_0->z  R     unmapped_xor2        3  29.1     0   210    5340    (-,-) 
  mul_13485_116/g715/z                              (u)     in_1->z  R     unmapped_xor2        1   9.7     0   169    5510    (-,-) 
  mul_13485_116/g716/z                              (u)     in_0->z  R     unmapped_xor2        2  19.4     0   191    5701    (-,-) 
  mul_13485_116/g1053/z                             (u)     in_1->z  F     unmapped_nor2        3  29.1     0   125    5826    (-,-) 
  mul_13485_116/g1106/z                             (u)     in_1->z  R     unmapped_nor2        2  19.4     0   106    5932    (-,-) 
  mul_13485_116/g1152/z                             (u)     in_0->z  F     unmapped_not         1   9.7     0    54    5986    (-,-) 
  mul_13485_116/g1153/z                             (u)     in_1->z  R     unmapped_nor2        1   9.7     0    84    6070    (-,-) 
  mul_13485_116/g1155/z                             (u)     in_0->z  F     unmapped_nor2        5  48.5     0   159    6229    (-,-) 
  mul_13485_116/g1200/z                             (u)     in_1->z  R     unmapped_nor2        1   9.7     0    84    6313    (-,-) 
  mul_13485_116/g1202/z                             (u)     in_0->z  F     unmapped_nor2        1   9.7     0    84    6397    (-,-) 
  mul_13485_116/g1246/z                             (u)     in_0->z  R     unmapped_nand2       1   9.7     0    84    6482    (-,-) 
  mul_13485_116/g1325/z                             (u)     in_0->z  R     unmapped_xnor2       2  19.4     0   191    6673    (-,-) 
  add_13488_107/g33/z                               (u)     in_0->z  F     unmapped_nor2        3  29.1     0   125    6798    (-,-) 
  add_13488_107/g89/z                               (u)     in_1->z  R     unmapped_nor2        3  29.1     0   125    6923    (-,-) 
  add_13488_107/g147/z                              (u)     in_0->z  F     unmapped_nand2       2  19.4     0   106    7029    (-,-) 
  add_13488_107/g206/z                              (u)     in_1->z  R     unmapped_nor2        1   9.7     0    84    7113    (-,-) 
  add_13488_107/g243/z                              (u)     in_0->z  F     unmapped_nand2       1   9.7     0    84    7197    (-,-) 
  add_13488_107/g244/z                              (u)     in_1->z  R     unmapped_nand2       1   9.7     0    84    7281    (-,-) 
  add_13488_107/g335/z                              (u)     in_0->z  R     unmapped_xnor2       4  38.8     0   228    7509    (-,-) 
  sub_13497_109/g64/z                               (u)     in_0->z  F     unmapped_nor2        3  29.1     0   125    7634    (-,-) 
  sub_13497_109/g122/z                              (u)     in_1->z  R     unmapped_nor2        2  19.4     0   106    7740    (-,-) 
  sub_13497_109/g177/z                              (u)     in_0->z  F     unmapped_not         1   9.7     0    54    7794    (-,-) 
  sub_13497_109/g178/z                              (u)     in_1->z  R     unmapped_nor2        1   9.7     0    84    7878    (-,-) 
  sub_13497_109/g180/z                              (u)     in_0->z  F     unmapped_nor2        1   9.7     0    84    7962    (-,-) 
  sub_13497_109/g237/z                              (u)     in_0->z  R     unmapped_not         1   9.7     0    54    8016    (-,-) 
  sub_13497_109/g238/z                              (u)     in_1->z  F     unmapped_nor2        1   9.7     0    84    8100    (-,-) 
  sub_13497_109/g279/z                              (u)     in_0->z  R     unmapped_nand2      14 135.8     0   242    8342    (-,-) 
  sub_13497_109/g308/z                              (u)     in_1->z  F     unmapped_nand2       1   9.7     0    84    8426    (-,-) 
  sub_13497_109/g309/z                              (u)     in_1->z  R     unmapped_nand2       1   9.7     0    84    8511    (-,-) 
  sub_13497_109/g383/z                              (u)     in_0->z  R     unmapped_xnor2       4  38.8     0   228    8738    (-,-) 
  sub_13569_118/g65/z                               (u)     in_0->z  F     unmapped_nor2        3  29.1     0   125    8863    (-,-) 
  sub_13569_118/g125/z                              (u)     in_1->z  R     unmapped_nor2        2  19.4     0   106    8969    (-,-) 
  sub_13569_118/g184/z                              (u)     in_0->z  F     unmapped_not         1   9.7     0    54    9023    (-,-) 
  sub_13569_118/g185/z                              (u)     in_1->z  R     unmapped_nor2        1   9.7     0    84    9107    (-,-) 
  sub_13569_118/g187/z                              (u)     in_0->z  F     unmapped_nor2        1   9.7     0    84    9191    (-,-) 
  sub_13569_118/g244/z                              (u)     in_0->z  R     unmapped_not         1   9.7     0    54    9245    (-,-) 
  sub_13569_118/g245/z                              (u)     in_1->z  F     unmapped_nor2        1   9.7     0    84    9329    (-,-) 
  sub_13569_118/g291/z                              (u)     in_0->z  R     unmapped_nand2      14 135.8     0   242    9572    (-,-) 
  sub_13569_118/g323/z                              (u)     in_0->z  F     unmapped_nand2       1   9.7     0    84    9656    (-,-) 
  sub_13569_118/g324/z                              (u)     in_1->z  R     unmapped_nand2       1   9.7     0    84    9740    (-,-) 
  sub_13569_118/g401/z                              (u)     in_0->z  F     unmapped_xnor2       2  19.4     0   191    9931    (-,-) 
  sub_13572_113/g19/z                               (u)     in_0->z  R     unmapped_not         2  19.4     0    76   10007    (-,-) 
  sub_13572_113/g69/z                               (u)     in_1->z  F     unmapped_nor2        3  29.1     0   125   10132    (-,-) 
  sub_13572_113/g126/z                              (u)     in_1->z  R     unmapped_nor2        1   9.7     0    84   10216    (-,-) 
  sub_13572_113/g128/z                              (u)     in_0->z  F     unmapped_nor2        3  29.1     0   125   10341    (-,-) 
  sub_13572_113/g195/z                              (u)     in_0->z  R     unmapped_nor2        1   9.7     0    84   10425    (-,-) 
  sub_13572_113/g197/z                              (u)     in_0->z  F     unmapped_nor2        5  48.5     0   159   10584    (-,-) 
  sub_13572_113/g247/z                              (u)     in_1->z  R     unmapped_nor2        1   9.7     0    84   10668    (-,-) 
  sub_13572_113/g249/z                              (u)     in_0->z  F     unmapped_nor2        1   9.7     0    84   10752    (-,-) 
  sub_13572_113/g334/z                              (u)     in_0->z  R     unmapped_nand2       1   9.7     0    84   10836    (-,-) 
  sub_13572_113/g412/z                              (u)     in_0->z  R     unmapped_xnor2       5  48.5     0   244   11080    (-,-) 
  mul_13575_110/g93/z                               (u)     in_1->z  R     unmapped_xor2        2  19.4     0   191   11272    (-,-) 
  mul_13575_110/g94/z                               (u)     in_0->z  F     unmapped_nand2       1   9.7     0    84   11356    (-,-) 
  mul_13575_110/g96/z                               (u)     in_0->z  R     unmapped_nand2       2  19.4     0   106   11462    (-,-) 
  mul_13575_110/g1026/z                             (u)     in_0->z  R     unmapped_xor2        3  29.1     0   210   11672    (-,-) 
  mul_13575_110/g1034/z                             (u)     in_0->z  R     unmapped_xor2        1   9.7     0   169   11842    (-,-) 
  mul_13575_110/g1035/z                             (u)     in_0->z  R     unmapped_xor2        3  29.1     0   210   12052    (-,-) 
  mul_13575_110/g1040/z                             (u)     in_1->z  R     unmapped_xor2        1   9.7     0   169   12221    (-,-) 
  mul_13575_110/g1041/z                             (u)     in_0->z  R     unmapped_xor2        2  19.4     0   191   12412    (-,-) 
  mul_13575_110/g1315/z                             (u)     in_1->z  F     unmapped_nor2        3  29.1     0   125   12537    (-,-) 
  mul_13575_110/g1376/z                             (u)     in_1->z  R     unmapped_nor2        1   9.7     0    84   12621    (-,-) 
  mul_13575_110/g1378/z                             (u)     in_0->z  F     unmapped_nor2        3  29.1     0   125   12746    (-,-) 
  mul_13575_110/g1442/z                             (u)     in_0->z  R     unmapped_nor2        1   9.7     0    84   12830    (-,-) 
  mul_13575_110/g1444/z                             (u)     in_0->z  F     unmapped_nor2        1   9.7     0    84   12915    (-,-) 
  mul_13575_110/g1503/z                             (u)     in_0->z  R     unmapped_not         1   9.7     0    54   12968    (-,-) 
  mul_13575_110/g1504/z                             (u)     in_1->z  F     unmapped_nor2        8  77.6     0   198   13166    (-,-) 
  mul_13575_110/g1535/z                             (u)     in_1->z  R     unmapped_nor2        1   9.7     0    84   13250    (-,-) 
  mul_13575_110/g1537/z                             (u)     in_0->z  F     unmapped_nor2        1   9.7     0    84   13334    (-,-) 
  mul_13575_110/g1591/z                             (u)     in_0->z  R     unmapped_nand2       1   9.7     0    84   13418    (-,-) 
  mul_13575_110/g1669/z                             (u)     in_0->z  R     unmapped_xnor2       1   9.7     0   169   13588    (-,-) 
  add_13578_75/g468/z                               (u)     in_0->z  F     unmapped_not         2  19.4     0    76   13664    (-,-) 
  add_13578_75/g118/z                               (u)     in_1->z  R     unmapped_nor2        3  29.1     0   125   13788    (-,-) 
  add_13578_75/g195/z                               (u)     in_0->z  F     unmapped_nand2       4  38.8     0   142   13931    (-,-) 
  add_13578_75/g254/z                               (u)     in_1->z  R     unmapped_nor2        1   9.7     0    84   14015    (-,-) 
  add_13578_75/g311/z                               (u)     in_1->z  F     unmapped_nand2       1   9.7     0    84   14099    (-,-) 
  add_13578_75/g358/z                               (u)     in_0->z  R     unmapped_not         1   9.7     0    54   14153    (-,-) 
  add_13578_75/g359/z                               (u)     in_1->z  F     unmapped_nand2       1   9.7     0    84   14237    (-,-) 
  add_13578_75/g497/z                               (u)     in_0->z  R     unmapped_not         1   9.7     0    54   14291    (-,-) 
  add_13578_75/g444/z                               (u)     in_0->z  F     unmapped_xnor2       2  19.4     0   191   14482    (-,-) 
  sub_17730_136/g7/z                                (u)     in_0->z  R     unmapped_not         2  19.4     0    76   14558    (-,-) 
  sub_17730_136/g74/z                               (u)     in_1->z  F     unmapped_nor2        3  29.1     0   125   14683    (-,-) 
  sub_17730_136/g125/z                              (u)     in_1->z  R     unmapped_nor2        1   9.7     0    84   14767    (-,-) 
  sub_17730_136/g127/z                              (u)     in_0->z  F     unmapped_nor2        3  29.1     0   125   14892    (-,-) 
  sub_17730_136/g182/z                              (u)     in_1->z  R     unmapped_nor2        1   9.7     0    84   14976    (-,-) 
  sub_17730_136/g184/z                              (u)     in_0->z  F     unmapped_nor2        1   9.7     0    84   15060    (-,-) 
  sub_17730_136/g235/z                              (u)     in_0->z  R     unmapped_not         1   9.7     0    54   15114    (-,-) 
  sub_17730_136/g236/z                              (u)     in_1->z  F     unmapped_nor2        1   9.7     0    84   15198    (-,-) 
  sub_17730_136/g292/z                              (u)     in_0->z  R     unmapped_nand2       1   9.7     0    84   15282    (-,-) 
  sub_17730_136/g362/z                              (u)     in_0->z  F     unmapped_xnor2     129 116.4     0   411   15693    (-,-) 
  g5703/z                                           (u)     in_0->z  R     unmapped_not         2  19.4     0    76   15769    (-,-) 
  g5704/z                                           (u)     in_0->z  R     unmapped_or2         8  77.6     0   198   15966    (-,-) 
  g5720/z                                           (u)     in_0->z  R     unmapped_and2        1   9.7     0    84   16050    (-,-) 
  g5721/z                                           (u)     in_1->z  R     unmapped_or2        16  38.8     0   198   16249    (-,-) 
  mux_idct_N_Mux_16_2_92_1_669_out1_21974_17/g9/z   (u)     data1->z R     unmapped_bmux3       1   9.7     0   169   16418    (-,-) 
  s_reg_1075_reg[7]/d                               -       -        R     unmapped_d_flop      1     -     -     0   16418    (-,-) 
#------------------------------------------------------------------------------------------------------------------------------------

(u) : Net has unmapped pin(s).

============================================================
  Generated by:           Genus(TM) Synthesis Solution 18.14-s037_1
  Generated on:           Mar 26 2020  03:56:19 pm
  Module:                 idct
  Operating conditions:   slow (balanced_tree)
  Wireload mode:          enclosed
  Area mode:              timing library
============================================================

No paths found

============================================================
  Generated by:           Genus(TM) Synthesis Solution 20.10-p001_1
  Generated on:           Apr 02 2021  03:51:13 pm
  Module:                 idct
  Operating conditions:   slow (balanced_tree)
  Wireload mode:          enclosed
  Area mode:              timing library
============================================================

Some unconstrained paths have not been displayed.
Use -unconstrained or set the root attribute 'timing_report_unconstrained' to 'true' to see only these unconstrained paths.

============================================================
  Generated by:           Genus(TM) Synthesis Solution 20.10-p001_1
  Generated on:           Apr 02 2021  03:51:13 pm
  Module:                 idct
  Operating conditions:   slow (balanced_tree)
  Wireload mode:          enclosed
  Area mode:              timing library
============================================================

No paths found

============================================================
  Generated by:           Genus(TM) Synthesis Solution 20.10-p001_1
  Generated on:           Apr 02 2021  03:51:14 pm
  Module:                 idct
  Operating conditions:   slow (balanced_tree)
  Wireload mode:          enclosed
  Area mode:              timing library
============================================================


Path 1: MET (11129 ps) Setup Check with Pin gs_ctrl136_reg/clk->d
          Group: I2C
     Startpoint: (R) start
          Clock: (R) clock
       Endpoint: (R) gs_ctrl136_reg/d
          Clock: (R) clock

                     Capture       Launch     
        Clock Edge:+   20000            0     
        Drv Adjust:+       0            0     
       Src Latency:+       0            0     
       Net Latency:+       0 (I)        0 (I) 
           Arrival:=   20000            0     
                                              
             Setup:-     345                  
     Required Time:=   19655                  
      Launch Clock:-       0                  
       Input Delay:-    7200                  
         Data Path:-    1326                  
             Slack:=   11129                  

Exceptions/Constraints:
  input_delay             7200            idct_rc.sdc_line_7 

#----------------------------------------------------------------------------------------------------------------------
#            Timing Point             Flags     Arc    Edge      Cell        Fanout  Load Trans Delay Arrival Instance 
#                                                                                    (fF)  (ps)  (ps)   (ps)  Location 
#----------------------------------------------------------------------------------------------------------------------
  start                               (u)     -        R     (arrival)           69  87.3     0     0    7200    (-,-) 
  mux_global_state_next_32796_23/g2/z (u)     sel0->z  F     unmapped_bmux3       1   9.7     0   169    7369    (-,-) 
  mux_global_state_next_32790_19/g3/z (u)     data0->z F     unmapped_bmux3       1   9.7     0   169    7539    (-,-) 
  mux_global_state_next_32718_15/g4/z (u)     data5->z F     unmapped_mux14      14 135.8     0   464    8002    (-,-) 
  ctl_global_state_next_32945_19/g9/z (u)     in_0->z  R     unmapped_not         2  19.4     0    76    8078    (-,-) 
  ctl_global_state_next_32945_19/g3/z (u)     in_3->z  F     unmapped_nand4       1   9.7     0   154    8232    (-,-) 
  ctl_global_state_next_32945_19/g4/z (u)     in_2->z  R     unmapped_nand3       2  19.4     0   145    8377    (-,-) 
  mux_gs_ctrl136_32945_19/g1/z        (u)     sel0->z  R     unmapped_mux4        1   9.7     0   149    8526    (-,-) 
  gs_ctrl136_reg/d                    -       -        R     unmapped_d_flop      1     -     -     0    8526    (-,-) 
#----------------------------------------------------------------------------------------------------------------------

(u) : Net has unmapped pin(s).

============================================================
  Generated by:           Genus(TM) Synthesis Solution 20.10-p001_1
  Generated on:           Apr 02 2021  03:51:14 pm
  Module:                 idct
  Operating conditions:   slow (balanced_tree)
  Wireload mode:          enclosed
  Area mode:              timing library
============================================================


Path 1: MET (12396 ps) Late External Delay Assertion at pin outdata[0]
          Group: C2O
     Startpoint: (R) outdata_reg[0]/clk
          Clock: (R) clock
       Endpoint: (R) outdata[0]
          Clock: (R) clock

                     Capture       Launch     
        Clock Edge:+   20000            0     
       Src Latency:+       0            0     
       Net Latency:+       0 (I)        0 (I) 
           Arrival:=   20000            0     
                                              
      Output Delay:-    7200                  
     Required Time:=   12800                  
      Launch Clock:-       0                  
         Data Path:-     404                  
             Slack:=   12396                  

Exceptions/Constraints:
  output_delay             7200            idct_rc.sdc_line_24 

#--------------------------------------------------------------------------------------------------
#   Timing Point     Flags    Arc   Edge      Cell        Fanout Load Trans Delay Arrival Instance 
#                                                                (fF)  (ps)  (ps)   (ps)  Location 
#--------------------------------------------------------------------------------------------------
  outdata_reg[0]/clk -       -      R     (arrival)         1405    -     0     0       0    (-,-) 
  outdata_reg[0]/q   (u)     clk->q R     unmapped_d_flop      1  0.0     0   404     404    (-,-) 
  outdata[0]         -       -      R     (port)               -    -     -     0     404    (-,-) 
#--------------------------------------------------------------------------------------------------

(u) : Net has unmapped pin(s).

============================================================
  Generated by:           Genus(TM) Synthesis Solution 20.10-p001_1
  Generated on:           Apr 02 2021  03:51:14 pm
  Module:                 idct
  Operating conditions:   slow (balanced_tree)
  Wireload mode:          enclosed
  Area mode:              timing library
============================================================


Path 1: MET (1607 ps) Setup Check with Pin s_reg_574_reg[30]/clk->d
          Group: C2C
     Startpoint: (R) gs_ctrl131_reg/clk
          Clock: (R) clock
       Endpoint: (R) s_reg_574_reg[30]/d
          Clock: (R) clock

                     Capture       Launch     
        Clock Edge:+   20000            0     
       Src Latency:+       0            0     
       Net Latency:+       0 (I)        0 (I) 
           Arrival:=   20000            0     
                                              
             Setup:-     391                  
     Required Time:=   19609                  
      Launch Clock:-       0                  
         Data Path:-   18002                  
             Slack:=    1607                  

#-----------------------------------------------------------------------------------------------------------------------------------
#                  Timing Point                    Flags     Arc    Edge      Cell        Fanout  Load Trans Delay Arrival Instance 
#                                                                                                 (fF)  (ps)  (ps)   (ps)  Location 
#-----------------------------------------------------------------------------------------------------------------------------------
  gs_ctrl131_reg/clk                               -       -        R     (arrival)         1405     -     0     0       0    (-,-) 
  gs_ctrl131_reg/q                                 (u)     clk->q   R     unmapped_d_flop    223 145.5     0   699     699    (-,-) 
  mux_idct_Add_32Sx31S_32S_1_366_in1_8304_13/g30/z (u)     sel0->z  R     unmapped_bmux3       2  19.4     0   191     890    (-,-) 
  add_8315_127/g9/z                                (u)     in_1->z  F     unmapped_nor2        1   9.7     0    84     975    (-,-) 
  add_8315_127/g69/z                               (u)     in_0->z  R     unmapped_not         2  19.4     0    76    1050    (-,-) 
  add_8315_127/g70/z                               (u)     in_1->z  F     unmapped_nand2       1   9.7     0    84    1134    (-,-) 
  add_8315_127/g71/z                               (u)     in_1->z  R     unmapped_nand2       3  29.1     0   125    1259    (-,-) 
  add_8315_127/g131/z                              (u)     in_1->z  F     unmapped_nand2       1   9.7     0    84    1344    (-,-) 
  add_8315_127/g132/z                              (u)     in_1->z  R     unmapped_nand2       5  48.5     0   159    1502    (-,-) 
  add_8315_127/g207/z                              (u)     in_0->z  F     unmapped_nand2       1   9.7     0    84    1586    (-,-) 
  add_8315_127/g208/z                              (u)     in_1->z  R     unmapped_nand2       9  87.3     0   205    1791    (-,-) 
  add_8315_127/g257/z                              (u)     in_0->z  F     unmapped_nand2       1   9.7     0    84    1876    (-,-) 
  add_8315_127/g258/z                              (u)     in_1->z  R     unmapped_nand2       1   9.7     0    84    1960    (-,-) 
  add_8315_127/g371/z                              (u)     in_0->z  R     unmapped_xnor2       2  19.4     0   191    2151    (-,-) 
  mux_idct_Mul_32S_3_4_367_in1_8320_13/g23/z       (u)     data0->z R     unmapped_bmux3       5  48.5     0   244    2395    (-,-) 
  mul_8331_65/g185/z                               (u)     in_1->z  R     unmapped_xor2        2  19.4     0   191    2586    (-,-) 
  mul_8331_65/g186/z                               (u)     in_0->z  F     unmapped_nand2       1   9.7     0    84    2671    (-,-) 
  mul_8331_65/g188/z                               (u)     in_0->z  R     unmapped_nand2       2  19.4     0   106    2777    (-,-) 
  mul_8331_65/g825/z                               (u)     in_1->z  R     unmapped_xor2        3  29.1     0   210    2987    (-,-) 
  mul_8331_65/g833/z                               (u)     in_0->z  R     unmapped_xor2        1   9.7     0   169    3156    (-,-) 
  mul_8331_65/g834/z                               (u)     in_0->z  R     unmapped_xor2        3  29.1     0   210    3366    (-,-) 
  mul_8331_65/g839/z                               (u)     in_1->z  R     unmapped_xor2        1   9.7     0   169    3536    (-,-) 
  mul_8331_65/g840/z                               (u)     in_0->z  R     unmapped_xor2        2  19.4     0   191    3727    (-,-) 
  mul_8331_65/g1291/z                              (u)     in_1->z  F     unmapped_nor2        3  29.1     0   125    3852    (-,-) 
  mul_8331_65/g1355/z                              (u)     in_1->z  R     unmapped_nor2        2  19.4     0   106    3958    (-,-) 
  mul_8331_65/g1408/z                              (u)     in_0->z  F     unmapped_not         1   9.7     0    54    4012    (-,-) 
  mul_8331_65/g1409/z                              (u)     in_1->z  R     unmapped_nor2        1   9.7     0    84    4096    (-,-) 
  mul_8331_65/g1411/z                              (u)     in_0->z  F     unmapped_nor2        5  48.5     0   159    4255    (-,-) 
  mul_8331_65/g1469/z                              (u)     in_1->z  R     unmapped_nor2        1   9.7     0    84    4339    (-,-) 
  mul_8331_65/g1471/z                              (u)     in_0->z  F     unmapped_nor2        1   9.7     0    84    4423    (-,-) 
  mul_8331_65/g283/z                               (u)     in_0->z  R     unmapped_nand2       1   9.7     0    84    4507    (-,-) 
  mul_8331_65/g405/z                               (u)     in_0->z  R     unmapped_xnor2       1   9.7     0   169    4677    (-,-) 
  add_8334_68/g456/z                               (u)     in_0->z  F     unmapped_not         2  19.4     0    76    4752    (-,-) 
  add_8334_68/g94/z                                (u)     in_1->z  R     unmapped_nor2        3  29.1     0   125    4877    (-,-) 
  add_8334_68/g165/z                               (u)     in_0->z  F     unmapped_nand2       1   9.7     0    84    4961    (-,-) 
  add_8334_68/g233/z                               (u)     in_1->z  R     unmapped_nor2        1   9.7     0    84    5046    (-,-) 
  add_8334_68/g285/z                               (u)     in_0->z  F     unmapped_nand2       1   9.7     0    84    5130    (-,-) 
  add_8334_68/g484/z                               (u)     in_0->z  R     unmapped_not        16  38.8     0   168    5298    (-,-) 
  add_8334_68/g328/z                               (u)     in_0->z  F     unmapped_nand2       1   9.7     0    84    5382    (-,-) 
  add_8334_68/g485/z                               (u)     in_0->z  R     unmapped_not         1   9.7     0    54    5436    (-,-) 
  add_8334_68/g412/z                               (u)     in_0->z  R     unmapped_xnor2       5  48.5     0   244    5680    (-,-) 
  mux_idct_Add_24Ux24U_24U_1_223_in1_7140_13/g15/z (u)     data1->z R     unmapped_bmux3       2  19.4     0   191    5871    (-,-) 
  add_7151_77/g22/z                                (u)     in_1->z  F     unmapped_nor2        3  29.1     0   125    5996    (-,-) 
  add_7151_77/g67/z                                (u)     in_1->z  R     unmapped_nor2        1   9.7     0    84    6080    (-,-) 
  add_7151_77/g69/z                                (u)     in_0->z  F     unmapped_nor2        3  29.1     0   125    6205    (-,-) 
  add_7151_77/g120/z                               (u)     in_0->z  R     unmapped_nor2        1   9.7     0    84    6289    (-,-) 
  add_7151_77/g122/z                               (u)     in_0->z  F     unmapped_nor2        5  48.5     0   159    6448    (-,-) 
  add_7151_77/g165/z                               (u)     in_1->z  R     unmapped_nor2        1   9.7     0    84    6532    (-,-) 
  add_7151_77/g167/z                               (u)     in_0->z  F     unmapped_nor2        1   9.7     0    84    6616    (-,-) 
  add_7151_77/g211/z                               (u)     in_0->z  R     unmapped_nand2       1   9.7     0    84    6701    (-,-) 
  add_7151_77/g269/z                               (u)     in_0->z  R     unmapped_xnor2      11 106.7     0   305    7006    (-,-) 
  mux_idct_Add_24Ux24U_24U_1_235_in2_7280_13/g11/z (u)     data0->z R     unmapped_bmux3       2  19.4     0   191    7197    (-,-) 
  add_7304_77/g30/z                                (u)     in_0->z  F     unmapped_nor2        3  29.1     0   125    7322    (-,-) 
  add_7304_77/g75/z                                (u)     in_1->z  R     unmapped_nor2        1   9.7     0    84    7406    (-,-) 
  add_7304_77/g77/z                                (u)     in_0->z  F     unmapped_nor2        3  29.1     0   125    7531    (-,-) 
  add_7304_77/g130/z                               (u)     in_0->z  R     unmapped_nor2        1   9.7     0    84    7615    (-,-) 
  add_7304_77/g132/z                               (u)     in_0->z  F     unmapped_nor2        1   9.7     0    84    7699    (-,-) 
  add_7304_77/g179/z                               (u)     in_0->z  R     unmapped_not         1   9.7     0    54    7753    (-,-) 
  add_7304_77/g180/z                               (u)     in_1->z  F     unmapped_nor2        1   9.7     0    84    7837    (-,-) 
  add_7304_77/g217/z                               (u)     in_0->z  R     unmapped_nand2       8  77.6     0   198    8035    (-,-) 
  add_7304_77/g219/z                               (u)     in_0->z  F     unmapped_nand2       1   9.7     0    84    8119    (-,-) 
  add_7304_77/g220/z                               (u)     in_1->z  R     unmapped_nand2       1   9.7     0    84    8203    (-,-) 
  add_7304_77/g279/z                               (u)     in_0->z  R     unmapped_xnor2      10  97.0     0   298    8501    (-,-) 
  mux_idct_N_Mux_16_2_91_4_448_out1_9227_13/g7/z   (u)     data1->z R     unmapped_bmux3       2  19.4     0   191    8692    (-,-) 
  mux_idct_N_Mux_16_8_121_1_454_in4_9376_15/g7/z   (u)     data1->z R     unmapped_bmux6       1   9.7     0   319    9011    (-,-) 
  mux_idct_N_Mux_16_8_121_1_454_out1_9446_15/g7/z  (u)     data2->z R     unmapped_bmux11     10  97.0     0   597    9608    (-,-) 
  add_12939_115/g25/z                              (u)     in_1->z  F     unmapped_nor2        3  29.1     0   125    9733    (-,-) 
  add_12939_115/g54/z                              (u)     in_1->z  R     unmapped_nor2        1   9.7     0    84    9817    (-,-) 
  add_12939_115/g56/z                              (u)     in_0->z  F     unmapped_nor2        3  29.1     0   125    9942    (-,-) 
  add_12939_115/g91/z                              (u)     in_0->z  R     unmapped_nor2        1   9.7     0    84   10026    (-,-) 
  add_12939_115/g93/z                              (u)     in_0->z  F     unmapped_nor2        5  48.5     0   159   10185    (-,-) 
  add_12939_115/g116/z                             (u)     in_1->z  R     unmapped_nor2        1   9.7     0    84   10269    (-,-) 
  add_12939_115/g118/z                             (u)     in_0->z  F     unmapped_nor2        1   9.7     0    84   10354    (-,-) 
  add_12939_115/g145/z                             (u)     in_0->z  R     unmapped_nand2       1   9.7     0    84   10438    (-,-) 
  add_12939_115/g184/z                             (u)     in_0->z  R     unmapped_xnor2       6  58.2     0   260   10698    (-,-) 
  mul_12942_119/g61/z                              (u)     in_1->z  R     unmapped_xor2        2  19.4     0   191   10889    (-,-) 
  mul_12942_119/g62/z                              (u)     in_0->z  F     unmapped_nand2       1   9.7     0    84   10974    (-,-) 
  mul_12942_119/g64/z                              (u)     in_0->z  R     unmapped_nand2       2  19.4     0   106   11080    (-,-) 
  mul_12942_119/g742/z                             (u)     in_0->z  R     unmapped_xor2        3  29.1     0   210   11290    (-,-) 
  mul_12942_119/g750/z                             (u)     in_1->z  R     unmapped_xor2        1   9.7     0   169   11459    (-,-) 
  mul_12942_119/g751/z                             (u)     in_0->z  R     unmapped_xor2        3  29.1     0   210   11669    (-,-) 
  mul_12942_119/g762/z                             (u)     in_0->z  R     unmapped_xor2        1   9.7     0   169   11839    (-,-) 
  mul_12942_119/g763/z                             (u)     in_0->z  R     unmapped_xor2        2  19.4     0   191   12030    (-,-) 
  mul_12942_119/g1052/z                            (u)     in_1->z  F     unmapped_nor2        3  29.1     0   125   12155    (-,-) 
  mul_12942_119/g1100/z                            (u)     in_1->z  R     unmapped_nor2        1   9.7     0    84   12239    (-,-) 
  mul_12942_119/g1102/z                            (u)     in_0->z  F     unmapped_nor2        3  29.1     0   125   12364    (-,-) 
  mul_12942_119/g1150/z                            (u)     in_1->z  R     unmapped_nor2        1   9.7     0    84   12448    (-,-) 
  mul_12942_119/g1152/z                            (u)     in_0->z  F     unmapped_nor2        1   9.7     0    84   12532    (-,-) 
  mul_12942_119/g1197/z                            (u)     in_0->z  R     unmapped_not         1   9.7     0    54   12586    (-,-) 
  mul_12942_119/g1198/z                            (u)     in_1->z  F     unmapped_nor2        1   9.7     0    84   12670    (-,-) 
  mul_12942_119/g1237/z                            (u)     in_0->z  R     unmapped_nand2       1   9.7     0    84   12754    (-,-) 
  mul_12942_119/g1308/z                            (u)     in_0->z  R     unmapped_xnor2       2  19.4     0   191   12946    (-,-) 
  add_12945_100/g37/z                              (u)     in_0->z  F     unmapped_nor2        3  29.1     0   125   13071    (-,-) 
  add_12945_100/g91/z                              (u)     in_1->z  R     unmapped_nor2        2  19.4     0   106   13177    (-,-) 
  add_12945_100/g146/z                             (u)     in_1->z  F     unmapped_nand2       2  19.4     0   106   13283    (-,-) 
  add_12945_100/g199/z                             (u)     in_1->z  R     unmapped_nor2        1   9.7     0    84   13367    (-,-) 
  add_12945_100/g234/z                             (u)     in_0->z  F     unmapped_nand2       1   9.7     0    84   13451    (-,-) 
  add_12945_100/g235/z                             (u)     in_1->z  R     unmapped_nand2      12 116.4     0   227   13679    (-,-) 
  add_12945_100/g252/z                             (u)     in_0->z  F     unmapped_nand2       1   9.7     0    84   13763    (-,-) 
  add_12945_100/g253/z                             (u)     in_1->z  R     unmapped_nand2       1   9.7     0    84   13847    (-,-) 
  add_12945_100/g321/z                             (u)     in_0->z  R     unmapped_xnor2       4  38.8     0   228   14075    (-,-) 
  sub_12957_141/g67/z                              (u)     in_0->z  F     unmapped_nor2        3  29.1     0   125   14200    (-,-) 
  sub_12957_141/g120/z                             (u)     in_1->z  R     unmapped_nor2        1   9.7     0    84   14284    (-,-) 
  sub_12957_141/g122/z                             (u)     in_0->z  F     unmapped_nor2        3  29.1     0   125   14409    (-,-) 
  sub_12957_141/g185/z                             (u)     in_0->z  R     unmapped_nor2        1   9.7     0    84   14493    (-,-) 
  sub_12957_141/g187/z                             (u)     in_0->z  F     unmapped_nor2        5  48.5     0   159   14652    (-,-) 
  sub_12957_141/g250/z                             (u)     in_1->z  R     unmapped_nor2        1   9.7     0    84   14736    (-,-) 
  sub_12957_141/g252/z                             (u)     in_0->z  F     unmapped_nor2        5  48.5     0   159   14895    (-,-) 
  sub_12957_141/g279/z                             (u)     in_0->z  R     unmapped_nor2        1   9.7     0    84   14979    (-,-) 
  sub_12957_141/g281/z                             (u)     in_0->z  F     unmapped_nor2        1   9.7     0    84   15063    (-,-) 
  sub_12957_141/g317/z                             (u)     in_0->z  R     unmapped_nand2       1   9.7     0    84   15147    (-,-) 
  sub_12957_141/g389/z                             (u)     in_0->z  R     unmapped_xnor2       3  29.1     0   210   15357    (-,-) 
  sub_13020_115/g81/z                              (u)     in_0->z  F     unmapped_nor2        3  29.1     0   125   15482    (-,-) 
  sub_13020_115/g141/z                             (u)     in_1->z  R     unmapped_nor2        2  19.4     0   106   15588    (-,-) 
  sub_13020_115/g204/z                             (u)     in_0->z  F     unmapped_not         1   9.7     0    54   15642    (-,-) 
  sub_13020_115/g205/z                             (u)     in_1->z  R     unmapped_nor2        1   9.7     0    84   15726    (-,-) 
  sub_13020_115/g207/z                             (u)     in_0->z  F     unmapped_nor2        1   9.7     0    84   15810    (-,-) 
  sub_13020_115/g261/z                             (u)     in_0->z  R     unmapped_not         1   9.7     0    54   15864    (-,-) 
  sub_13020_115/g262/z                             (u)     in_1->z  F     unmapped_nor2        6  58.2     0   175   16039    (-,-) 
  sub_13020_115/g292/z                             (u)     in_1->z  R     unmapped_nor2        1   9.7     0    84   16124    (-,-) 
  sub_13020_115/g294/z                             (u)     in_0->z  F     unmapped_nor2        1   9.7     0    84   16208    (-,-) 
  sub_13020_115/g343/z                             (u)     in_0->z  R     unmapped_nand2       1   9.7     0    84   16292    (-,-) 
  sub_13020_115/g422/z                             (u)     in_0->z  F     unmapped_xnor2       2  19.4     0   191   16483    (-,-) 
  mux_idct_Sub_29Sx30S_31S_1_234_in1_7264_13/g5/z  (u)     data1->z F     unmapped_bmux3       1   9.7     0   169   16653    (-,-) 
  sub_7275_122/g27/z                               (u)     in_0->z  R     unmapped_not         2  19.4     0    76   16728    (-,-) 
  sub_7275_122/g85/z                               (u)     in_1->z  F     unmapped_nor2        3  29.1     0   125   16853    (-,-) 
  sub_7275_122/g142/z                              (u)     in_1->z  R     unmapped_nor2        1   9.7     0    84   16937    (-,-) 
  sub_7275_122/g144/z                              (u)     in_0->z  F     unmapped_nor2        3  29.1     0   125   17062    (-,-) 
  sub_7275_122/g215/z                              (u)     in_0->z  R     unmapped_nor2        1   9.7     0    84   17146    (-,-) 
  sub_7275_122/g217/z                              (u)     in_0->z  F     unmapped_nor2        3  29.1     0   125   17271    (-,-) 
  sub_7275_122/g264/z                              (u)     in_1->z  R     unmapped_nor2        1   9.7     0    84   17356    (-,-) 
  sub_7275_122/g266/z                              (u)     in_0->z  F     unmapped_nor2        1   9.7     0    84   17440    (-,-) 
  sub_7275_122/g314/z                              (u)     in_0->z  R     unmapped_not         1   9.7     0    54   17493    (-,-) 
  sub_7275_122/g315/z                              (u)     in_1->z  F     unmapped_nor2        1   9.7     0    84   17578    (-,-) 
  sub_7275_122/g355/z                              (u)     in_0->z  R     unmapped_nand2       1   9.7     0    84   17662    (-,-) 
  sub_7275_122/g433/z                              (u)     in_0->z  R     unmapped_xnor2       2  19.4     0   191   17853    (-,-) 
  mux_s_reg_574_5344_15/g1/z                       (u)     data1->z R     unmapped_mux4        1   9.7     0   149   18002    (-,-) 
  s_reg_574_reg[30]/d                              -       -        R     unmapped_d_flop      1     -     -     0   18002    (-,-) 
#-----------------------------------------------------------------------------------------------------------------------------------

(u) : Net has unmapped pin(s).

============================================================
  Generated by:           Genus(TM) Synthesis Solution 20.10-p001_1
  Generated on:           Apr 02 2021  03:51:14 pm
  Module:                 idct
  Operating conditions:   slow (balanced_tree)
  Wireload mode:          enclosed
  Area mode:              timing library
============================================================

No paths found

============================================================
  Generated by:           Genus(TM) Synthesis Solution 21.12-s068_1
  Generated on:           Mar 14 2023  07:02:31 pm
  Module:                 idct
  Operating conditions:   slow (balanced_tree)
  Wireload mode:          enclosed
  Area mode:              timing library
============================================================

Some unconstrained paths have not been displayed.
Use -unconstrained or set the root attribute 'timing_report_unconstrained' to 'true' to see only these unconstrained paths.

============================================================
  Generated by:           Genus(TM) Synthesis Solution 21.12-s068_1
  Generated on:           Mar 14 2023  07:02:32 pm
  Module:                 idct
  Operating conditions:   slow (balanced_tree)
  Wireload mode:          enclosed
  Area mode:              timing library
============================================================

No paths found

============================================================
  Generated by:           Genus(TM) Synthesis Solution 21.12-s068_1
  Generated on:           Mar 14 2023  07:02:32 pm
  Module:                 idct
  Operating conditions:   slow (balanced_tree)
  Wireload mode:          enclosed
  Area mode:              timing library
============================================================


Path 1: MET (10885 ps) Setup Check with Pin gs_ctrl_proc_he50_reg[0]/clk->d
          Group: I2C
     Startpoint: (R) start
          Clock: (R) clock
       Endpoint: (R) gs_ctrl_proc_he50_reg[0]/d
          Clock: (R) clock

                     Capture       Launch     
        Clock Edge:+   20000            0     
        Drv Adjust:+       0            0     
       Src Latency:+       0            0     
       Net Latency:+       0 (I)        0 (I) 
           Arrival:=   20000            0     
                                              
             Setup:-     345                  
     Required Time:=   19655                  
      Launch Clock:-       0                  
       Input Delay:-    7200                  
         Data Path:-    1570                  
             Slack:=   10885                  

Exceptions/Constraints:
  input_delay             7200            idct.sdc_line_7 

#-----------------------------------------------------------------------------------------------------------------------
#            Timing Point              Flags     Arc    Edge      Cell        Fanout  Load Trans Delay Arrival Instance 
#                                                                                     (fF)  (ps)  (ps)   (ps)  Location 
#-----------------------------------------------------------------------------------------------------------------------
  start                                (u)     -        R     (arrival)           69  87.3     0     0    7200    (-,-) 
  mux_global_state_next_47075_23/g2/z  (u)     sel0->z  F     unmapped_bmux3       1   9.7     0   169    7369    (-,-) 
  mux_global_state_next_47068_19/g4/z  (u)     data0->z F     unmapped_bmux3       1   9.7     0   169    7539    (-,-) 
  mux_global_state_next_46977_15/g4/z  (u)     data5->z F     unmapped_mux14      39 378.3     0   555    8094    (-,-) 
  ctl_global_state_next_47388_19/g13/z (u)     in_0->z  R     unmapped_not         3  29.1     0    94    8188    (-,-) 
  ctl_global_state_next_47388_19/g1/z  (u)     in_3->z  F     unmapped_nand4       1   9.7     0   154    8342    (-,-) 
  ctl_global_state_next_47388_19/g6/z  (u)     in_1->z  R     unmapped_nand2       4  38.8     0   142    8484    (-,-) 
  mux_gs_ctrl_proc_he50_47388_19/g3/z  (u)     sel0->z  R     unmapped_mux10       1   9.7     0   285    8770    (-,-) 
  gs_ctrl_proc_he50_reg[0]/d           -       -        R     unmapped_d_flop      1     -     -     0    8770    (-,-) 
#-----------------------------------------------------------------------------------------------------------------------

(u) : Net has unmapped pin(s).

============================================================
  Generated by:           Genus(TM) Synthesis Solution 21.12-s068_1
  Generated on:           Mar 14 2023  07:02:32 pm
  Module:                 idct
  Operating conditions:   slow (balanced_tree)
  Wireload mode:          enclosed
  Area mode:              timing library
============================================================


Path 1: MET (12396 ps) Late External Delay Assertion at pin outdata[0]
          Group: C2O
     Startpoint: (R) outdata_reg[0]/clk
          Clock: (R) clock
       Endpoint: (R) outdata[0]
          Clock: (R) clock

                     Capture       Launch     
        Clock Edge:+   20000            0     
       Src Latency:+       0            0     
       Net Latency:+       0 (I)        0 (I) 
           Arrival:=   20000            0     
                                              
      Output Delay:-    7200                  
     Required Time:=   12800                  
      Launch Clock:-       0                  
         Data Path:-     404                  
             Slack:=   12396                  

Exceptions/Constraints:
  output_delay             7200            idct.sdc_line_24 

#--------------------------------------------------------------------------------------------------
#   Timing Point     Flags    Arc   Edge      Cell        Fanout Load Trans Delay Arrival Instance 
#                                                                (fF)  (ps)  (ps)   (ps)  Location 
#--------------------------------------------------------------------------------------------------
  outdata_reg[0]/clk -       -      R     (arrival)         1568    -     0     0       0    (-,-) 
  outdata_reg[0]/q   (u)     clk->q R     unmapped_d_flop      1  0.0     0   404     404    (-,-) 
  outdata[0]         -       -      R     (port)               -    -     -     0     404    (-,-) 
#--------------------------------------------------------------------------------------------------

(u) : Net has unmapped pin(s).

============================================================
  Generated by:           Genus(TM) Synthesis Solution 21.12-s068_1
  Generated on:           Mar 14 2023  07:02:32 pm
  Module:                 idct
  Operating conditions:   slow (balanced_tree)
  Wireload mode:          enclosed
  Area mode:              timing library
============================================================


Path 1: MET (3785 ps) Setup Check with Pin s_reg_690_reg[7]/clk->d
          Group: C2C
     Startpoint: (R) s_reg_259_slice_reg[2]/clk
          Clock: (R) clock
       Endpoint: (R) s_reg_690_reg[7]/d
          Clock: (R) clock

                     Capture       Launch     
        Clock Edge:+   20000            0     
       Src Latency:+       0            0     
       Net Latency:+       0 (I)        0 (I) 
           Arrival:=   20000            0     
                                              
             Setup:-     241                  
     Required Time:=   19759                  
      Launch Clock:-       0                  
         Data Path:-   15974                  
             Slack:=    3785                  

#--------------------------------------------------------------------------------------------------------------------------------------------
#                      Timing Point                       Flags     Arc     Edge       Cell        Fanout  Load Trans Delay Arrival Instance 
#                                                                                                          (fF)  (ps)  (ps)   (ps)  Location 
#--------------------------------------------------------------------------------------------------------------------------------------------
  s_reg_259_slice_reg[2]/clk                              -       -         R     (arrival)          1568     -     0     0       0    (-,-) 
  s_reg_259_slice_reg[2]/q                                (u)     clk->q    F     unmapped_d_flop       9  87.3     0   545     545    (-,-) 
  lt_22882_69/g12/z                                       (u)     in_0->z   R     unmapped_nand2        1   9.7     0    84     629    (-,-) 
  lt_22882_69/g18/z                                       (u)     in_0->z   F     unmapped_nor2         1   9.7     0    84     713    (-,-) 
  lt_22882_69/g20/z                                       (u)     in_0->z   R     unmapped_nor2         1   9.7     0    84     797    (-,-) 
  lt_22882_69/g26/z                                       (u)     in_0->z   F     unmapped_nand2        1   9.7     0    84     882    (-,-) 
  lt_22882_69/g42/z                                       (u)     in_0->z   R     unmapped_not          1   9.7     0    54     935    (-,-) 
  lt_22882_69/g27/z                                       (u)     in_1->z   F     unmapped_nand2        1   9.7     0    84    1019    (-,-) 
  lt_22882_69/g7/z                                        (u)     in_0->z   R     unmapped_not       3042  48.5     0   385    1404    (-,-) 
  mux_idct_N_Mux_16_8_128_4_132_ctrl1_14849_19/g3/z       (u)     sel0->z   R     unmapped_bmux3        1   9.7     0   169    1574    (-,-) 
  mux_idct_N_Mux_16_8_128_4_132_ctrl1_14846_15/g3/z       (u)     data1->z  R     unmapped_bmux6       64  77.6     0   516    2090    (-,-) 
  mux_idct_N_Mux_16_8_128_4_135_out1_16418_15/g16/z       (u)     sel0->z   R     unmapped_bmux11      18 174.6     0   650    2740    (-,-) 
  add_20462_115/g5/z                                      (u)     in_1->z   F     unmapped_nand2        1   9.7     0    84    2824    (-,-) 
  add_20462_115/g188/z                                    (u)     in_0->z   R     unmapped_not          2  19.4     0    76    2899    (-,-) 
  add_20462_115/g37/z                                     (u)     in_0->z   F     unmapped_nand2        1   9.7     0    84    2984    (-,-) 
  add_20462_115/g38/z                                     (u)     in_1->z   R     unmapped_nand2        3  29.1     0   125    3108    (-,-) 
  add_20462_115/g70/z                                     (u)     in_1->z   F     unmapped_nand2        1   9.7     0    84    3193    (-,-) 
  add_20462_115/g71/z                                     (u)     in_1->z   R     unmapped_nand2        5  48.5     0   159    3352    (-,-) 
  add_20462_115/g111/z                                    (u)     in_0->z   F     unmapped_nand2        1   9.7     0    84    3436    (-,-) 
  add_20462_115/g112/z                                    (u)     in_1->z   R     unmapped_nand2        9  87.3     0   205    3641    (-,-) 
  add_20462_115/g131/z                                    (u)     in_0->z   F     unmapped_nand2        1   9.7     0    84    3725    (-,-) 
  add_20462_115/g132/z                                    (u)     in_1->z   R     unmapped_nand2        1   9.7     0    84    3809    (-,-) 
  add_20462_115/g170/z                                    (u)     in_0->z   F     unmapped_xnor2        7  67.9     0   273    4082    (-,-) 
  mul_20469_121/g130/z                                    (u)     in_1->z   R     unmapped_xor2         2  19.4     0   191    4273    (-,-) 
  mul_20469_121/g136/z                                    (u)     in_0->z   F     unmapped_nand2        1   9.7     0    84    4357    (-,-) 
  mul_20469_121/g137/z                                    (u)     in_1->z   R     unmapped_nand2        3  29.1     0   125    4482    (-,-) 
  mul_20469_121/g817/z                                    (u)     in_1->z   R     unmapped_xor2         1   9.7     0   169    4651    (-,-) 
  mul_20469_121/g818/z                                    (u)     in_0->z   R     unmapped_xor2         3  29.1     0   210    4862    (-,-) 
  mul_20469_121/g838/z                                    (u)     in_1->z   F     unmapped_nand2        1   9.7     0    84    4946    (-,-) 
  mul_20469_121/g840/z                                    (u)     in_1->z   R     unmapped_nand3        3  29.1     0   164    5110    (-,-) 
  mul_20469_121/g873/z                                    (u)     in_1->z   R     unmapped_xor2         1   9.7     0   169    5279    (-,-) 
  mul_20469_121/g874/z                                    (u)     in_0->z   R     unmapped_xor2         2  19.4     0   191    5471    (-,-) 
  mul_20469_121/g1247/z                                   (u)     in_1->z   F     unmapped_nor2         3  29.1     0   125    5596    (-,-) 
  mul_20469_121/g1297/z                                   (u)     in_1->z   R     unmapped_nor2         1   9.7     0    84    5680    (-,-) 
  mul_20469_121/g1299/z                                   (u)     in_0->z   F     unmapped_nor2         3  29.1     0   125    5805    (-,-) 
  mul_20469_121/g1351/z                                   (u)     in_1->z   R     unmapped_nor2         1   9.7     0    84    5889    (-,-) 
  mul_20469_121/g1353/z                                   (u)     in_0->z   F     unmapped_nor2         1   9.7     0    84    5973    (-,-) 
  mul_20469_121/g1406/z                                   (u)     in_0->z   R     unmapped_not          1   9.7     0    54    6027    (-,-) 
  mul_20469_121/g1407/z                                   (u)     in_1->z   F     unmapped_nor2         1   9.7     0    84    6111    (-,-) 
  mul_20469_121/g1444/z                                   (u)     in_0->z   R     unmapped_nand2        1   9.7     0    84    6195    (-,-) 
  mul_20469_121/g349/z                                    (u)     in_0->z   R     unmapped_xnor2        5  48.5     0   244    6439    (-,-) 
  add_27193_104/g34/z                                     (u)     in_0->z   F     unmapped_nor2         3  29.1     0   125    6564    (-,-) 
  add_27193_104/g344/z                                    (u)     in_0->z   R     unmapped_not          1   9.7     0    54    6618    (-,-) 
  add_27193_104/g345/z                                    (u)     in_0->z   F     unmapped_nand2        1   9.7     0    84    6702    (-,-) 
  add_27193_104/g346/z                                    (u)     in_1->z   R     unmapped_xnor2        4  38.8     0   228    6930    (-,-) 
  mux_idct_Sub_30Sx30S_31S_4_299_in2_20909_19/g15/z       (u)     data0->z  R     unmapped_bmux3        1   9.7     0   169    7099    (-,-) 
  mux_idct_Sub_30Sx30S_31S_4_299_in2_20906_15/g15/z       (u)     data1->z  R     unmapped_bmux6        2  19.4     0   341    7440    (-,-) 
  sub_21012_115/g61/z                                     (u)     in_0->z   F     unmapped_nor2         3  29.1     0   125    7565    (-,-) 
  sub_21012_115/g121/z                                    (u)     in_1->z   R     unmapped_nor2         2  19.4     0   106    7671    (-,-) 
  sub_21012_115/g180/z                                    (u)     in_0->z   F     unmapped_not          1   9.7     0    54    7725    (-,-) 
  sub_21012_115/g181/z                                    (u)     in_1->z   R     unmapped_nor2         1   9.7     0    84    7809    (-,-) 
  sub_21012_115/g183/z                                    (u)     in_0->z   F     unmapped_nor2         1   9.7     0    84    7893    (-,-) 
  sub_21012_115/g240/z                                    (u)     in_0->z   R     unmapped_not          1   9.7     0    54    7947    (-,-) 
  sub_21012_115/g241/z                                    (u)     in_1->z   F     unmapped_nor2         1   9.7     0    84    8031    (-,-) 
  sub_21012_115/g287/z                                    (u)     in_0->z   R     unmapped_nand2       15 145.5     0   250    8281    (-,-) 
  sub_21012_115/g321/z                                    (u)     in_1->z   F     unmapped_nand2        1   9.7     0    84    8365    (-,-) 
  sub_21012_115/g322/z                                    (u)     in_1->z   R     unmapped_nand2        1   9.7     0    84    8449    (-,-) 
  sub_21012_115/g399/z                                    (u)     in_0->z   F     unmapped_xnor2       10  97.0     0   298    8747    (-,-) 
  mux_idct_Sub_29Sx27S_30S_1_790_in1_slice_20508_13/g11/z (u)     data1->z  F     unmapped_bmux3        1   9.7     0   169    8916    (-,-) 
  sub_20531_115/g17/z                                     (u)     in_0->z   R     unmapped_not          2  19.4     0    76    8992    (-,-) 
  sub_20531_115/g59/z                                     (u)     in_1->z   F     unmapped_nor2         3  29.1     0   125    9117    (-,-) 
  sub_20531_115/g117/z                                    (u)     in_1->z   R     unmapped_nor2         2  19.4     0   106    9223    (-,-) 
  sub_20531_115/g172/z                                    (u)     in_0->z   F     unmapped_not          1   9.7     0    54    9276    (-,-) 
  sub_20531_115/g173/z                                    (u)     in_1->z   R     unmapped_nor2         1   9.7     0    84    9361    (-,-) 
  sub_20531_115/g175/z                                    (u)     in_0->z   F     unmapped_nor2         1   9.7     0    84    9445    (-,-) 
  sub_20531_115/g232/z                                    (u)     in_0->z   R     unmapped_not          1   9.7     0    54    9498    (-,-) 
  sub_20531_115/g233/z                                    (u)     in_1->z   F     unmapped_nor2         1   9.7     0    84    9583    (-,-) 
  sub_20531_115/g274/z                                    (u)     in_0->z   R     unmapped_nand2       14 135.8     0   242    9825    (-,-) 
  sub_20531_115/g301/z                                    (u)     in_0->z   F     unmapped_nand2        1   9.7     0    84    9909    (-,-) 
  sub_20531_115/g302/z                                    (u)     in_1->z   R     unmapped_nand2        1   9.7     0    84    9993    (-,-) 
  sub_20531_115/g376/z                                    (u)     in_0->z   F     unmapped_xnor2        9  87.3     0   290   10283    (-,-) 
  mux_idct_Sub_30Sx30S_31S_1_303_in1_21198_19/g13/z       (u)     data1->z  F     unmapped_bmux3        1   9.7     0   169   10453    (-,-) 
  mux_idct_Sub_30Sx30S_31S_1_303_in1_21195_15/g13/z       (u)     data1->z  F     unmapped_bmux11       1   9.7     0   469   10922    (-,-) 
  sub_21257_115/g19/z                                     (u)     in_0->z   R     unmapped_not          2  19.4     0    76   10997    (-,-) 
  sub_21257_115/g66/z                                     (u)     in_1->z   F     unmapped_nor2         3  29.1     0   125   11122    (-,-) 
  sub_21257_115/g123/z                                    (u)     in_1->z   R     unmapped_nor2         1   9.7     0    84   11206    (-,-) 
  sub_21257_115/g125/z                                    (u)     in_0->z   F     unmapped_nor2         3  29.1     0   125   11331    (-,-) 
  sub_21257_115/g192/z                                    (u)     in_0->z   R     unmapped_nor2         1   9.7     0    84   11415    (-,-) 
  sub_21257_115/g194/z                                    (u)     in_0->z   F     unmapped_nor2         5  48.5     0   159   11574    (-,-) 
  sub_21257_115/g249/z                                    (u)     in_0->z   R     unmapped_nor2         1   9.7     0    84   11658    (-,-) 
  sub_21257_115/g251/z                                    (u)     in_0->z   F     unmapped_nor2         1   9.7     0    84   11743    (-,-) 
  sub_21257_115/g333/z                                    (u)     in_0->z   R     unmapped_nand2        1   9.7     0    84   11827    (-,-) 
  sub_21257_115/g411/z                                    (u)     in_0->z   F     unmapped_xnor2       17 164.9     0   346   12173    (-,-) 
  ctl_idct_N_Mux_9_768_135_4_689_ctrl1_31409_15/g7/z      (u)     in_0->z   R     unmapped_not          5  48.5     0   128   12302    (-,-) 
  ctl_idct_N_Mux_9_768_135_4_689_ctrl1_31409_15/g26/z     (u)     in_1->z   F     unmapped_nand2        2  19.4     0   106   12408    (-,-) 
  ctl_idct_N_Mux_9_768_135_4_689_ctrl1_31409_15/g53/z     (u)     in_0->z   R     unmapped_nor2         4  38.8     0   142   12550    (-,-) 
  ctl_idct_N_Mux_9_768_135_4_689_ctrl1_31409_15/g212/z    (u)     in_0->z   F     unmapped_nand2       15 145.5     0   250   12800    (-,-) 
  ctl_idct_N_Mux_9_768_135_4_689_ctrl1_31409_15/g316/z    (u)     in_0->z   R     unmapped_nor2         9  87.3     0   205   13005    (-,-) 
  mux_idct_N_Mux_9_768_135_4_689_out1_31409_15/g2/z       (u)     sel253->z R     unmapped_mux1024      1   9.7     0  2969   15974    (-,-) 
  s_reg_690_reg[7]/d                                      -       -         R     unmapped_d_flop       1     -     -     0   15974    (-,-) 
#--------------------------------------------------------------------------------------------------------------------------------------------

(u) : Net has unmapped pin(s).

============================================================
  Generated by:           Genus(TM) Synthesis Solution 21.12-s068_1
  Generated on:           Mar 14 2023  07:02:32 pm
  Module:                 idct
  Operating conditions:   slow (balanced_tree)
  Wireload mode:          enclosed
  Area mode:              timing library
============================================================

No paths found

============================================================
  Generated by:           Genus(TM) Synthesis Solution 23.10-p004_1
  Generated on:           Mar 22 2024  05:05:01 pm
  Module:                 idct
  Operating conditions:   slow (balanced_tree)
  Wireload mode:          enclosed
  Area mode:              timing library
============================================================

Some unconstrained paths have not been displayed.
Use -unconstrained or set the root attribute 'timing_report_unconstrained' to 'true' to see only these unconstrained paths.

============================================================
  Generated by:           Genus(TM) Synthesis Solution 23.10-p004_1
  Generated on:           Mar 22 2024  05:05:02 pm
  Module:                 idct
  Operating conditions:   slow (balanced_tree)
  Wireload mode:          enclosed
  Area mode:              timing library
============================================================

No paths found

============================================================
  Generated by:           Genus(TM) Synthesis Solution 23.10-p004_1
  Generated on:           Mar 22 2024  05:05:02 pm
  Module:                 idct
  Operating conditions:   slow (balanced_tree)
  Wireload mode:          enclosed
  Area mode:              timing library
============================================================


Path 1: MET (11078 ps) Setup Check with Pin gs_ctrl_proc_h20_reg/clk->d
          Group: I2C
     Startpoint: (R) start
          Clock: (R) clock
       Endpoint: (R) gs_ctrl_proc_h20_reg/d
          Clock: (R) clock

                     Capture       Launch     
        Clock Edge:+   20000            0     
        Drv Adjust:+       0            0     
       Src Latency:+       0            0     
       Net Latency:+       0 (I)        0 (I) 
           Arrival:=   20000            0     
                                              
             Setup:-     338                  
     Required Time:=   19662                  
      Launch Clock:-       0                  
       Input Delay:-    7200                  
         Data Path:-    1384                  
             Slack:=   11078                  

Exceptions/Constraints:
  input_delay             7200            idct.sdc_line_5 

#---------------------------------------------------------------------------------------------------------------------
#            Timing Point             Flags     Arc    Edge      Cell        Fanout Load Trans Delay Arrival Instance 
#                                                                                   (fF)  (ps)  (ps)   (ps)  Location 
#---------------------------------------------------------------------------------------------------------------------
  start                               (u)     -        R     (arrival)            4 34.0     0     0    7200    (-,-) 
  mux_global_state_next_44019_23/g1/z (u)     sel0->z  F     unmapped_bmux2       5 42.5     0   245    7445    (-,-) 
  mux_global_state_next_44012_19/g2/z (u)     data0->z F     unmapped_bmux2       1  8.5     0   180    7626    (-,-) 
  mux_global_state_next_43957_15/g2/z (u)     data5->z F     unmapped_bmux8       4 34.0     0   558    8184    (-,-) 
  ctl_global_state_next_44109_19/g4/z (u)     in_0->z  R     unmapped_not         1  8.5     0    51    8235    (-,-) 
  ctl_global_state_next_44109_19/g6/z (u)     in_1->z  F     unmapped_nand3       2 17.0     0   141    8376    (-,-) 
  ctl_global_state_next_44109_19/g1/z (u)     in_0->z  R     unmapped_not         1  8.5     0    51    8427    (-,-) 
  mux_gs_ctrl_proc_h20_44109_19/g1/z  (u)     sel0->z  R     unmapped_mux2        1  8.5     0   157    8584    (-,-) 
  gs_ctrl_proc_h20_reg/d              -       -        R     unmapped_d_flop      1    -     -     0    8584    (-,-) 
#---------------------------------------------------------------------------------------------------------------------

(u) : Net has unmapped pin(s).

============================================================
  Generated by:           Genus(TM) Synthesis Solution 23.10-p004_1
  Generated on:           Mar 22 2024  05:05:02 pm
  Module:                 idct
  Operating conditions:   slow (balanced_tree)
  Wireload mode:          enclosed
  Area mode:              timing library
============================================================


Path 1: MET (12402 ps) Late External Delay Assertion at pin outdata[0]
          Group: C2O
     Startpoint: (R) outdata_reg[0]/clk
          Clock: (R) clock
       Endpoint: (R) outdata[0]
          Clock: (R) clock

                     Capture       Launch     
        Clock Edge:+   20000            0     
       Src Latency:+       0            0     
       Net Latency:+       0 (I)        0 (I) 
           Arrival:=   20000            0     
                                              
      Output Delay:-    7200                  
     Required Time:=   12800                  
      Launch Clock:-       0                  
         Data Path:-     398                  
             Slack:=   12402                  

Exceptions/Constraints:
  output_delay             7200            idct.sdc_line_22 

#--------------------------------------------------------------------------------------------------
#   Timing Point     Flags    Arc   Edge      Cell        Fanout Load Trans Delay Arrival Instance 
#                                                                (fF)  (ps)  (ps)   (ps)  Location 
#--------------------------------------------------------------------------------------------------
  outdata_reg[0]/clk -       -      R     (arrival)         1068    -     0     0       0    (-,-) 
  outdata_reg[0]/q   (u)     clk->q R     unmapped_d_flop      1  0.0     0   398     398    (-,-) 
  outdata[0]         -       -      R     (port)               -    -     -     0     398    (-,-) 
#--------------------------------------------------------------------------------------------------

(u) : Net has unmapped pin(s).

============================================================
  Generated by:           Genus(TM) Synthesis Solution 23.10-p004_1
  Generated on:           Mar 22 2024  05:05:02 pm
  Module:                 idct
  Operating conditions:   slow (balanced_tree)
  Wireload mode:          enclosed
  Area mode:              timing library
============================================================


Path 1: VIOLATED (-393 ps) Setup Check with Pin s_reg_8_reg[7]/clk->d
          Group: C2C
     Startpoint: (R) gs_ctrl_proc_h10_reg/clk
          Clock: (R) clock
       Endpoint: (R) s_reg_8_reg[7]/d
          Clock: (R) clock

                     Capture       Launch     
        Clock Edge:+   20000            0     
       Src Latency:+       0            0     
       Net Latency:+       0 (I)        0 (I) 
           Arrival:=   20000            0     
                                              
             Setup:-     502                  
     Required Time:=   19498                  
      Launch Clock:-       0                  
         Data Path:-   19892                  
             Slack:=    -393                  

#-------------------------------------------------------------------------------------------------------------------------------------------
#                      Timing Point                       Flags     Arc     Edge      Cell        Fanout  Load Trans Delay Arrival Instance 
#                                                                                                         (fF)  (ps)  (ps)   (ps)  Location 
#-------------------------------------------------------------------------------------------------------------------------------------------
  gs_ctrl_proc_h10_reg/clk                                -       -         R     (arrival)         1068     -     0     0       0    (-,-) 
  gs_ctrl_proc_h10_reg/q                                  (u)     clk->q    R     unmapped_d_flop   1018  34.0     0   669     669    (-,-) 
  mux_idct_N_Mux_16_8_192_1_71_in8_16819_13/g16/z         (u)     sel0->z   R     unmapped_bmux2       1   8.5     0   180     849    (-,-) 
  mux_idct_N_Mux_16_8_192_1_71_out1_16988_15/g16/z        (u)     data6->z  R     unmapped_bmux8      18 153.0     0   681    1531    (-,-) 
  add_19696_113/g5/z                                      (u)     in_1->z   F     unmapped_nand2       1   8.5     0    87    1618    (-,-) 
  add_19696_113/g191/z                                    (u)     in_0->z   R     unmapped_not         2  17.0     0    69    1686    (-,-) 
  add_19696_113/g40/z                                     (u)     in_0->z   F     unmapped_nand2       1   8.5     0    87    1774    (-,-) 
  add_19696_113/g41/z                                     (u)     in_1->z   R     unmapped_nand2       3  25.5     0   121    1895    (-,-) 
  add_19696_113/g73/z                                     (u)     in_1->z   F     unmapped_nand2       1   8.5     0    87    1982    (-,-) 
  add_19696_113/g74/z                                     (u)     in_1->z   R     unmapped_nand2       5  42.5     0   152    2134    (-,-) 
  add_19696_113/g114/z                                    (u)     in_0->z   F     unmapped_nand2       1   8.5     0    87    2221    (-,-) 
  add_19696_113/g115/z                                    (u)     in_1->z   R     unmapped_nand2       9  76.5     0   199    2420    (-,-) 
  add_19696_113/g136/z                                    (u)     in_1->z   F     unmapped_nand2       1   8.5     0    87    2507    (-,-) 
  add_19696_113/g137/z                                    (u)     in_1->z   R     unmapped_nand2       1   8.5     0    87    2594    (-,-) 
  add_19696_113/g175/z                                    (u)     in_0->z   R     unmapped_xnor2       6  51.0     0   260    2854    (-,-) 
  mul_19703_119/g49/z                                     (u)     in_1->z   R     unmapped_xor2        2  17.0     0   198    3052    (-,-) 
  mul_19703_119/g50/z                                     (u)     in_0->z   F     unmapped_nand2       1   8.5     0    87    3139    (-,-) 
  mul_19703_119/g52/z                                     (u)     in_0->z   R     unmapped_nand2       3  25.5     0   121    3260    (-,-) 
  mul_19703_119/g675/z                                    (u)     in_1->z   F     unmapped_nand2       1   8.5     0    87    3348    (-,-) 
  mul_19703_119/g677/z                                    (u)     in_1->z   R     unmapped_nand3       3  25.5     0   157    3505    (-,-) 
  mul_19703_119/g704/z                                    (u)     in_1->z   R     unmapped_xor2        1   8.5     0   180    3685    (-,-) 
  mul_19703_119/g705/z                                    (u)     in_0->z   R     unmapped_xor2        3  25.5     0   215    3900    (-,-) 
  mul_19703_119/g710/z                                    (u)     in_1->z   R     unmapped_xor2        1   8.5     0   180    4080    (-,-) 
  mul_19703_119/g711/z                                    (u)     in_0->z   R     unmapped_xor2        2  17.0     0   198    4279    (-,-) 
  mul_19703_119/g1046/z                                   (u)     in_1->z   F     unmapped_nor2        3  25.5     0   121    4400    (-,-) 
  mul_19703_119/g83/z                                     (u)     in_1->z   R     unmapped_nor2        2  17.0     0   105    4505    (-,-) 
  mul_19703_119/g1141/z                                   (u)     in_0->z   F     unmapped_not         1   8.5     0    51    4556    (-,-) 
  mul_19703_119/g1142/z                                   (u)     in_1->z   R     unmapped_nor2        1   8.5     0    87    4643    (-,-) 
  mul_19703_119/g1144/z                                   (u)     in_0->z   F     unmapped_nor2        5  42.5     0   152    4795    (-,-) 
  mul_19703_119/g1183/z                                   (u)     in_1->z   R     unmapped_nor2        1   8.5     0    87    4882    (-,-) 
  mul_19703_119/g1185/z                                   (u)     in_0->z   F     unmapped_nor2        1   8.5     0    87    4969    (-,-) 
  mul_19703_119/g1229/z                                   (u)     in_0->z   R     unmapped_nand2       1   8.5     0    87    5056    (-,-) 
  mul_19703_119/g1298/z                                   (u)     in_0->z   R     unmapped_xnor2       5  42.5     0   245    5302    (-,-) 
  add_25675_100/g33/z                                     (u)     in_0->z   F     unmapped_nor2        3  25.5     0   121    5423    (-,-) 
  add_25675_100/g87/z                                     (u)     in_1->z   R     unmapped_nor2        3  25.5     0   121    5544    (-,-) 
  add_25675_100/g141/z                                    (u)     in_0->z   F     unmapped_nand2       2  17.0     0   105    5649    (-,-) 
  add_25675_100/g195/z                                    (u)     in_1->z   R     unmapped_nor2        1   8.5     0    87    5736    (-,-) 
  add_25675_100/g232/z                                    (u)     in_0->z   F     unmapped_nand2       1   8.5     0    87    5823    (-,-) 
  add_25675_100/g233/z                                    (u)     in_1->z   R     unmapped_nand2       1   8.5     0    87    5910    (-,-) 
  add_25675_100/g316/z                                    (u)     in_0->z   R     unmapped_xnor2       3  25.5     0   215    6125    (-,-) 
  mux_idct_Add_28Sx28S_29S_1_209_in1_19718_13/g13/z       (u)     data1->z  R     unmapped_bmux2       2  17.0     0   198    6323    (-,-) 
  add_19741_107/g37/z                                     (u)     in_1->z   F     unmapped_nor2        3  25.5     0   121    6444    (-,-) 
  add_19741_107/g93/z                                     (u)     in_1->z   R     unmapped_nor2        2  17.0     0   105    6549    (-,-) 
  add_19741_107/g148/z                                    (u)     in_0->z   F     unmapped_not         1   8.5     0    51    6600    (-,-) 
  add_19741_107/g149/z                                    (u)     in_1->z   R     unmapped_nor2        1   8.5     0    87    6687    (-,-) 
  add_19741_107/g151/z                                    (u)     in_0->z   F     unmapped_nor2        1   8.5     0    87    6774    (-,-) 
  add_19741_107/g208/z                                    (u)     in_0->z   R     unmapped_not         1   8.5     0    51    6825    (-,-) 
  add_19741_107/g209/z                                    (u)     in_1->z   F     unmapped_nor2        1   8.5     0    87    6912    (-,-) 
  add_19741_107/g246/z                                    (u)     in_0->z   R     unmapped_nand2      13 110.5     0   230    7142    (-,-) 
  add_19741_107/g270/z                                    (u)     in_1->z   F     unmapped_nand2       1   8.5     0    87    7229    (-,-) 
  add_19741_107/g271/z                                    (u)     in_1->z   R     unmapped_nand2       1   8.5     0    87    7316    (-,-) 
  add_19741_107/g342/z                                    (u)     in_0->z   R     unmapped_xnor2       6  51.0     0   260    7576    (-,-) 
  sub_25711_115/g65/z                                     (u)     in_0->z   F     unmapped_nor2        3  25.5     0   121    7697    (-,-) 
  sub_25711_115/g125/z                                    (u)     in_1->z   R     unmapped_nor2        2  17.0     0   105    7802    (-,-) 
  sub_25711_115/g184/z                                    (u)     in_0->z   F     unmapped_not         1   8.5     0    51    7853    (-,-) 
  sub_25711_115/g185/z                                    (u)     in_1->z   R     unmapped_nor2        1   8.5     0    87    7940    (-,-) 
  sub_25711_115/g187/z                                    (u)     in_0->z   F     unmapped_nor2        1   8.5     0    87    8027    (-,-) 
  sub_25711_115/g244/z                                    (u)     in_0->z   R     unmapped_not         1   8.5     0    51    8078    (-,-) 
  sub_25711_115/g245/z                                    (u)     in_1->z   F     unmapped_nor2        1   8.5     0    87    8165    (-,-) 
  sub_25711_115/g291/z                                    (u)     in_0->z   R     unmapped_nand2      14 119.0     0   238    8403    (-,-) 
  sub_25711_115/g323/z                                    (u)     in_0->z   F     unmapped_nand2       1   8.5     0    87    8490    (-,-) 
  sub_25711_115/g324/z                                    (u)     in_1->z   R     unmapped_nand2       1   8.5     0    87    8577    (-,-) 
  sub_25711_115/g401/z                                    (u)     in_0->z   R     unmapped_xnor2       3  25.5     0   215    8791    (-,-) 
  mux_idct_Add_32Sx31S_32S_1_234_in2_slice_20454_13/g14/z (u)     data1->z  R     unmapped_bmux2       2  17.0     0   198    8990    (-,-) 
  add_20501_127/g41/z                                     (u)     in_0->z   F     unmapped_nor2        3  25.5     0   121    9111    (-,-) 
  add_20501_127/g100/z                                    (u)     in_1->z   R     unmapped_nor2        1   8.5     0    87    9198    (-,-) 
  add_20501_127/g102/z                                    (u)     in_0->z   F     unmapped_nor2        3  25.5     0   121    9319    (-,-) 
  add_20501_127/g169/z                                    (u)     in_0->z   R     unmapped_nor2        1   8.5     0    87    9406    (-,-) 
  add_20501_127/g171/z                                    (u)     in_0->z   F     unmapped_nor2        5  42.5     0   152    9558    (-,-) 
  add_20501_127/g226/z                                    (u)     in_1->z   R     unmapped_nor2        1   8.5     0    87    9645    (-,-) 
  add_20501_127/g228/z                                    (u)     in_0->z   F     unmapped_nor2        1   8.5     0    87    9732    (-,-) 
  add_20501_127/g322/z                                    (u)     in_0->z   R     unmapped_nand2       1   8.5     0    87    9820    (-,-) 
  add_20501_127/g403/z                                    (u)     in_0->z   R     unmapped_xnor2       5  42.5     0   245   10065    (-,-) 
  mul_20532_65/g93/z                                      (u)     in_1->z   R     unmapped_xor2        2  17.0     0   198   10263    (-,-) 
  mul_20532_65/g94/z                                      (u)     in_0->z   F     unmapped_nand2       1   8.5     0    87   10350    (-,-) 
  mul_20532_65/g96/z                                      (u)     in_0->z   R     unmapped_nand2       2  17.0     0   105   10455    (-,-) 
  mul_20532_65/g1025/z                                    (u)     in_0->z   R     unmapped_xor2        3  25.5     0   215   10670    (-,-) 
  mul_20532_65/g1033/z                                    (u)     in_0->z   R     unmapped_xor2        1   8.5     0   180   10850    (-,-) 
  mul_20532_65/g1034/z                                    (u)     in_0->z   R     unmapped_xor2        3  25.5     0   215   11065    (-,-) 
  mul_20532_65/g1039/z                                    (u)     in_1->z   R     unmapped_xor2        1   8.5     0   180   11245    (-,-) 
  mul_20532_65/g1040/z                                    (u)     in_0->z   R     unmapped_xor2        2  17.0     0   198   11443    (-,-) 
  mul_20532_65/g1309/z                                    (u)     in_1->z   F     unmapped_nor2        3  25.5     0   121   11565    (-,-) 
  mul_20532_65/g1368/z                                    (u)     in_1->z   R     unmapped_nor2        1   8.5     0    87   11652    (-,-) 
  mul_20532_65/g1370/z                                    (u)     in_0->z   F     unmapped_nor2        3  25.5     0   121   11773    (-,-) 
  mul_20532_65/g1435/z                                    (u)     in_0->z   R     unmapped_nor2        1   8.5     0    87   11860    (-,-) 
  mul_20532_65/g1437/z                                    (u)     in_0->z   F     unmapped_nor2        1   8.5     0    87   11947    (-,-) 
  mul_20532_65/g1496/z                                    (u)     in_0->z   R     unmapped_not         1   8.5     0    51   11998    (-,-) 
  mul_20532_65/g1497/z                                    (u)     in_1->z   F     unmapped_nor2        8  68.0     0   191   12189    (-,-) 
  mul_20532_65/g1528/z                                    (u)     in_1->z   R     unmapped_nor2        1   8.5     0    87   12276    (-,-) 
  mul_20532_65/g1530/z                                    (u)     in_0->z   F     unmapped_nor2        1   8.5     0    87   12364    (-,-) 
  mul_20532_65/g1584/z                                    (u)     in_0->z   R     unmapped_nand2       1   8.5     0    87   12451    (-,-) 
  mul_20532_65/g1661/z                                    (u)     in_0->z   R     unmapped_xnor2       1   8.5     0   180   12631    (-,-) 
  add_20539_68/g468/z                                     (u)     in_0->z   F     unmapped_not         2  17.0     0    69   12700    (-,-) 
  add_20539_68/g118/z                                     (u)     in_1->z   R     unmapped_nor2        3  25.5     0   121   12821    (-,-) 
  add_20539_68/g195/z                                     (u)     in_0->z   F     unmapped_nand2       4  34.0     0   138   12959    (-,-) 
  add_20539_68/g254/z                                     (u)     in_1->z   R     unmapped_nor2        1   8.5     0    87   13046    (-,-) 
  add_20539_68/g311/z                                     (u)     in_1->z   F     unmapped_nand2       1   8.5     0    87   13133    (-,-) 
  add_20539_68/g358/z                                     (u)     in_0->z   R     unmapped_not         1   8.5     0    51   13184    (-,-) 
  add_20539_68/g359/z                                     (u)     in_1->z   F     unmapped_nand2       1   8.5     0    87   13271    (-,-) 
  add_20539_68/g497/z                                     (u)     in_0->z   R     unmapped_not         1   8.5     0    51   13322    (-,-) 
  add_20539_68/g444/z                                     (u)     in_0->z   F     unmapped_xnor2       3  25.5     0   215   13537    (-,-) 
  sub_20765_124/g23/z                                     (u)     in_0->z   R     unmapped_not         2  17.0     0    69   13605    (-,-) 
  sub_20765_124/g74/z                                     (u)     in_1->z   F     unmapped_nor2        3  25.5     0   121   13726    (-,-) 
  sub_20765_124/g125/z                                    (u)     in_1->z   R     unmapped_nor2        1   8.5     0    87   13814    (-,-) 
  sub_20765_124/g127/z                                    (u)     in_0->z   F     unmapped_nor2        3  25.5     0   121   13935    (-,-) 
  sub_20765_124/g182/z                                    (u)     in_1->z   R     unmapped_nor2        1   8.5     0    87   14022    (-,-) 
  sub_20765_124/g184/z                                    (u)     in_0->z   F     unmapped_nor2        1   8.5     0    87   14109    (-,-) 
  sub_20765_124/g235/z                                    (u)     in_0->z   R     unmapped_not         1   8.5     0    51   14160    (-,-) 
  sub_20765_124/g236/z                                    (u)     in_1->z   F     unmapped_nor2        1   8.5     0    87   14247    (-,-) 
  sub_20765_124/g292/z                                    (u)     in_0->z   R     unmapped_nand2       1   8.5     0    87   14334    (-,-) 
  sub_20765_124/g362/z                                    (u)     in_0->z   F     unmapped_xnor2      12 102.0     0   316   14650    (-,-) 
  ctl_idct_N_Mux_9_768_199_4_649_ctrl1_38175_15/g13/z     (u)     in_0->z   R     unmapped_not         3  25.5     0    85   14735    (-,-) 
  ctl_idct_N_Mux_9_768_199_4_649_ctrl1_38175_15/g34/z     (u)     in_1->z   F     unmapped_nand2       2  17.0     0   105   14840    (-,-) 
  ctl_idct_N_Mux_9_768_199_4_649_ctrl1_38175_15/g80/z     (u)     in_0->z   R     unmapped_nor2        4  34.0     0   138   14977    (-,-) 
  ctl_idct_N_Mux_9_768_199_4_649_ctrl1_38175_15/g158/z    (u)     in_0->z   F     unmapped_nand2      16  34.0     0   188   15166    (-,-) 
  ctl_idct_N_Mux_9_768_199_4_649_ctrl1_38175_15/g635/z    (u)     in_0->z   R     unmapped_not         1   8.5     0    51   15217    (-,-) 
  ctl_idct_N_Mux_9_768_199_4_649_ctrl1_38175_15/g634/z    (u)     in_0->z   F     unmapped_nor2        1   8.5     0    87   15304    (-,-) 
  ctl_idct_N_Mux_9_768_199_4_649_ctrl1_38175_15/g629/z    (u)     in_1->z   R     unmapped_nor2        9  76.5     0   199   15503    (-,-) 
  mux_idct_N_Mux_9_768_199_4_649_out1_38175_15/g2/z       (u)     sel511->z R     unmapped_mux512      8  68.0     0  3126   18629    (-,-) 
  mux_idct_N_Mux_16_2_95_4_665_out1_42541_13/g9/z         (u)     data1->z  R     unmapped_bmux2       1   8.5     0   180   18810    (-,-) 
  mux_s_reg_8_15029_33/g9/z                               (u)     data0->z  R     unmapped_bmux2       4  34.0     0   231   19040    (-,-) 
  mux_s_reg_8_15021_25/g9/z                               (u)     data3->z  R     unmapped_bmux4       1   8.5     0   344   19384    (-,-) 
  mux_s_reg_8_14916_19/g9/z                               (u)     data4->z  R     unmapped_bmux6       1   8.5     0   507   19892    (-,-) 
  s_reg_8_reg[7]/d                                        -       -         R     unmapped_d_flop      1     -     -     0   19892    (-,-) 
#-------------------------------------------------------------------------------------------------------------------------------------------

(u) : Net has unmapped pin(s).

============================================================
  Generated by:           Genus(TM) Synthesis Solution 23.10-p004_1
  Generated on:           Mar 22 2024  05:05:03 pm
  Module:                 idct
  Operating conditions:   slow (balanced_tree)
  Wireload mode:          enclosed
  Area mode:              timing library
============================================================

No paths found

============================================================
  Generated by:           Genus(TM) Synthesis Solution 23.10-p004_1
  Generated on:           Apr 03 2025  01:16:17 pm
  Module:                 idct
  Operating conditions:   slow (balanced_tree)
  Wireload mode:          enclosed
  Area mode:              timing library
============================================================

Some unconstrained paths have not been displayed.
Use -unconstrained or set the root attribute 'timing_report_unconstrained' to 'true' to see only these unconstrained paths.

============================================================
  Generated by:           Genus(TM) Synthesis Solution 23.10-p004_1
  Generated on:           Apr 03 2025  01:16:17 pm
  Module:                 idct
  Operating conditions:   slow (balanced_tree)
  Wireload mode:          enclosed
  Area mode:              timing library
============================================================

No paths found

============================================================
  Generated by:           Genus(TM) Synthesis Solution 23.10-p004_1
  Generated on:           Apr 03 2025  01:16:17 pm
  Module:                 idct
  Operating conditions:   slow (balanced_tree)
  Wireload mode:          enclosed
  Area mode:              timing library
============================================================


Path 1: MET (10761 ps) Setup Check with Pin gs_ctrl_proc_h6d0b40_reg[2]/clk->d
          Group: I2C
     Startpoint: (R) start
          Clock: (R) clock
       Endpoint: (R) gs_ctrl_proc_h6d0b40_reg[2]/d
          Clock: (R) clock

                     Capture       Launch     
        Clock Edge:+   20000            0     
        Drv Adjust:+       0            0     
       Src Latency:+       0            0     
       Net Latency:+       0 (I)        0 (I) 
           Arrival:=   20000            0     
                                              
             Setup:-     338                  
     Required Time:=   19662                  
      Launch Clock:-       0                  
       Input Delay:-    7200                  
         Data Path:-    1701                  
             Slack:=   10761                  

Exceptions/Constraints:
  input_delay             7200            idct.sdc_line_5 

#------------------------------------------------------------------------------------------------------------------------
#             Timing Point               Flags     Arc    Edge      Cell        Fanout Load Trans Delay Arrival Instance 
#                                                                                      (fF)  (ps)  (ps)   (ps)  Location 
#------------------------------------------------------------------------------------------------------------------------
  start                                  (u)     -        R     (arrival)           22 42.5     0     0    7200    (-,-) 
  mux_global_state_next_36126_19/g1/z    (u)     sel0->z  F     unmapped_bmux2       2 17.0     0   198    7398    (-,-) 
  mux_global_state_next_36180_19/g3/z    (u)     data0->z F     unmapped_bmux2       1  8.5     0   180    7579    (-,-) 
  mux_global_state_next_36123_15/g4/z    (u)     data5->z F     unmapped_mux7       59 34.0     0   460    8039    (-,-) 
  ctl_global_state_next_35548_19/g39/z   (u)     in_0->z  R     unmapped_not         3 25.5     0    85    8124    (-,-) 
  ctl_global_state_next_35548_19/g25/z   (u)     in_3->z  F     unmapped_nand4       1  8.5     0   157    8281    (-,-) 
  ctl_global_state_next_35548_19/g27/z   (u)     in_0->z  R     unmapped_nor2        1  8.5     0    87    8368    (-,-) 
  ctl_global_state_next_35548_19/g30/z   (u)     in_2->z  F     unmapped_nor3        1  8.5     0   123    8491    (-,-) 
  ctl_global_state_next_35548_19/g31/z   (u)     in_0->z  R     unmapped_not         4 34.0     0   102    8593    (-,-) 
  mux_gs_ctrl_proc_h6d0b40_35548_19/g1/z (u)     sel5->z  R     unmapped_mux7        1  8.5     0   308    8901    (-,-) 
  gs_ctrl_proc_h6d0b40_reg[2]/d          -       -        R     unmapped_d_flop      1    -     -     0    8901    (-,-) 
#------------------------------------------------------------------------------------------------------------------------

(u) : Net has unmapped pin(s).

============================================================
  Generated by:           Genus(TM) Synthesis Solution 23.10-p004_1
  Generated on:           Apr 03 2025  01:16:17 pm
  Module:                 idct
  Operating conditions:   slow (balanced_tree)
  Wireload mode:          enclosed
  Area mode:              timing library
============================================================


Path 1: MET (12402 ps) Late External Delay Assertion at pin outdata[0]
          Group: C2O
     Startpoint: (R) outdata_reg[0]/clk
          Clock: (R) clock
       Endpoint: (R) outdata[0]
          Clock: (R) clock

                     Capture       Launch     
        Clock Edge:+   20000            0     
       Src Latency:+       0            0     
       Net Latency:+       0 (I)        0 (I) 
           Arrival:=   20000            0     
                                              
      Output Delay:-    7200                  
     Required Time:=   12800                  
      Launch Clock:-       0                  
         Data Path:-     398                  
             Slack:=   12402                  

Exceptions/Constraints:
  output_delay             7200            idct.sdc_line_22 

#--------------------------------------------------------------------------------------------------
#   Timing Point     Flags    Arc   Edge      Cell        Fanout Load Trans Delay Arrival Instance 
#                                                                (fF)  (ps)  (ps)   (ps)  Location 
#--------------------------------------------------------------------------------------------------
  outdata_reg[0]/clk -       -      R     (arrival)         1651    -     0     0       0    (-,-) 
  outdata_reg[0]/q   (u)     clk->q R     unmapped_d_flop      1  0.0     0   398     398    (-,-) 
  outdata[0]         -       -      R     (port)               -    -     -     0     398    (-,-) 
#--------------------------------------------------------------------------------------------------

(u) : Net has unmapped pin(s).

============================================================
  Generated by:           Genus(TM) Synthesis Solution 23.10-p004_1
  Generated on:           Apr 03 2025  01:16:17 pm
  Module:                 idct
  Operating conditions:   slow (balanced_tree)
  Wireload mode:          enclosed
  Area mode:              timing library
============================================================


Path 1: MET (2868 ps) Setup Check with Pin s_reg_733_reg[7]/clk->d
          Group: C2C
     Startpoint: (R) gs_ctrl_proc_h800400_reg[0]/clk
          Clock: (R) clock
       Endpoint: (R) s_reg_733_reg[7]/d
          Clock: (R) clock

                     Capture       Launch     
        Clock Edge:+   20000            0     
       Src Latency:+       0            0     
       Net Latency:+       0 (I)        0 (I) 
           Arrival:=   20000            0     
                                              
             Setup:-     404                  
     Required Time:=   19596                  
      Launch Clock:-       0                  
         Data Path:-   16728                  
             Slack:=    2868                  

#---------------------------------------------------------------------------------------------------------------------------------------
#                    Timing Point                      Flags     Arc     Edge      Cell        Fanout Load Trans Delay Arrival Instance 
#                                                                                                     (fF)  (ps)  (ps)   (ps)  Location 
#---------------------------------------------------------------------------------------------------------------------------------------
  gs_ctrl_proc_h800400_reg[0]/clk                      -       -         R     (arrival)         1651    -     0     0       0    (-,-) 
  gs_ctrl_proc_h800400_reg[0]/q                        (u)     clk->q    R     unmapped_d_flop     62 34.0     0   567     567    (-,-) 
  mux_idct_Add_32Sx31S_32S_1_309_in1_11145_15/g30/z    (u)     sel0->z   R     unmapped_bmux4       2 17.0     0   362     929    (-,-) 
  add_12849_127/g9/z                                   (u)     in_1->z   F     unmapped_nor2        1  8.5     0    87    1016    (-,-) 
  add_12849_127/g69/z                                  (u)     in_0->z   R     unmapped_not         2 17.0     0    69    1085    (-,-) 
  add_12849_127/g70/z                                  (u)     in_1->z   F     unmapped_nand2       1  8.5     0    87    1172    (-,-) 
  add_12849_127/g71/z                                  (u)     in_1->z   R     unmapped_nand2       3 25.5     0   121    1293    (-,-) 
  add_12849_127/g131/z                                 (u)     in_1->z   F     unmapped_nand2       1  8.5     0    87    1380    (-,-) 
  add_12849_127/g132/z                                 (u)     in_1->z   R     unmapped_nand2       5 42.5     0   152    1532    (-,-) 
  add_12849_127/g207/z                                 (u)     in_0->z   F     unmapped_nand2       1  8.5     0    87    1619    (-,-) 
  add_12849_127/g208/z                                 (u)     in_1->z   R     unmapped_nand2       9 76.5     0   199    1818    (-,-) 
  add_12849_127/g273/z                                 (u)     in_1->z   F     unmapped_nand2       1  8.5     0    87    1905    (-,-) 
  add_12849_127/g274/z                                 (u)     in_1->z   R     unmapped_nand2      16 34.0     0   188    2094    (-,-) 
  add_12849_127/g311/z                                 (u)     in_0->z   F     unmapped_nand2       1  8.5     0    87    2181    (-,-) 
  add_12849_127/g312/z                                 (u)     in_1->z   R     unmapped_nand2       1  8.5     0    87    2268    (-,-) 
  add_12849_127/g392/z                                 (u)     in_0->z   R     unmapped_xnor2       3 25.5     0   215    2482    (-,-) 
  mux_idct_Mul_32S_118_1_330_in1_11179_15/g15/z        (u)     data2->z  R     unmapped_bmux4       5 42.5     0   409    2891    (-,-) 
  mul_14077_69/g77/z                                   (u)     in_1->z   R     unmapped_xor2        2 17.0     0   198    3090    (-,-) 
  mul_14077_69/g78/z                                   (u)     in_0->z   F     unmapped_nand2       1  8.5     0    87    3177    (-,-) 
  mul_14077_69/g80/z                                   (u)     in_0->z   R     unmapped_nand2       2 17.0     0   105    3281    (-,-) 
  mul_14077_69/g945/z                                  (u)     in_0->z   R     unmapped_xor2        3 25.5     0   215    3496    (-,-) 
  mul_14077_69/g953/z                                  (u)     in_0->z   R     unmapped_xor2        1  8.5     0   180    3676    (-,-) 
  mul_14077_69/g954/z                                  (u)     in_0->z   R     unmapped_xor2        3 25.5     0   215    3891    (-,-) 
  mul_14077_69/g959/z                                  (u)     in_1->z   R     unmapped_xor2        1  8.5     0   180    4072    (-,-) 
  mul_14077_69/g960/z                                  (u)     in_0->z   R     unmapped_xor2        2 17.0     0   198    4270    (-,-) 
  mul_14077_69/g1301/z                                 (u)     in_1->z   F     unmapped_nor2        3 25.5     0   121    4391    (-,-) 
  mul_14077_69/g1360/z                                 (u)     in_1->z   R     unmapped_nor2        1  8.5     0    87    4478    (-,-) 
  mul_14077_69/g1362/z                                 (u)     in_0->z   F     unmapped_nor2        3 25.5     0   121    4599    (-,-) 
  mul_14077_69/g1425/z                                 (u)     in_0->z   R     unmapped_nor2        1  8.5     0    87    4686    (-,-) 
  mul_14077_69/g1427/z                                 (u)     in_0->z   F     unmapped_nor2        5 42.5     0   152    4838    (-,-) 
  mul_14077_69/g1495/z                                 (u)     in_1->z   R     unmapped_nor2        1  8.5     0    87    4926    (-,-) 
  mul_14077_69/g1497/z                                 (u)     in_0->z   F     unmapped_nor2        8 68.0     0   191    5117    (-,-) 
  mul_14077_69/g1528/z                                 (u)     in_1->z   R     unmapped_nor2        1  8.5     0    87    5204    (-,-) 
  mul_14077_69/g1530/z                                 (u)     in_0->z   F     unmapped_nor2        1  8.5     0    87    5291    (-,-) 
  mul_14077_69/g1584/z                                 (u)     in_0->z   R     unmapped_nand2       1  8.5     0    87    5378    (-,-) 
  mul_14077_69/g1661/z                                 (u)     in_0->z   R     unmapped_xnor2       1  8.5     0   180    5559    (-,-) 
  add_12841_69/g468/z                                  (u)     in_0->z   F     unmapped_not         2 17.0     0    69    5627    (-,-) 
  add_12841_69/g118/z                                  (u)     in_1->z   R     unmapped_nor2        3 25.5     0   121    5748    (-,-) 
  add_12841_69/g190/z                                  (u)     in_0->z   F     unmapped_nand2       1  8.5     0    87    5836    (-,-) 
  add_12841_69/g300/z                                  (u)     in_0->z   R     unmapped_not         1  8.5     0    51    5887    (-,-) 
  add_12841_69/g301/z                                  (u)     in_1->z   F     unmapped_nand2       1  8.5     0    87    5974    (-,-) 
  add_12841_69/g352/z                                  (u)     in_0->z   R     unmapped_not         1  8.5     0    51    6025    (-,-) 
  add_12841_69/g353/z                                  (u)     in_1->z   F     unmapped_nand2       1  8.5     0    87    6112    (-,-) 
  add_12841_69/g495/z                                  (u)     in_0->z   R     unmapped_not         1  8.5     0    51    6163    (-,-) 
  add_12841_69/g438/z                                  (u)     in_0->z   F     unmapped_xnor2       4 34.0     0   231    6394    (-,-) 
  sub_35307_80/g21/z                                   (u)     in_0->z   R     unmapped_not         2 17.0     0    69    6462    (-,-) 
  sub_35307_80/g70/z                                   (u)     in_1->z   F     unmapped_nor2        3 25.5     0   121    6584    (-,-) 
  sub_35307_80/g124/z                                  (u)     in_1->z   R     unmapped_nor2        2 17.0     0   105    6688    (-,-) 
  sub_35307_80/g177/z                                  (u)     in_0->z   F     unmapped_not         1  8.5     0    51    6740    (-,-) 
  sub_35307_80/g178/z                                  (u)     in_1->z   R     unmapped_nor2        1  8.5     0    87    6827    (-,-) 
  sub_35307_80/g180/z                                  (u)     in_0->z   F     unmapped_nor2        5 42.5     0   152    6979    (-,-) 
  sub_35307_80/g225/z                                  (u)     in_1->z   R     unmapped_nor2        1  8.5     0    87    7066    (-,-) 
  sub_35307_80/g227/z                                  (u)     in_0->z   F     unmapped_nor2        1  8.5     0    87    7153    (-,-) 
  sub_35307_80/g288/z                                  (u)     in_0->z   R     unmapped_nand2       1  8.5     0    87    7240    (-,-) 
  sub_35307_80/g357/z                                  (u)     in_0->z   R     unmapped_xnor2      11 93.5     0   308    7548    (-,-) 
  mux_idct_N_Mux_16_2_55_4_484_out1_17199_13/g3/z      (u)     data1->z  R     unmapped_bmux2       1  8.5     0   180    7728    (-,-) 
  mux_idct_N_Mux_16_2_55_4_486_out1_17231_13/g3/z      (u)     data0->z  R     unmapped_bmux2       2 17.0     0   198    7926    (-,-) 
  mux_idct_N_Mux_16_8_136_4_674_in7_11563_13/g3/z      (u)     data0->z  R     unmapped_bmux2       1  8.5     0   180    8107    (-,-) 
  mux_idct_N_Mux_16_8_136_4_674_out1_22573_15/g3/z     (u)     data5->z  R     unmapped_bmux8       2 17.0     0   525    8632    (-,-) 
  add_12756_72/g195/z                                  (u)     in_0->z   F     unmapped_not         2 17.0     0    69    8701    (-,-) 
  add_12756_72/g62/z                                   (u)     in_1->z   R     unmapped_nor2        2 17.0     0   105    8805    (-,-) 
  add_12756_72/g96/z                                   (u)     in_0->z   F     unmapped_nand2       1  8.5     0    87    8892    (-,-) 
  add_12756_72/g125/z                                  (u)     in_1->z   R     unmapped_nor2        1  8.5     0    87    8980    (-,-) 
  add_12756_72/g145/z                                  (u)     in_0->z   F     unmapped_nand2       1  8.5     0    87    9067    (-,-) 
  add_12756_72/g208/z                                  (u)     in_0->z   R     unmapped_not         1  8.5     0    51    9118    (-,-) 
  add_12756_72/g186/z                                  (u)     in_0->z   R     unmapped_xnor2       4 34.0     0   231    9349    (-,-) 
  ctl_idct_N_Mux_9_768_139_1_547_ctrl1_33126_15/g353/z (u)     in_1->z   F     unmapped_nand2       2 17.0     0   105    9454    (-,-) 
  ctl_idct_N_Mux_9_768_139_1_547_ctrl1_33126_15/g397/z (u)     in_0->z   R     unmapped_nor2        4 34.0     0   138    9591    (-,-) 
  ctl_idct_N_Mux_9_768_139_1_547_ctrl1_33126_15/g472/z (u)     in_0->z   F     unmapped_nand2      16 34.0     0   188    9780    (-,-) 
  ctl_idct_N_Mux_9_768_139_1_547_ctrl1_33126_15/g635/z (u)     in_0->z   R     unmapped_not         1  8.5     0    51    9830    (-,-) 
  ctl_idct_N_Mux_9_768_139_1_547_ctrl1_33126_15/g634/z (u)     in_0->z   F     unmapped_nor2        1  8.5     0    87    9918    (-,-) 
  ctl_idct_N_Mux_9_768_139_1_547_ctrl1_33126_15/g629/z (u)     in_1->z   R     unmapped_nor2        9 76.5     0   199   10117    (-,-) 
  mux_idct_N_Mux_9_768_139_1_547_out1_33126_15/g2/z    (u)     sel511->z R     unmapped_mux512      8 68.0     0  3126   13243    (-,-) 
  mux_idct_N_Mux_16_2_55_4_548_out1_17711_13/g9/z      (u)     data1->z  R     unmapped_bmux2       3 25.5     0   215   13458    (-,-) 
  mux_idct_N_Mux_16_8_136_4_570_out1_22195_15/g9/z     (u)     data7->z  R     unmapped_bmux8       8 68.0     0   612   14069    (-,-) 
  mux_idct_N_Mux_16_2_55_4_613_out1_17839_13/g9/z      (u)     data1->z  R     unmapped_bmux2       3 25.5     0   215   14284    (-,-) 
  mux_idct_N_Mux_16_8_136_4_625_out1_22363_15/g9/z     (u)     data7->z  R     unmapped_bmux8       8 68.0     0   612   14895    (-,-) 
  mux_idct_N_Mux_16_2_55_4_626_out1_17967_13/g9/z      (u)     data1->z  R     unmapped_bmux2       3 25.5     0   215   15110    (-,-) 
  mux_idct_N_Mux_16_8_136_4_662_out1_22405_15/g9/z     (u)     data7->z  R     unmapped_bmux8       8 68.0     0   612   15721    (-,-) 
  mux_idct_N_Mux_16_2_55_4_665_out1_18111_13/g9/z      (u)     data1->z  R     unmapped_bmux2       3 25.5     0   215   15936    (-,-) 
  mux_idct_N_Mux_16_8_136_4_673_out1_22531_15/g9/z     (u)     data7->z  R     unmapped_bmux8       8 68.0     0   612   16547    (-,-) 
  mux_idct_N_Mux_16_2_55_4_676_out1_18271_13/g9/z      (u)     data1->z  R     unmapped_bmux2       1  8.5     0   180   16728    (-,-) 
  s_reg_733_reg[7]/d                                   -       -         R     unmapped_d_flop      1    -     -     0   16728    (-,-) 
#---------------------------------------------------------------------------------------------------------------------------------------

(u) : Net has unmapped pin(s).

============================================================
  Generated by:           Genus(TM) Synthesis Solution 23.10-p004_1
  Generated on:           Apr 03 2025  01:16:17 pm
  Module:                 idct
  Operating conditions:   slow (balanced_tree)
  Wireload mode:          enclosed
  Area mode:              timing library
============================================================

No paths found

