============================================================
  Generated by:           Genus(TM) Synthesis Solution 23.10-p004_1
  Generated on:           May 25 2025  08:12:52 pm
  Module:                 qcnn
  Operating conditions:   slow (balanced_tree)
  Wireload mode:          enclosed
  Area mode:              timing library
============================================================


Path 1: MET (1419 ps) Setup Check with Pin s_reg_18_reg[31]/CK->D
          Group: C2C
     Startpoint: (R) gs_ctrl_proc_h40040000000000_reg/CK
          Clock: (R) clock
       Endpoint: (F) s_reg_18_reg[31]/D
          Clock: (R) clock

                     Capture       Launch     
        Clock Edge:+   11000            0     
       Src Latency:+       0            0     
       Net Latency:+       0 (I)        0 (I) 
           Arrival:=   11000            0     
                                              
             Setup:-     335                  
     Required Time:=   10665                  
      Launch Clock:-       0                  
         Data Path:-    9247                  
             Slack:=    1419                  

#---------------------------------------------------------------------------------------------------------------
#             Timing Point              Flags    Arc   Edge   Cell     Fanout Load Trans Delay Arrival Instance 
#                                                                             (fF)  (ps)  (ps)   (ps)  Location 
#---------------------------------------------------------------------------------------------------------------
  gs_ctrl_proc_h40040000000000_reg/CK   -       -      R     (arrival)    195    -     0     0       0    (-,-) 
  gs_ctrl_proc_h40040000000000_reg/Q    -       CK->Q  R     DFFRX1         5 22.9   318   802     802    (-,-) 
  g35383__2346/Y                        -       S0->Y  R     MX2X1         11 46.6   608   602    1404    (-,-) 
  csa_tree_mul_4306_112_g992/Y          -       A->Y   F     INVX1         10 45.1   359   333    1738    (-,-) 
  csa_tree_mul_4306_112_g943/Y          -       B->Y   R     MXI2X1         9 35.1   817   462    2199    (-,-) 
  csa_tree_mul_4306_112_g914/Y          -       B0->Y  F     OAI21XL        8 34.8   552   477    2676    (-,-) 
  csa_tree_mul_4306_112_g881/Y          -       A0->Y  R     OAI22X1        1  6.8   366   252    2928    (-,-) 
  csa_tree_mul_4306_112_cdnfadd_004_0/S -       B->S   F     ADDFX1         1  3.2   148   594    3521    (-,-) 
  g41390/Y                              -       A->Y   F     AND2X2         1  6.2    74   174    3696    (-,-) 
  csa_tree_add_3739_54_groupi_g1656/S   -       CI->S  F     ADDFX1         1  6.9   172   270    3965    (-,-) 
  csa_tree_add_3739_54_groupi_g1610/CO  -       A->CO  F     ADDFX1         1  6.2   142   485    4450    (-,-) 
  csa_tree_add_3739_54_groupi_g1609/CO  -       CI->CO F     ADDFX1         1  6.2   142   330    4780    (-,-) 
  csa_tree_add_3739_54_groupi_g1608/CO  -       CI->CO F     ADDFX1         1  6.2   142   330    5110    (-,-) 
  csa_tree_add_3739_54_groupi_g1607/CO  -       CI->CO F     ADDFX2         3 10.7   159   365    5475    (-,-) 
  csa_tree_add_3739_54_groupi_g1606/Y   -       B->Y   R     NAND2BX1       3 11.3   211   165    5640    (-,-) 
  csa_tree_add_3739_54_groupi_g1604/Y   -       B->Y   F     NOR4BX1        1  4.9   149   108    5748    (-,-) 
  csa_tree_add_3739_54_groupi_g1602/Y   -       B0->Y  R     AOI211X1       3 11.1   445   287    6035    (-,-) 
  csa_tree_add_3739_54_groupi_g1599/Y   -       A->Y   F     NOR2X1         3 13.4   168   146    6182    (-,-) 
  csa_tree_add_3739_54_groupi_g1594/Y   -       A0->Y  R     AOI31X1        3 11.1   358   247    6429    (-,-) 
  csa_tree_add_3739_54_groupi_g1590/Y   -       A->Y   F     NOR2X1         2  8.3   123   104    6533    (-,-) 
  csa_tree_add_3739_54_groupi_g1585/Y   -       A->Y   R     NAND2X1        2  8.0   172   120    6653    (-,-) 
  csa_tree_add_3739_54_groupi_g1579/Y   -       A0->Y  F     OAI31X1        4 14.7   219   147    6800    (-,-) 
  csa_tree_add_3739_54_groupi_g1578/Y   -       A->Y   F     AND2X2         2  9.2    74   199    6998    (-,-) 
  csa_tree_add_3739_54_groupi_g1573/Y   -       A0->Y  R     AOI221X1       4 14.9   584   397    7396    (-,-) 
  csa_tree_add_3739_54_groupi_g1569/Y   -       A->Y   F     NOR3X1         1  4.9   143   115    7511    (-,-) 
  csa_tree_add_3739_54_groupi_g1566/Y   -       B0->Y  R     AOI211X1       3 10.2   426   274    7785    (-,-) 
  csa_tree_add_3739_54_groupi_g1562/Y   -       A0->Y  F     OAI21XL        3 11.4   220   194    7979    (-,-) 
  csa_tree_add_3739_54_groupi_g1560/Y   -       A0->Y  R     AOI21X1        3 10.2   301   238    8218    (-,-) 
  csa_tree_add_3739_54_groupi_g1558/Y   -       A0->Y  F     OAI21XL        3 11.4   215   179    8396    (-,-) 
  csa_tree_add_3739_54_groupi_g1556/Y   -       A0->Y  R     AOI21X1        3 10.2   302   238    8634    (-,-) 
  csa_tree_add_3739_54_groupi_g1554/Y   -       A0->Y  F     OAI21XL        2  6.8   161   140    8774    (-,-) 
  csa_tree_add_3739_54_groupi_g1553/Y   -       A1N->Y F     OAI2BB2X1      1  4.3   114   224    8997    (-,-) 
  g40438__2883/Y                        -       B0->Y  R     AOI22X1        1  2.6   315   190    9188    (-,-) 
  g40409/Y                              -       A->Y   F     INVXL          1  2.1    80    59    9247    (-,-) 
  s_reg_18_reg[31]/D                    -       -      F     DFFHQX1        1    -     -     0    9247    (-,-) 
#---------------------------------------------------------------------------------------------------------------



Path 2: MET (1525 ps) Setup Check with Pin s_reg_18_reg[30]/CK->D
          Group: C2C
     Startpoint: (R) gs_ctrl_proc_h40040000000000_reg/CK
          Clock: (R) clock
       Endpoint: (F) s_reg_18_reg[30]/D
          Clock: (R) clock

                     Capture       Launch     
        Clock Edge:+   11000            0     
       Src Latency:+       0            0     
       Net Latency:+       0 (I)        0 (I) 
           Arrival:=   11000            0     
                                              
             Setup:-     350                  
     Required Time:=   10650                  
      Launch Clock:-       0                  
         Data Path:-    9125                  
             Slack:=    1525                  

#---------------------------------------------------------------------------------------------------------------
#             Timing Point              Flags    Arc   Edge   Cell     Fanout Load Trans Delay Arrival Instance 
#                                                                             (fF)  (ps)  (ps)   (ps)  Location 
#---------------------------------------------------------------------------------------------------------------
  gs_ctrl_proc_h40040000000000_reg/CK   -       -      R     (arrival)    195    -     0     0       0    (-,-) 
  gs_ctrl_proc_h40040000000000_reg/Q    -       CK->Q  R     DFFRX1         5 22.9   318   802     802    (-,-) 
  g35383__2346/Y                        -       S0->Y  R     MX2X1         11 46.6   608   602    1404    (-,-) 
  csa_tree_mul_4306_112_g992/Y          -       A->Y   F     INVX1         10 45.1   359   333    1738    (-,-) 
  csa_tree_mul_4306_112_g943/Y          -       B->Y   R     MXI2X1         9 35.1   817   462    2199    (-,-) 
  csa_tree_mul_4306_112_g914/Y          -       B0->Y  F     OAI21XL        8 34.8   552   477    2676    (-,-) 
  csa_tree_mul_4306_112_g881/Y          -       A0->Y  R     OAI22X1        1  6.8   366   252    2928    (-,-) 
  csa_tree_mul_4306_112_cdnfadd_004_0/S -       B->S   F     ADDFX1         1  3.2   148   594    3521    (-,-) 
  g41390/Y                              -       A->Y   F     AND2X2         1  6.2    74   174    3696    (-,-) 
  csa_tree_add_3739_54_groupi_g1656/S   -       CI->S  R     ADDFX1         1  6.9   154   327    4023    (-,-) 
  csa_tree_add_3739_54_groupi_g1610/CO  -       A->CO  R     ADDFX1         1  6.2   180   504    4527    (-,-) 
  csa_tree_add_3739_54_groupi_g1609/CO  -       CI->CO R     ADDFX1         1  6.2   180   292    4819    (-,-) 
  csa_tree_add_3739_54_groupi_g1608/CO  -       CI->CO R     ADDFX1         1  6.2   180   292    5112    (-,-) 
  csa_tree_add_3739_54_groupi_g1607/CO  -       CI->CO R     ADDFX2         3 10.7   147   322    5434    (-,-) 
  csa_tree_add_3739_54_groupi_g1606/Y   -       B->Y   F     NAND2BX1       3 11.3   143   112    5545    (-,-) 
  csa_tree_add_3739_54_groupi_g1604/Y   -       B->Y   R     NOR4BX1        1  4.9   337   260    5805    (-,-) 
  csa_tree_add_3739_54_groupi_g1602/Y   -       B0->Y  F     AOI211X1       3 11.1   204   134    5939    (-,-) 
  csa_tree_add_3739_54_groupi_g1599/Y   -       A->Y   R     NOR2X1         3 13.4   327   234    6174    (-,-) 
  csa_tree_add_3739_54_groupi_g1594/Y   -       A0->Y  F     AOI31X1        3 11.1   209   175    6349    (-,-) 
  csa_tree_add_3739_54_groupi_g1590/Y   -       A->Y   R     NOR2X1         2  8.3   239   182    6530    (-,-) 
  csa_tree_add_3739_54_groupi_g1585/Y   -       A->Y   F     NAND2X1        2  8.0   125   100    6631    (-,-) 
  csa_tree_add_3739_54_groupi_g1579/Y   -       A0->Y  R     OAI31X1        4 14.7   534   340    6971    (-,-) 
  csa_tree_add_3739_54_groupi_g1578/Y   -       A->Y   R     AND2X2         2  9.2   114   224    7195    (-,-) 
  csa_tree_add_3739_54_groupi_g1573/Y   -       A0->Y  F     AOI221X1       4 14.9   272   161    7356    (-,-) 
  csa_tree_add_3739_54_groupi_g1569/Y   -       A->Y   R     NOR3X1         1  4.9   259   194    7550    (-,-) 
  csa_tree_add_3739_54_groupi_g1566/Y   -       B0->Y  F     AOI211X1       3 10.2   198   119    7669    (-,-) 
  csa_tree_add_3739_54_groupi_g1562/Y   -       A0->Y  R     OAI21XL        3 11.4   445   317    7986    (-,-) 
  csa_tree_add_3739_54_groupi_g1560/Y   -       A0->Y  F     AOI21X1        3 10.2   190   171    8157    (-,-) 
  csa_tree_add_3739_54_groupi_g1558/Y   -       A0->Y  R     OAI21XL        3 11.4   445   315    8472    (-,-) 
  csa_tree_add_3739_54_groupi_g1556/Y   -       A0->Y  F     AOI21X1        3 10.2   190   171    8643    (-,-) 
  csa_tree_add_3739_54_groupi_g1555/Y   -       A1N->Y F     OAI2BB2X1      1  4.3   114   232    8874    (-,-) 
  g40437__9945/Y                        -       B0->Y  R     AOI22X1        1  2.6   315   190    9065    (-,-) 
  g40408/Y                              -       A->Y   F     INVXL          1  2.2    81    60    9125    (-,-) 
  s_reg_18_reg[30]/D                    -       -      F     DFFHQX2        1    -     -     0    9125    (-,-) 
#---------------------------------------------------------------------------------------------------------------



Path 3: MET (1765 ps) Setup Check with Pin s_reg_18_reg[29]/CK->D
          Group: C2C
     Startpoint: (R) gs_ctrl_proc_h40040000000000_reg/CK
          Clock: (R) clock
       Endpoint: (F) s_reg_18_reg[29]/D
          Clock: (R) clock

                     Capture       Launch     
        Clock Edge:+   11000            0     
       Src Latency:+       0            0     
       Net Latency:+       0 (I)        0 (I) 
           Arrival:=   11000            0     
                                              
             Setup:-     350                  
     Required Time:=   10650                  
      Launch Clock:-       0                  
         Data Path:-    8885                  
             Slack:=    1765                  

#---------------------------------------------------------------------------------------------------------------
#             Timing Point              Flags    Arc   Edge   Cell     Fanout Load Trans Delay Arrival Instance 
#                                                                             (fF)  (ps)  (ps)   (ps)  Location 
#---------------------------------------------------------------------------------------------------------------
  gs_ctrl_proc_h40040000000000_reg/CK   -       -      R     (arrival)    195    -     0     0       0    (-,-) 
  gs_ctrl_proc_h40040000000000_reg/Q    -       CK->Q  R     DFFRX1         5 22.9   318   802     802    (-,-) 
  g35383__2346/Y                        -       S0->Y  R     MX2X1         11 46.6   608   602    1404    (-,-) 
  csa_tree_mul_4306_112_g992/Y          -       A->Y   F     INVX1         10 45.1   359   333    1738    (-,-) 
  csa_tree_mul_4306_112_g943/Y          -       B->Y   R     MXI2X1         9 35.1   817   462    2199    (-,-) 
  csa_tree_mul_4306_112_g914/Y          -       B0->Y  F     OAI21XL        8 34.8   552   477    2676    (-,-) 
  csa_tree_mul_4306_112_g881/Y          -       A0->Y  R     OAI22X1        1  6.8   366   252    2928    (-,-) 
  csa_tree_mul_4306_112_cdnfadd_004_0/S -       B->S   F     ADDFX1         1  3.2   148   594    3521    (-,-) 
  g41390/Y                              -       A->Y   F     AND2X2         1  6.2    74   174    3696    (-,-) 
  csa_tree_add_3739_54_groupi_g1656/S   -       CI->S  F     ADDFX1         1  6.9   172   270    3965    (-,-) 
  csa_tree_add_3739_54_groupi_g1610/CO  -       A->CO  F     ADDFX1         1  6.2   142   485    4450    (-,-) 
  csa_tree_add_3739_54_groupi_g1609/CO  -       CI->CO F     ADDFX1         1  6.2   142   330    4780    (-,-) 
  csa_tree_add_3739_54_groupi_g1608/CO  -       CI->CO F     ADDFX1         1  6.2   142   330    5110    (-,-) 
  csa_tree_add_3739_54_groupi_g1607/CO  -       CI->CO F     ADDFX2         3 10.7   159   365    5475    (-,-) 
  csa_tree_add_3739_54_groupi_g1606/Y   -       B->Y   R     NAND2BX1       3 11.3   211   165    5640    (-,-) 
  csa_tree_add_3739_54_groupi_g1604/Y   -       B->Y   F     NOR4BX1        1  4.9   149   108    5748    (-,-) 
  csa_tree_add_3739_54_groupi_g1602/Y   -       B0->Y  R     AOI211X1       3 11.1   445   287    6035    (-,-) 
  csa_tree_add_3739_54_groupi_g1599/Y   -       A->Y   F     NOR2X1         3 13.4   168   146    6182    (-,-) 
  csa_tree_add_3739_54_groupi_g1594/Y   -       A0->Y  R     AOI31X1        3 11.1   358   247    6429    (-,-) 
  csa_tree_add_3739_54_groupi_g1590/Y   -       A->Y   F     NOR2X1         2  8.3   123   104    6533    (-,-) 
  csa_tree_add_3739_54_groupi_g1585/Y   -       A->Y   R     NAND2X1        2  8.0   172   120    6653    (-,-) 
  csa_tree_add_3739_54_groupi_g1579/Y   -       A0->Y  F     OAI31X1        4 14.7   219   147    6800    (-,-) 
  csa_tree_add_3739_54_groupi_g1578/Y   -       A->Y   F     AND2X2         2  9.2    74   199    6998    (-,-) 
  csa_tree_add_3739_54_groupi_g1573/Y   -       A0->Y  R     AOI221X1       4 14.9   584   397    7396    (-,-) 
  csa_tree_add_3739_54_groupi_g1569/Y   -       A->Y   F     NOR3X1         1  4.9   143   115    7511    (-,-) 
  csa_tree_add_3739_54_groupi_g1566/Y   -       B0->Y  R     AOI211X1       3 10.2   426   274    7785    (-,-) 
  csa_tree_add_3739_54_groupi_g1562/Y   -       A0->Y  F     OAI21XL        3 11.4   220   194    7979    (-,-) 
  csa_tree_add_3739_54_groupi_g1560/Y   -       A0->Y  R     AOI21X1        3 10.2   301   238    8218    (-,-) 
  csa_tree_add_3739_54_groupi_g1558/Y   -       A0->Y  F     OAI21XL        3 11.4   215   179    8396    (-,-) 
  csa_tree_add_3739_54_groupi_g1557/Y   -       A1N->Y F     OAI2BB2X1      1  4.3   118   238    8634    (-,-) 
  g40436__9315/Y                        -       B0->Y  R     AOI22X1        1  2.6   315   191    8825    (-,-) 
  g40407/Y                              -       A->Y   F     INVXL          1  2.2    81    60    8885    (-,-) 
  s_reg_18_reg[29]/D                    -       -      F     DFFHQX2        1    -     -     0    8885    (-,-) 
#---------------------------------------------------------------------------------------------------------------



Path 4: MET (2011 ps) Setup Check with Pin s_reg_18_reg[28]/CK->D
          Group: C2C
     Startpoint: (R) gs_ctrl_proc_h40040000000000_reg/CK
          Clock: (R) clock
       Endpoint: (F) s_reg_18_reg[28]/D
          Clock: (R) clock

                     Capture       Launch     
        Clock Edge:+   11000            0     
       Src Latency:+       0            0     
       Net Latency:+       0 (I)        0 (I) 
           Arrival:=   11000            0     
                                              
             Setup:-     350                  
     Required Time:=   10650                  
      Launch Clock:-       0                  
         Data Path:-    8638                  
             Slack:=    2011                  

#---------------------------------------------------------------------------------------------------------------
#             Timing Point              Flags    Arc   Edge   Cell     Fanout Load Trans Delay Arrival Instance 
#                                                                             (fF)  (ps)  (ps)   (ps)  Location 
#---------------------------------------------------------------------------------------------------------------
  gs_ctrl_proc_h40040000000000_reg/CK   -       -      R     (arrival)    195    -     0     0       0    (-,-) 
  gs_ctrl_proc_h40040000000000_reg/Q    -       CK->Q  R     DFFRX1         5 22.9   318   802     802    (-,-) 
  g35383__2346/Y                        -       S0->Y  R     MX2X1         11 46.6   608   602    1404    (-,-) 
  csa_tree_mul_4306_112_g992/Y          -       A->Y   F     INVX1         10 45.1   359   333    1738    (-,-) 
  csa_tree_mul_4306_112_g943/Y          -       B->Y   R     MXI2X1         9 35.1   817   462    2199    (-,-) 
  csa_tree_mul_4306_112_g914/Y          -       B0->Y  F     OAI21XL        8 34.8   552   477    2676    (-,-) 
  csa_tree_mul_4306_112_g881/Y          -       A0->Y  R     OAI22X1        1  6.8   366   252    2928    (-,-) 
  csa_tree_mul_4306_112_cdnfadd_004_0/S -       B->S   F     ADDFX1         1  3.2   148   594    3521    (-,-) 
  g41390/Y                              -       A->Y   F     AND2X2         1  6.2    74   174    3696    (-,-) 
  csa_tree_add_3739_54_groupi_g1656/S   -       CI->S  R     ADDFX1         1  6.9   154   327    4023    (-,-) 
  csa_tree_add_3739_54_groupi_g1610/CO  -       A->CO  R     ADDFX1         1  6.2   180   504    4527    (-,-) 
  csa_tree_add_3739_54_groupi_g1609/CO  -       CI->CO R     ADDFX1         1  6.2   180   292    4819    (-,-) 
  csa_tree_add_3739_54_groupi_g1608/CO  -       CI->CO R     ADDFX1         1  6.2   180   292    5112    (-,-) 
  csa_tree_add_3739_54_groupi_g1607/CO  -       CI->CO R     ADDFX2         3 10.7   147   322    5434    (-,-) 
  csa_tree_add_3739_54_groupi_g1606/Y   -       B->Y   F     NAND2BX1       3 11.3   143   112    5545    (-,-) 
  csa_tree_add_3739_54_groupi_g1604/Y   -       B->Y   R     NOR4BX1        1  4.9   337   260    5805    (-,-) 
  csa_tree_add_3739_54_groupi_g1602/Y   -       B0->Y  F     AOI211X1       3 11.1   204   134    5939    (-,-) 
  csa_tree_add_3739_54_groupi_g1599/Y   -       A->Y   R     NOR2X1         3 13.4   327   234    6174    (-,-) 
  csa_tree_add_3739_54_groupi_g1594/Y   -       A0->Y  F     AOI31X1        3 11.1   209   175    6349    (-,-) 
  csa_tree_add_3739_54_groupi_g1590/Y   -       A->Y   R     NOR2X1         2  8.3   239   182    6530    (-,-) 
  csa_tree_add_3739_54_groupi_g1585/Y   -       A->Y   F     NAND2X1        2  8.0   125   100    6631    (-,-) 
  csa_tree_add_3739_54_groupi_g1579/Y   -       A0->Y  R     OAI31X1        4 14.7   534   340    6971    (-,-) 
  csa_tree_add_3739_54_groupi_g1578/Y   -       A->Y   R     AND2X2         2  9.2   114   224    7195    (-,-) 
  csa_tree_add_3739_54_groupi_g1573/Y   -       A0->Y  F     AOI221X1       4 14.9   272   161    7356    (-,-) 
  csa_tree_add_3739_54_groupi_g1569/Y   -       A->Y   R     NOR3X1         1  4.9   259   194    7550    (-,-) 
  csa_tree_add_3739_54_groupi_g1566/Y   -       B0->Y  F     AOI211X1       3 10.2   198   119    7669    (-,-) 
  csa_tree_add_3739_54_groupi_g1562/Y   -       A0->Y  R     OAI21XL        3 11.4   445   317    7986    (-,-) 
  csa_tree_add_3739_54_groupi_g1560/Y   -       A0->Y  F     AOI21X1        3 10.2   190   171    8157    (-,-) 
  csa_tree_add_3739_54_groupi_g1559/Y   -       A1N->Y F     OAI2BB2X1      1  4.3   114   232    8388    (-,-) 
  g40435__6161/Y                        -       B0->Y  R     AOI22X1        1  2.6   315   190    8579    (-,-) 
  g40406/Y                              -       A->Y   F     INVXL          1  2.2    81    60    8638    (-,-) 
  s_reg_18_reg[28]/D                    -       -      F     DFFHQX2        1    -     -     0    8638    (-,-) 
#---------------------------------------------------------------------------------------------------------------



Path 5: MET (2181 ps) Setup Check with Pin s_reg_18_reg[27]/CK->D
          Group: C2C
     Startpoint: (R) gs_ctrl_proc_h40040000000000_reg/CK
          Clock: (R) clock
       Endpoint: (F) s_reg_18_reg[27]/D
          Clock: (R) clock

                     Capture       Launch     
        Clock Edge:+   11000            0     
       Src Latency:+       0            0     
       Net Latency:+       0 (I)        0 (I) 
           Arrival:=   11000            0     
                                              
             Setup:-     350                  
     Required Time:=   10650                  
      Launch Clock:-       0                  
         Data Path:-    8469                  
             Slack:=    2181                  

#---------------------------------------------------------------------------------------------------------------
#             Timing Point              Flags    Arc   Edge   Cell     Fanout Load Trans Delay Arrival Instance 
#                                                                             (fF)  (ps)  (ps)   (ps)  Location 
#---------------------------------------------------------------------------------------------------------------
  gs_ctrl_proc_h40040000000000_reg/CK   -       -      R     (arrival)    195    -     0     0       0    (-,-) 
  gs_ctrl_proc_h40040000000000_reg/Q    -       CK->Q  R     DFFRX1         5 22.9   318   802     802    (-,-) 
  g35383__2346/Y                        -       S0->Y  R     MX2X1         11 46.6   608   602    1404    (-,-) 
  csa_tree_mul_4306_112_g992/Y          -       A->Y   F     INVX1         10 45.1   359   333    1738    (-,-) 
  csa_tree_mul_4306_112_g943/Y          -       B->Y   R     MXI2X1         9 35.1   817   462    2199    (-,-) 
  csa_tree_mul_4306_112_g914/Y          -       B0->Y  F     OAI21XL        8 34.8   552   477    2676    (-,-) 
  csa_tree_mul_4306_112_g881/Y          -       A0->Y  R     OAI22X1        1  6.8   366   252    2928    (-,-) 
  csa_tree_mul_4306_112_cdnfadd_004_0/S -       B->S   F     ADDFX1         1  3.2   148   594    3521    (-,-) 
  g41390/Y                              -       A->Y   F     AND2X2         1  6.2    74   174    3696    (-,-) 
  csa_tree_add_3739_54_groupi_g1656/S   -       CI->S  F     ADDFX1         1  6.9   172   270    3965    (-,-) 
  csa_tree_add_3739_54_groupi_g1610/CO  -       A->CO  F     ADDFX1         1  6.2   142   485    4450    (-,-) 
  csa_tree_add_3739_54_groupi_g1609/CO  -       CI->CO F     ADDFX1         1  6.2   142   330    4780    (-,-) 
  csa_tree_add_3739_54_groupi_g1608/CO  -       CI->CO F     ADDFX1         1  6.2   142   330    5110    (-,-) 
  csa_tree_add_3739_54_groupi_g1607/CO  -       CI->CO F     ADDFX2         3 10.7   159   365    5475    (-,-) 
  csa_tree_add_3739_54_groupi_g1606/Y   -       B->Y   R     NAND2BX1       3 11.3   211   165    5640    (-,-) 
  csa_tree_add_3739_54_groupi_g1604/Y   -       B->Y   F     NOR4BX1        1  4.9   149   108    5748    (-,-) 
  csa_tree_add_3739_54_groupi_g1602/Y   -       B0->Y  R     AOI211X1       3 11.1   445   287    6035    (-,-) 
  csa_tree_add_3739_54_groupi_g1599/Y   -       A->Y   F     NOR2X1         3 13.4   168   146    6182    (-,-) 
  csa_tree_add_3739_54_groupi_g1594/Y   -       A0->Y  R     AOI31X1        3 11.1   358   247    6429    (-,-) 
  csa_tree_add_3739_54_groupi_g1590/Y   -       A->Y   F     NOR2X1         2  8.3   123   104    6533    (-,-) 
  csa_tree_add_3739_54_groupi_g1585/Y   -       A->Y   R     NAND2X1        2  8.0   172   120    6653    (-,-) 
  csa_tree_add_3739_54_groupi_g1579/Y   -       A0->Y  F     OAI31X1        4 14.7   219   147    6800    (-,-) 
  csa_tree_add_3739_54_groupi_g1578/Y   -       A->Y   F     AND2X2         2  9.2    74   199    6998    (-,-) 
  csa_tree_add_3739_54_groupi_g1573/Y   -       A0->Y  R     AOI221X1       4 14.9   584   397    7396    (-,-) 
  csa_tree_add_3739_54_groupi_g1569/Y   -       A->Y   F     NOR3X1         1  4.9   143   115    7511    (-,-) 
  csa_tree_add_3739_54_groupi_g1566/Y   -       B0->Y  R     AOI211X1       3 10.2   426   274    7785    (-,-) 
  csa_tree_add_3739_54_groupi_g1562/Y   -       A0->Y  F     OAI21XL        3 11.4   220   194    7979    (-,-) 
  csa_tree_add_3739_54_groupi_g1561/Y   -       A1N->Y F     OAI2BB2X1      1  4.3   118   239    8218    (-,-) 
  g40434__4733/Y                        -       B0->Y  R     AOI22X1        1  2.6   315   191    8409    (-,-) 
  g40405/Y                              -       A->Y   F     INVXL          1  2.2    81    60    8469    (-,-) 
  s_reg_18_reg[27]/D                    -       -      F     DFFHQX2        1    -     -     0    8469    (-,-) 
#---------------------------------------------------------------------------------------------------------------



Path 6: MET (2497 ps) Setup Check with Pin s_reg_18_reg[26]/CK->D
          Group: C2C
     Startpoint: (R) gs_ctrl_proc_h40040000000000_reg/CK
          Clock: (R) clock
       Endpoint: (F) s_reg_18_reg[26]/D
          Clock: (R) clock

                     Capture       Launch     
        Clock Edge:+   11000            0     
       Src Latency:+       0            0     
       Net Latency:+       0 (I)        0 (I) 
           Arrival:=   11000            0     
                                              
             Setup:-     350                  
     Required Time:=   10650                  
      Launch Clock:-       0                  
         Data Path:-    8152                  
             Slack:=    2497                  

#---------------------------------------------------------------------------------------------------------------
#             Timing Point              Flags    Arc   Edge   Cell     Fanout Load Trans Delay Arrival Instance 
#                                                                             (fF)  (ps)  (ps)   (ps)  Location 
#---------------------------------------------------------------------------------------------------------------
  gs_ctrl_proc_h40040000000000_reg/CK   -       -      R     (arrival)    195    -     0     0       0    (-,-) 
  gs_ctrl_proc_h40040000000000_reg/Q    -       CK->Q  R     DFFRX1         5 22.9   318   802     802    (-,-) 
  g35383__2346/Y                        -       S0->Y  R     MX2X1         11 46.6   608   602    1404    (-,-) 
  csa_tree_mul_4306_112_g992/Y          -       A->Y   F     INVX1         10 45.1   359   333    1738    (-,-) 
  csa_tree_mul_4306_112_g943/Y          -       B->Y   R     MXI2X1         9 35.1   817   462    2199    (-,-) 
  csa_tree_mul_4306_112_g914/Y          -       B0->Y  F     OAI21XL        8 34.8   552   477    2676    (-,-) 
  csa_tree_mul_4306_112_g881/Y          -       A0->Y  R     OAI22X1        1  6.8   366   252    2928    (-,-) 
  csa_tree_mul_4306_112_cdnfadd_004_0/S -       B->S   F     ADDFX1         1  3.2   148   594    3521    (-,-) 
  g41390/Y                              -       A->Y   F     AND2X2         1  6.2    74   174    3696    (-,-) 
  csa_tree_add_3739_54_groupi_g1656/S   -       CI->S  R     ADDFX1         1  6.9   154   327    4023    (-,-) 
  csa_tree_add_3739_54_groupi_g1610/CO  -       A->CO  R     ADDFX1         1  6.2   180   504    4527    (-,-) 
  csa_tree_add_3739_54_groupi_g1609/CO  -       CI->CO R     ADDFX1         1  6.2   180   292    4819    (-,-) 
  csa_tree_add_3739_54_groupi_g1608/CO  -       CI->CO R     ADDFX1         1  6.2   180   292    5112    (-,-) 
  csa_tree_add_3739_54_groupi_g1607/CO  -       CI->CO R     ADDFX2         3 10.7   147   322    5434    (-,-) 
  csa_tree_add_3739_54_groupi_g1606/Y   -       B->Y   F     NAND2BX1       3 11.3   143   112    5545    (-,-) 
  csa_tree_add_3739_54_groupi_g1604/Y   -       B->Y   R     NOR4BX1        1  4.9   337   260    5805    (-,-) 
  csa_tree_add_3739_54_groupi_g1602/Y   -       B0->Y  F     AOI211X1       3 11.1   204   134    5939    (-,-) 
  csa_tree_add_3739_54_groupi_g1599/Y   -       A->Y   R     NOR2X1         3 13.4   327   234    6174    (-,-) 
  csa_tree_add_3739_54_groupi_g1594/Y   -       A0->Y  F     AOI31X1        3 11.1   209   175    6349    (-,-) 
  csa_tree_add_3739_54_groupi_g1590/Y   -       A->Y   R     NOR2X1         2  8.3   239   182    6530    (-,-) 
  csa_tree_add_3739_54_groupi_g1585/Y   -       A->Y   F     NAND2X1        2  8.0   125   100    6631    (-,-) 
  csa_tree_add_3739_54_groupi_g1579/Y   -       A0->Y  R     OAI31X1        4 14.7   534   340    6971    (-,-) 
  csa_tree_add_3739_54_groupi_g1578/Y   -       A->Y   R     AND2X2         2  9.2   114   224    7195    (-,-) 
  csa_tree_add_3739_54_groupi_g1573/Y   -       A0->Y  F     AOI221X1       4 14.9   272   161    7356    (-,-) 
  csa_tree_add_3739_54_groupi_g1569/Y   -       A->Y   R     NOR3X1         1  4.9   259   194    7550    (-,-) 
  csa_tree_add_3739_54_groupi_g1566/Y   -       B0->Y  F     AOI211X1       3 10.2   198   119    7669    (-,-) 
  csa_tree_add_3739_54_groupi_g1563/Y   -       A1N->Y F     OAI2BB2X1      1  4.3   116   233    7902    (-,-) 
  g40433__7482/Y                        -       B0->Y  R     AOI22X1        1  2.6   315   191    8093    (-,-) 
  g40404/Y                              -       A->Y   F     INVXL          1  2.2    81    60    8152    (-,-) 
  s_reg_18_reg[26]/D                    -       -      F     DFFHQX2        1    -     -     0    8152    (-,-) 
#---------------------------------------------------------------------------------------------------------------



Path 7: MET (2626 ps) Setup Check with Pin s_reg_18_reg[25]/CK->D
          Group: C2C
     Startpoint: (R) gs_ctrl_proc_h40040000000000_reg/CK
          Clock: (R) clock
       Endpoint: (F) s_reg_18_reg[25]/D
          Clock: (R) clock

                     Capture       Launch     
        Clock Edge:+   11000            0     
       Src Latency:+       0            0     
       Net Latency:+       0 (I)        0 (I) 
           Arrival:=   11000            0     
                                              
             Setup:-     335                  
     Required Time:=   10665                  
      Launch Clock:-       0                  
         Data Path:-    8040                  
             Slack:=    2626                  

#---------------------------------------------------------------------------------------------------------------
#             Timing Point              Flags    Arc   Edge   Cell     Fanout Load Trans Delay Arrival Instance 
#                                                                             (fF)  (ps)  (ps)   (ps)  Location 
#---------------------------------------------------------------------------------------------------------------
  gs_ctrl_proc_h40040000000000_reg/CK   -       -      R     (arrival)    195    -     0     0       0    (-,-) 
  gs_ctrl_proc_h40040000000000_reg/Q    -       CK->Q  R     DFFRX1         5 22.9   318   802     802    (-,-) 
  g35383__2346/Y                        -       S0->Y  R     MX2X1         11 46.6   608   602    1404    (-,-) 
  csa_tree_mul_4306_112_g992/Y          -       A->Y   F     INVX1         10 45.1   359   333    1738    (-,-) 
  csa_tree_mul_4306_112_g943/Y          -       B->Y   R     MXI2X1         9 35.1   817   462    2199    (-,-) 
  csa_tree_mul_4306_112_g914/Y          -       B0->Y  F     OAI21XL        8 34.8   552   477    2676    (-,-) 
  csa_tree_mul_4306_112_g881/Y          -       A0->Y  R     OAI22X1        1  6.8   366   252    2928    (-,-) 
  csa_tree_mul_4306_112_cdnfadd_004_0/S -       B->S   F     ADDFX1         1  3.2   148   594    3521    (-,-) 
  g41390/Y                              -       A->Y   F     AND2X2         1  6.2    74   174    3696    (-,-) 
  csa_tree_add_3739_54_groupi_g1656/S   -       CI->S  F     ADDFX1         1  6.9   172   270    3965    (-,-) 
  csa_tree_add_3739_54_groupi_g1610/CO  -       A->CO  F     ADDFX1         1  6.2   142   485    4450    (-,-) 
  csa_tree_add_3739_54_groupi_g1609/CO  -       CI->CO F     ADDFX1         1  6.2   142   330    4780    (-,-) 
  csa_tree_add_3739_54_groupi_g1608/CO  -       CI->CO F     ADDFX1         1  6.2   142   330    5110    (-,-) 
  csa_tree_add_3739_54_groupi_g1607/CO  -       CI->CO F     ADDFX2         3 10.7   159   365    5475    (-,-) 
  csa_tree_add_3739_54_groupi_g1606/Y   -       B->Y   R     NAND2BX1       3 11.3   211   165    5640    (-,-) 
  csa_tree_add_3739_54_groupi_g1604/Y   -       B->Y   F     NOR4BX1        1  4.9   149   108    5748    (-,-) 
  csa_tree_add_3739_54_groupi_g1602/Y   -       B0->Y  R     AOI211X1       3 11.1   445   287    6035    (-,-) 
  csa_tree_add_3739_54_groupi_g1599/Y   -       A->Y   F     NOR2X1         3 13.4   168   146    6182    (-,-) 
  csa_tree_add_3739_54_groupi_g1594/Y   -       A0->Y  R     AOI31X1        3 11.1   358   247    6429    (-,-) 
  csa_tree_add_3739_54_groupi_g1590/Y   -       A->Y   F     NOR2X1         2  8.3   123   104    6533    (-,-) 
  csa_tree_add_3739_54_groupi_g1585/Y   -       A->Y   R     NAND2X1        2  8.0   172   120    6653    (-,-) 
  csa_tree_add_3739_54_groupi_g1579/Y   -       A0->Y  F     OAI31X1        4 14.7   219   147    6800    (-,-) 
  csa_tree_add_3739_54_groupi_g1578/Y   -       A->Y   F     AND2X2         2  9.2    74   199    6998    (-,-) 
  csa_tree_add_3739_54_groupi_g1573/Y   -       A0->Y  R     AOI221X1       4 14.9   584   397    7396    (-,-) 
  csa_tree_add_3739_54_groupi_g1567/Y   -       A0->Y  F     OAI21XL        2  6.8   187   164    7560    (-,-) 
  csa_tree_add_3739_54_groupi_g1564/Y   -       A1N->Y F     OAI2BB2X1      1  4.3   114   230    7791    (-,-) 
  g40432__5115/Y                        -       B0->Y  R     AOI22X1        1  2.6   315   190    7981    (-,-) 
  g40403/Y                              -       A->Y   F     INVXL          1  2.1    80    59    8040    (-,-) 
  s_reg_18_reg[25]/D                    -       -      F     DFFHQX1        1    -     -     0    8040    (-,-) 
#---------------------------------------------------------------------------------------------------------------



Path 8: MET (2691 ps) Setup Check with Pin s_reg_13_reg[2]/CK->D
          Group: C2C
     Startpoint: (R) s_reg_18_reg[2]/CK
          Clock: (R) clock
       Endpoint: (R) s_reg_13_reg[2]/D
          Clock: (R) clock

                     Capture       Launch     
        Clock Edge:+   11000            0     
       Src Latency:+       0            0     
       Net Latency:+       0 (I)        0 (I) 
           Arrival:=   11000            0     
                                              
             Setup:-     164                  
     Required Time:=   10836                  
      Launch Clock:-       0                  
         Data Path:-    8144                  
             Slack:=    2691                  

#----------------------------------------------------------------------------------------------------
#       Timing Point         Flags    Arc   Edge   Cell     Fanout Load Trans Delay Arrival Instance 
#                                                                  (fF)  (ps)  (ps)   (ps)  Location 
#----------------------------------------------------------------------------------------------------
  s_reg_18_reg[2]/CK         -       -      R     (arrival)    195    -     0     0       0    (-,-) 
  s_reg_18_reg[2]/Q          -       CK->Q  R     DFFHQX1       15 64.2   792   704     704    (-,-) 
  const_mul_4262_72_g2055/S  -       A->S   F     ADDFX1         2  7.9   179   604    1309    (-,-) 
  const_mul_4262_72_g2027/Y  -       A->Y   F     OR2X2          2  7.8    83   230    1538    (-,-) 
  const_mul_4262_72_g1960/Y  -       A0->Y  R     AOI32X1        1  3.0   262   199    1737    (-,-) 
  const_mul_4262_72_g1948/Y  -       B0->Y  F     OAI21XL        1  3.4   131   123    1860    (-,-) 
  const_mul_4262_72_g1943/Y  -       A0->Y  R     OAI21XL        1  3.3   234   181    2041    (-,-) 
  const_mul_4262_72_g1942/Y  -       C0->Y  F     OAI221XL       2  6.2   229   180    2221    (-,-) 
  const_mul_4262_72_g1938/Y  -       A0->Y  R     AOI31X1        3 10.2   341   247    2468    (-,-) 
  const_mul_4262_72_g1935/Y  -       A0->Y  F     OAI21XL        1  6.2   154   138    2606    (-,-) 
  const_mul_4262_72_g1934/CO -       CI->CO F     ADDFX2         5 18.8   184   399    3005    (-,-) 
  const_mul_4262_72_g1933/Y  -       A->Y   F     AND3X2         1  4.9    70   206    3211    (-,-) 
  const_mul_4262_72_g1930/Y  -       B0->Y  R     AOI211X1       4 13.6   503   305    3516    (-,-) 
  const_mul_4262_72_g1922/Y  -       A0->Y  F     OAI221XL       4 15.5   344   306    3822    (-,-) 
  const_mul_4262_72_g1915/Y  -       A->Y   R     NAND2X1        2  7.6   172   161    3983    (-,-) 
  const_mul_4262_72_g1905/Y  -       A0->Y  F     OAI221XL       3 11.4   286   222    4204    (-,-) 
  const_mul_4262_72_g1897/Y  -       A0->Y  R     AOI21X1        3 10.2   300   248    4452    (-,-) 
  const_mul_4262_72_g1894/Y  -       A0->Y  F     OAI21XL        1  6.2   152   134    4587    (-,-) 
  const_mul_4262_72_g1893/CO -       CI->CO F     ADDFX2         3 11.4   161   370    4957    (-,-) 
  const_mul_4262_72_g1891/Y  -       A0->Y  R     AOI21X1        2  6.8   239   194    5151    (-,-) 
  const_mul_4262_72_g1890/Y  -       B0->Y  F     OAI2BB2X1      1  4.9   123    99    5250    (-,-) 
  g40312__1705/Y             -       B->Y   R     NOR4BX1        1  4.8   334   255    5505    (-,-) 
  g40233__8428/Y             -       A->Y   F     NAND3X1        1  4.7   140   111    5616    (-,-) 
  g40155__7410/Y             -       A0->Y  R     AOI22X1        4 15.5   454   276    5892    (-,-) 
  g40147/Y                   -       A->Y   F     INVX1          4 18.8   202   176    6067    (-,-) 
  g40132__6783/Y             -       C0->Y  R     AOI221X1       2  7.8   430   278    6346    (-,-) 
  g40123/Y                   -       A->Y   F     INVX1          2  8.7   131   103    6449    (-,-) 
  g40104__6131/Y             -       A->Y   R     NAND2X1        2  6.8   152   113    6562    (-,-) 
  g40097__1705/Y             -       AN->Y  R     NOR2BX1        2  9.1   249   237    6799    (-,-) 
  g40083__6260/Y             -       B0->Y  F     AOI21X1        2  6.0   124    86    6885    (-,-) 
  g40066__6131/Y             -       A->Y   F     OR3XL          1  4.7   122   303    7188    (-,-) 
  g40004__2346/Y             -       A1->Y  R     AOI31X1        1  4.4   238   199    7387    (-,-) 
  g40003__2883/Y             -       B0->Y  F     AOI21X1        8 37.6   368   224    7611    (-,-) 
  g39991__7098/Y             -       A->Y   R     NOR3X1         8 12.8   442   320    7931    (-,-) 
  g39961__9315/Y             -       A1N->Y R     OAI2BB1XL      1  2.1   124   213    8144    (-,-) 
  s_reg_13_reg[2]/D          -       -      R     DFFHQX1        1    -     -     0    8144    (-,-) 
#----------------------------------------------------------------------------------------------------



Path 9: MET (2730 ps) Setup Check with Pin s_reg_13_reg[6]/CK->D
          Group: C2C
     Startpoint: (R) s_reg_18_reg[2]/CK
          Clock: (R) clock
       Endpoint: (R) s_reg_13_reg[6]/D
          Clock: (R) clock

                     Capture       Launch     
        Clock Edge:+   11000            0     
       Src Latency:+       0            0     
       Net Latency:+       0 (I)        0 (I) 
           Arrival:=   11000            0     
                                              
             Setup:-     128                  
     Required Time:=   10872                  
      Launch Clock:-       0                  
         Data Path:-    8142                  
             Slack:=    2730                  

#----------------------------------------------------------------------------------------------------
#       Timing Point         Flags    Arc   Edge   Cell     Fanout Load Trans Delay Arrival Instance 
#                                                                  (fF)  (ps)  (ps)   (ps)  Location 
#----------------------------------------------------------------------------------------------------
  s_reg_18_reg[2]/CK         -       -      R     (arrival)    195    -     0     0       0    (-,-) 
  s_reg_18_reg[2]/Q          -       CK->Q  R     DFFHQX1       15 64.2   792   704     704    (-,-) 
  const_mul_4262_72_g2055/S  -       A->S   F     ADDFX1         2  7.9   179   604    1309    (-,-) 
  const_mul_4262_72_g2027/Y  -       A->Y   F     OR2X2          2  7.8    83   230    1538    (-,-) 
  const_mul_4262_72_g1960/Y  -       A0->Y  R     AOI32X1        1  3.0   262   199    1737    (-,-) 
  const_mul_4262_72_g1948/Y  -       B0->Y  F     OAI21XL        1  3.4   131   123    1860    (-,-) 
  const_mul_4262_72_g1943/Y  -       A0->Y  R     OAI21XL        1  3.3   234   181    2041    (-,-) 
  const_mul_4262_72_g1942/Y  -       C0->Y  F     OAI221XL       2  6.2   229   180    2221    (-,-) 
  const_mul_4262_72_g1938/Y  -       A0->Y  R     AOI31X1        3 10.2   341   247    2468    (-,-) 
  const_mul_4262_72_g1935/Y  -       A0->Y  F     OAI21XL        1  6.2   154   138    2606    (-,-) 
  const_mul_4262_72_g1934/CO -       CI->CO F     ADDFX2         5 18.8   184   399    3005    (-,-) 
  const_mul_4262_72_g1933/Y  -       A->Y   F     AND3X2         1  4.9    70   206    3211    (-,-) 
  const_mul_4262_72_g1930/Y  -       B0->Y  R     AOI211X1       4 13.6   503   305    3516    (-,-) 
  const_mul_4262_72_g1922/Y  -       A0->Y  F     OAI221XL       4 15.5   344   306    3822    (-,-) 
  const_mul_4262_72_g1915/Y  -       A->Y   R     NAND2X1        2  7.6   172   161    3983    (-,-) 
  const_mul_4262_72_g1905/Y  -       A0->Y  F     OAI221XL       3 11.4   286   222    4204    (-,-) 
  const_mul_4262_72_g1897/Y  -       A0->Y  R     AOI21X1        3 10.2   300   248    4452    (-,-) 
  const_mul_4262_72_g1894/Y  -       A0->Y  F     OAI21XL        1  6.2   152   134    4587    (-,-) 
  const_mul_4262_72_g1893/CO -       CI->CO F     ADDFX2         3 11.4   161   370    4957    (-,-) 
  const_mul_4262_72_g1891/Y  -       A0->Y  R     AOI21X1        2  6.8   239   194    5151    (-,-) 
  const_mul_4262_72_g1890/Y  -       B0->Y  F     OAI2BB2X1      1  4.9   123    99    5250    (-,-) 
  g40312__1705/Y             -       B->Y   R     NOR4BX1        1  4.8   334   255    5505    (-,-) 
  g40233__8428/Y             -       A->Y   F     NAND3X1        1  4.7   140   111    5616    (-,-) 
  g40155__7410/Y             -       A0->Y  R     AOI22X1        4 15.5   454   276    5892    (-,-) 
  g40147/Y                   -       A->Y   F     INVX1          4 18.8   202   176    6067    (-,-) 
  g40132__6783/Y             -       C0->Y  R     AOI221X1       2  7.8   430   278    6346    (-,-) 
  g40123/Y                   -       A->Y   F     INVX1          2  8.7   131   103    6449    (-,-) 
  g40104__6131/Y             -       A->Y   R     NAND2X1        2  6.8   152   113    6562    (-,-) 
  g40097__1705/Y             -       AN->Y  R     NOR2BX1        2  9.1   249   237    6799    (-,-) 
  g40083__6260/Y             -       B0->Y  F     AOI21X1        2  6.0   124    86    6885    (-,-) 
  g40066__6131/Y             -       A->Y   F     OR3XL          1  4.7   122   303    7188    (-,-) 
  g40004__2346/Y             -       A1->Y  R     AOI31X1        1  4.4   238   199    7387    (-,-) 
  g40003__2883/Y             -       B0->Y  F     AOI21X1        8 37.6   368   224    7611    (-,-) 
  g39991__7098/Y             -       A->Y   R     NOR3X1         8 12.8   442   320    7931    (-,-) 
  g39969__7410/Y             -       A1N->Y R     OAI2BB1XL      1  1.9   120   211    8142    (-,-) 
  s_reg_13_reg[6]/D          -       -      R     DFFX1          1    -     -     0    8142    (-,-) 
#----------------------------------------------------------------------------------------------------



Path 10: MET (2730 ps) Setup Check with Pin s_reg_13_reg[5]/CK->D
          Group: C2C
     Startpoint: (R) s_reg_18_reg[2]/CK
          Clock: (R) clock
       Endpoint: (R) s_reg_13_reg[5]/D
          Clock: (R) clock

                     Capture       Launch     
        Clock Edge:+   11000            0     
       Src Latency:+       0            0     
       Net Latency:+       0 (I)        0 (I) 
           Arrival:=   11000            0     
                                              
             Setup:-     128                  
     Required Time:=   10872                  
      Launch Clock:-       0                  
         Data Path:-    8142                  
             Slack:=    2730                  

#----------------------------------------------------------------------------------------------------
#       Timing Point         Flags    Arc   Edge   Cell     Fanout Load Trans Delay Arrival Instance 
#                                                                  (fF)  (ps)  (ps)   (ps)  Location 
#----------------------------------------------------------------------------------------------------
  s_reg_18_reg[2]/CK         -       -      R     (arrival)    195    -     0     0       0    (-,-) 
  s_reg_18_reg[2]/Q          -       CK->Q  R     DFFHQX1       15 64.2   792   704     704    (-,-) 
  const_mul_4262_72_g2055/S  -       A->S   F     ADDFX1         2  7.9   179   604    1309    (-,-) 
  const_mul_4262_72_g2027/Y  -       A->Y   F     OR2X2          2  7.8    83   230    1538    (-,-) 
  const_mul_4262_72_g1960/Y  -       A0->Y  R     AOI32X1        1  3.0   262   199    1737    (-,-) 
  const_mul_4262_72_g1948/Y  -       B0->Y  F     OAI21XL        1  3.4   131   123    1860    (-,-) 
  const_mul_4262_72_g1943/Y  -       A0->Y  R     OAI21XL        1  3.3   234   181    2041    (-,-) 
  const_mul_4262_72_g1942/Y  -       C0->Y  F     OAI221XL       2  6.2   229   180    2221    (-,-) 
  const_mul_4262_72_g1938/Y  -       A0->Y  R     AOI31X1        3 10.2   341   247    2468    (-,-) 
  const_mul_4262_72_g1935/Y  -       A0->Y  F     OAI21XL        1  6.2   154   138    2606    (-,-) 
  const_mul_4262_72_g1934/CO -       CI->CO F     ADDFX2         5 18.8   184   399    3005    (-,-) 
  const_mul_4262_72_g1933/Y  -       A->Y   F     AND3X2         1  4.9    70   206    3211    (-,-) 
  const_mul_4262_72_g1930/Y  -       B0->Y  R     AOI211X1       4 13.6   503   305    3516    (-,-) 
  const_mul_4262_72_g1922/Y  -       A0->Y  F     OAI221XL       4 15.5   344   306    3822    (-,-) 
  const_mul_4262_72_g1915/Y  -       A->Y   R     NAND2X1        2  7.6   172   161    3983    (-,-) 
  const_mul_4262_72_g1905/Y  -       A0->Y  F     OAI221XL       3 11.4   286   222    4204    (-,-) 
  const_mul_4262_72_g1897/Y  -       A0->Y  R     AOI21X1        3 10.2   300   248    4452    (-,-) 
  const_mul_4262_72_g1894/Y  -       A0->Y  F     OAI21XL        1  6.2   152   134    4587    (-,-) 
  const_mul_4262_72_g1893/CO -       CI->CO F     ADDFX2         3 11.4   161   370    4957    (-,-) 
  const_mul_4262_72_g1891/Y  -       A0->Y  R     AOI21X1        2  6.8   239   194    5151    (-,-) 
  const_mul_4262_72_g1890/Y  -       B0->Y  F     OAI2BB2X1      1  4.9   123    99    5250    (-,-) 
  g40312__1705/Y             -       B->Y   R     NOR4BX1        1  4.8   334   255    5505    (-,-) 
  g40233__8428/Y             -       A->Y   F     NAND3X1        1  4.7   140   111    5616    (-,-) 
  g40155__7410/Y             -       A0->Y  R     AOI22X1        4 15.5   454   276    5892    (-,-) 
  g40147/Y                   -       A->Y   F     INVX1          4 18.8   202   176    6067    (-,-) 
  g40132__6783/Y             -       C0->Y  R     AOI221X1       2  7.8   430   278    6346    (-,-) 
  g40123/Y                   -       A->Y   F     INVX1          2  8.7   131   103    6449    (-,-) 
  g40104__6131/Y             -       A->Y   R     NAND2X1        2  6.8   152   113    6562    (-,-) 
  g40097__1705/Y             -       AN->Y  R     NOR2BX1        2  9.1   249   237    6799    (-,-) 
  g40083__6260/Y             -       B0->Y  F     AOI21X1        2  6.0   124    86    6885    (-,-) 
  g40066__6131/Y             -       A->Y   F     OR3XL          1  4.7   122   303    7188    (-,-) 
  g40004__2346/Y             -       A1->Y  R     AOI31X1        1  4.4   238   199    7387    (-,-) 
  g40003__2883/Y             -       B0->Y  F     AOI21X1        8 37.6   368   224    7611    (-,-) 
  g39991__7098/Y             -       A->Y   R     NOR3X1         8 12.8   442   320    7931    (-,-) 
  g39968__1666/Y             -       A1N->Y R     OAI2BB1XL      1  1.9   120   211    8142    (-,-) 
  s_reg_13_reg[5]/D          -       -      R     DFFX1          1    -     -     0    8142    (-,-) 
#----------------------------------------------------------------------------------------------------



Path 11: MET (2730 ps) Setup Check with Pin s_reg_13_reg[4]/CK->D
          Group: C2C
     Startpoint: (R) s_reg_18_reg[2]/CK
          Clock: (R) clock
       Endpoint: (R) s_reg_13_reg[4]/D
          Clock: (R) clock

                     Capture       Launch     
        Clock Edge:+   11000            0     
       Src Latency:+       0            0     
       Net Latency:+       0 (I)        0 (I) 
           Arrival:=   11000            0     
                                              
             Setup:-     128                  
     Required Time:=   10872                  
      Launch Clock:-       0                  
         Data Path:-    8142                  
             Slack:=    2730                  

#----------------------------------------------------------------------------------------------------
#       Timing Point         Flags    Arc   Edge   Cell     Fanout Load Trans Delay Arrival Instance 
#                                                                  (fF)  (ps)  (ps)   (ps)  Location 
#----------------------------------------------------------------------------------------------------
  s_reg_18_reg[2]/CK         -       -      R     (arrival)    195    -     0     0       0    (-,-) 
  s_reg_18_reg[2]/Q          -       CK->Q  R     DFFHQX1       15 64.2   792   704     704    (-,-) 
  const_mul_4262_72_g2055/S  -       A->S   F     ADDFX1         2  7.9   179   604    1309    (-,-) 
  const_mul_4262_72_g2027/Y  -       A->Y   F     OR2X2          2  7.8    83   230    1538    (-,-) 
  const_mul_4262_72_g1960/Y  -       A0->Y  R     AOI32X1        1  3.0   262   199    1737    (-,-) 
  const_mul_4262_72_g1948/Y  -       B0->Y  F     OAI21XL        1  3.4   131   123    1860    (-,-) 
  const_mul_4262_72_g1943/Y  -       A0->Y  R     OAI21XL        1  3.3   234   181    2041    (-,-) 
  const_mul_4262_72_g1942/Y  -       C0->Y  F     OAI221XL       2  6.2   229   180    2221    (-,-) 
  const_mul_4262_72_g1938/Y  -       A0->Y  R     AOI31X1        3 10.2   341   247    2468    (-,-) 
  const_mul_4262_72_g1935/Y  -       A0->Y  F     OAI21XL        1  6.2   154   138    2606    (-,-) 
  const_mul_4262_72_g1934/CO -       CI->CO F     ADDFX2         5 18.8   184   399    3005    (-,-) 
  const_mul_4262_72_g1933/Y  -       A->Y   F     AND3X2         1  4.9    70   206    3211    (-,-) 
  const_mul_4262_72_g1930/Y  -       B0->Y  R     AOI211X1       4 13.6   503   305    3516    (-,-) 
  const_mul_4262_72_g1922/Y  -       A0->Y  F     OAI221XL       4 15.5   344   306    3822    (-,-) 
  const_mul_4262_72_g1915/Y  -       A->Y   R     NAND2X1        2  7.6   172   161    3983    (-,-) 
  const_mul_4262_72_g1905/Y  -       A0->Y  F     OAI221XL       3 11.4   286   222    4204    (-,-) 
  const_mul_4262_72_g1897/Y  -       A0->Y  R     AOI21X1        3 10.2   300   248    4452    (-,-) 
  const_mul_4262_72_g1894/Y  -       A0->Y  F     OAI21XL        1  6.2   152   134    4587    (-,-) 
  const_mul_4262_72_g1893/CO -       CI->CO F     ADDFX2         3 11.4   161   370    4957    (-,-) 
  const_mul_4262_72_g1891/Y  -       A0->Y  R     AOI21X1        2  6.8   239   194    5151    (-,-) 
  const_mul_4262_72_g1890/Y  -       B0->Y  F     OAI2BB2X1      1  4.9   123    99    5250    (-,-) 
  g40312__1705/Y             -       B->Y   R     NOR4BX1        1  4.8   334   255    5505    (-,-) 
  g40233__8428/Y             -       A->Y   F     NAND3X1        1  4.7   140   111    5616    (-,-) 
  g40155__7410/Y             -       A0->Y  R     AOI22X1        4 15.5   454   276    5892    (-,-) 
  g40147/Y                   -       A->Y   F     INVX1          4 18.8   202   176    6067    (-,-) 
  g40132__6783/Y             -       C0->Y  R     AOI221X1       2  7.8   430   278    6346    (-,-) 
  g40123/Y                   -       A->Y   F     INVX1          2  8.7   131   103    6449    (-,-) 
  g40104__6131/Y             -       A->Y   R     NAND2X1        2  6.8   152   113    6562    (-,-) 
  g40097__1705/Y             -       AN->Y  R     NOR2BX1        2  9.1   249   237    6799    (-,-) 
  g40083__6260/Y             -       B0->Y  F     AOI21X1        2  6.0   124    86    6885    (-,-) 
  g40066__6131/Y             -       A->Y   F     OR3XL          1  4.7   122   303    7188    (-,-) 
  g40004__2346/Y             -       A1->Y  R     AOI31X1        1  4.4   238   199    7387    (-,-) 
  g40003__2883/Y             -       B0->Y  F     AOI21X1        8 37.6   368   224    7611    (-,-) 
  g39991__7098/Y             -       A->Y   R     NOR3X1         8 12.8   442   320    7931    (-,-) 
  g39967__2346/Y             -       A1N->Y R     OAI2BB1XL      1  1.9   120   211    8142    (-,-) 
  s_reg_13_reg[4]/D          -       -      R     DFFX1          1    -     -     0    8142    (-,-) 
#----------------------------------------------------------------------------------------------------



Path 12: MET (2730 ps) Setup Check with Pin s_reg_13_reg[3]/CK->D
          Group: C2C
     Startpoint: (R) s_reg_18_reg[2]/CK
          Clock: (R) clock
       Endpoint: (R) s_reg_13_reg[3]/D
          Clock: (R) clock

                     Capture       Launch     
        Clock Edge:+   11000            0     
       Src Latency:+       0            0     
       Net Latency:+       0 (I)        0 (I) 
           Arrival:=   11000            0     
                                              
             Setup:-     128                  
     Required Time:=   10872                  
      Launch Clock:-       0                  
         Data Path:-    8142                  
             Slack:=    2730                  

#----------------------------------------------------------------------------------------------------
#       Timing Point         Flags    Arc   Edge   Cell     Fanout Load Trans Delay Arrival Instance 
#                                                                  (fF)  (ps)  (ps)   (ps)  Location 
#----------------------------------------------------------------------------------------------------
  s_reg_18_reg[2]/CK         -       -      R     (arrival)    195    -     0     0       0    (-,-) 
  s_reg_18_reg[2]/Q          -       CK->Q  R     DFFHQX1       15 64.2   792   704     704    (-,-) 
  const_mul_4262_72_g2055/S  -       A->S   F     ADDFX1         2  7.9   179   604    1309    (-,-) 
  const_mul_4262_72_g2027/Y  -       A->Y   F     OR2X2          2  7.8    83   230    1538    (-,-) 
  const_mul_4262_72_g1960/Y  -       A0->Y  R     AOI32X1        1  3.0   262   199    1737    (-,-) 
  const_mul_4262_72_g1948/Y  -       B0->Y  F     OAI21XL        1  3.4   131   123    1860    (-,-) 
  const_mul_4262_72_g1943/Y  -       A0->Y  R     OAI21XL        1  3.3   234   181    2041    (-,-) 
  const_mul_4262_72_g1942/Y  -       C0->Y  F     OAI221XL       2  6.2   229   180    2221    (-,-) 
  const_mul_4262_72_g1938/Y  -       A0->Y  R     AOI31X1        3 10.2   341   247    2468    (-,-) 
  const_mul_4262_72_g1935/Y  -       A0->Y  F     OAI21XL        1  6.2   154   138    2606    (-,-) 
  const_mul_4262_72_g1934/CO -       CI->CO F     ADDFX2         5 18.8   184   399    3005    (-,-) 
  const_mul_4262_72_g1933/Y  -       A->Y   F     AND3X2         1  4.9    70   206    3211    (-,-) 
  const_mul_4262_72_g1930/Y  -       B0->Y  R     AOI211X1       4 13.6   503   305    3516    (-,-) 
  const_mul_4262_72_g1922/Y  -       A0->Y  F     OAI221XL       4 15.5   344   306    3822    (-,-) 
  const_mul_4262_72_g1915/Y  -       A->Y   R     NAND2X1        2  7.6   172   161    3983    (-,-) 
  const_mul_4262_72_g1905/Y  -       A0->Y  F     OAI221XL       3 11.4   286   222    4204    (-,-) 
  const_mul_4262_72_g1897/Y  -       A0->Y  R     AOI21X1        3 10.2   300   248    4452    (-,-) 
  const_mul_4262_72_g1894/Y  -       A0->Y  F     OAI21XL        1  6.2   152   134    4587    (-,-) 
  const_mul_4262_72_g1893/CO -       CI->CO F     ADDFX2         3 11.4   161   370    4957    (-,-) 
  const_mul_4262_72_g1891/Y  -       A0->Y  R     AOI21X1        2  6.8   239   194    5151    (-,-) 
  const_mul_4262_72_g1890/Y  -       B0->Y  F     OAI2BB2X1      1  4.9   123    99    5250    (-,-) 
  g40312__1705/Y             -       B->Y   R     NOR4BX1        1  4.8   334   255    5505    (-,-) 
  g40233__8428/Y             -       A->Y   F     NAND3X1        1  4.7   140   111    5616    (-,-) 
  g40155__7410/Y             -       A0->Y  R     AOI22X1        4 15.5   454   276    5892    (-,-) 
  g40147/Y                   -       A->Y   F     INVX1          4 18.8   202   176    6067    (-,-) 
  g40132__6783/Y             -       C0->Y  R     AOI221X1       2  7.8   430   278    6346    (-,-) 
  g40123/Y                   -       A->Y   F     INVX1          2  8.7   131   103    6449    (-,-) 
  g40104__6131/Y             -       A->Y   R     NAND2X1        2  6.8   152   113    6562    (-,-) 
  g40097__1705/Y             -       AN->Y  R     NOR2BX1        2  9.1   249   237    6799    (-,-) 
  g40083__6260/Y             -       B0->Y  F     AOI21X1        2  6.0   124    86    6885    (-,-) 
  g40066__6131/Y             -       A->Y   F     OR3XL          1  4.7   122   303    7188    (-,-) 
  g40004__2346/Y             -       A1->Y  R     AOI31X1        1  4.4   238   199    7387    (-,-) 
  g40003__2883/Y             -       B0->Y  F     AOI21X1        8 37.6   368   224    7611    (-,-) 
  g39991__7098/Y             -       A->Y   R     NOR3X1         8 12.8   442   320    7931    (-,-) 
  g39966__2883/Y             -       A1N->Y R     OAI2BB1XL      1  1.9   120   211    8142    (-,-) 
  s_reg_13_reg[3]/D          -       -      R     DFFX1          1    -     -     0    8142    (-,-) 
#----------------------------------------------------------------------------------------------------



Path 13: MET (2730 ps) Setup Check with Pin s_reg_13_reg[1]/CK->D
          Group: C2C
     Startpoint: (R) s_reg_18_reg[2]/CK
          Clock: (R) clock
       Endpoint: (R) s_reg_13_reg[1]/D
          Clock: (R) clock

                     Capture       Launch     
        Clock Edge:+   11000            0     
       Src Latency:+       0            0     
       Net Latency:+       0 (I)        0 (I) 
           Arrival:=   11000            0     
                                              
             Setup:-     128                  
     Required Time:=   10872                  
      Launch Clock:-       0                  
         Data Path:-    8142                  
             Slack:=    2730                  

#----------------------------------------------------------------------------------------------------
#       Timing Point         Flags    Arc   Edge   Cell     Fanout Load Trans Delay Arrival Instance 
#                                                                  (fF)  (ps)  (ps)   (ps)  Location 
#----------------------------------------------------------------------------------------------------
  s_reg_18_reg[2]/CK         -       -      R     (arrival)    195    -     0     0       0    (-,-) 
  s_reg_18_reg[2]/Q          -       CK->Q  R     DFFHQX1       15 64.2   792   704     704    (-,-) 
  const_mul_4262_72_g2055/S  -       A->S   F     ADDFX1         2  7.9   179   604    1309    (-,-) 
  const_mul_4262_72_g2027/Y  -       A->Y   F     OR2X2          2  7.8    83   230    1538    (-,-) 
  const_mul_4262_72_g1960/Y  -       A0->Y  R     AOI32X1        1  3.0   262   199    1737    (-,-) 
  const_mul_4262_72_g1948/Y  -       B0->Y  F     OAI21XL        1  3.4   131   123    1860    (-,-) 
  const_mul_4262_72_g1943/Y  -       A0->Y  R     OAI21XL        1  3.3   234   181    2041    (-,-) 
  const_mul_4262_72_g1942/Y  -       C0->Y  F     OAI221XL       2  6.2   229   180    2221    (-,-) 
  const_mul_4262_72_g1938/Y  -       A0->Y  R     AOI31X1        3 10.2   341   247    2468    (-,-) 
  const_mul_4262_72_g1935/Y  -       A0->Y  F     OAI21XL        1  6.2   154   138    2606    (-,-) 
  const_mul_4262_72_g1934/CO -       CI->CO F     ADDFX2         5 18.8   184   399    3005    (-,-) 
  const_mul_4262_72_g1933/Y  -       A->Y   F     AND3X2         1  4.9    70   206    3211    (-,-) 
  const_mul_4262_72_g1930/Y  -       B0->Y  R     AOI211X1       4 13.6   503   305    3516    (-,-) 
  const_mul_4262_72_g1922/Y  -       A0->Y  F     OAI221XL       4 15.5   344   306    3822    (-,-) 
  const_mul_4262_72_g1915/Y  -       A->Y   R     NAND2X1        2  7.6   172   161    3983    (-,-) 
  const_mul_4262_72_g1905/Y  -       A0->Y  F     OAI221XL       3 11.4   286   222    4204    (-,-) 
  const_mul_4262_72_g1897/Y  -       A0->Y  R     AOI21X1        3 10.2   300   248    4452    (-,-) 
  const_mul_4262_72_g1894/Y  -       A0->Y  F     OAI21XL        1  6.2   152   134    4587    (-,-) 
  const_mul_4262_72_g1893/CO -       CI->CO F     ADDFX2         3 11.4   161   370    4957    (-,-) 
  const_mul_4262_72_g1891/Y  -       A0->Y  R     AOI21X1        2  6.8   239   194    5151    (-,-) 
  const_mul_4262_72_g1890/Y  -       B0->Y  F     OAI2BB2X1      1  4.9   123    99    5250    (-,-) 
  g40312__1705/Y             -       B->Y   R     NOR4BX1        1  4.8   334   255    5505    (-,-) 
  g40233__8428/Y             -       A->Y   F     NAND3X1        1  4.7   140   111    5616    (-,-) 
  g40155__7410/Y             -       A0->Y  R     AOI22X1        4 15.5   454   276    5892    (-,-) 
  g40147/Y                   -       A->Y   F     INVX1          4 18.8   202   176    6067    (-,-) 
  g40132__6783/Y             -       C0->Y  R     AOI221X1       2  7.8   430   278    6346    (-,-) 
  g40123/Y                   -       A->Y   F     INVX1          2  8.7   131   103    6449    (-,-) 
  g40104__6131/Y             -       A->Y   R     NAND2X1        2  6.8   152   113    6562    (-,-) 
  g40097__1705/Y             -       AN->Y  R     NOR2BX1        2  9.1   249   237    6799    (-,-) 
  g40083__6260/Y             -       B0->Y  F     AOI21X1        2  6.0   124    86    6885    (-,-) 
  g40066__6131/Y             -       A->Y   F     OR3XL          1  4.7   122   303    7188    (-,-) 
  g40004__2346/Y             -       A1->Y  R     AOI31X1        1  4.4   238   199    7387    (-,-) 
  g40003__2883/Y             -       B0->Y  F     AOI21X1        8 37.6   368   224    7611    (-,-) 
  g39991__7098/Y             -       A->Y   R     NOR3X1         8 12.8   442   320    7931    (-,-) 
  g39962__9945/Y             -       A1N->Y R     OAI2BB1XL      1  1.9   120   211    8142    (-,-) 
  s_reg_13_reg[1]/D          -       -      R     DFFX1          1    -     -     0    8142    (-,-) 
#----------------------------------------------------------------------------------------------------



Path 14: MET (2730 ps) Setup Check with Pin s_reg_13_reg[0]/CK->D
          Group: C2C
     Startpoint: (R) s_reg_18_reg[2]/CK
          Clock: (R) clock
       Endpoint: (R) s_reg_13_reg[0]/D
          Clock: (R) clock

                     Capture       Launch     
        Clock Edge:+   11000            0     
       Src Latency:+       0            0     
       Net Latency:+       0 (I)        0 (I) 
           Arrival:=   11000            0     
                                              
             Setup:-     128                  
     Required Time:=   10872                  
      Launch Clock:-       0                  
         Data Path:-    8142                  
             Slack:=    2730                  

#----------------------------------------------------------------------------------------------------
#       Timing Point         Flags    Arc   Edge   Cell     Fanout Load Trans Delay Arrival Instance 
#                                                                  (fF)  (ps)  (ps)   (ps)  Location 
#----------------------------------------------------------------------------------------------------
  s_reg_18_reg[2]/CK         -       -      R     (arrival)    195    -     0     0       0    (-,-) 
  s_reg_18_reg[2]/Q          -       CK->Q  R     DFFHQX1       15 64.2   792   704     704    (-,-) 
  const_mul_4262_72_g2055/S  -       A->S   F     ADDFX1         2  7.9   179   604    1309    (-,-) 
  const_mul_4262_72_g2027/Y  -       A->Y   F     OR2X2          2  7.8    83   230    1538    (-,-) 
  const_mul_4262_72_g1960/Y  -       A0->Y  R     AOI32X1        1  3.0   262   199    1737    (-,-) 
  const_mul_4262_72_g1948/Y  -       B0->Y  F     OAI21XL        1  3.4   131   123    1860    (-,-) 
  const_mul_4262_72_g1943/Y  -       A0->Y  R     OAI21XL        1  3.3   234   181    2041    (-,-) 
  const_mul_4262_72_g1942/Y  -       C0->Y  F     OAI221XL       2  6.2   229   180    2221    (-,-) 
  const_mul_4262_72_g1938/Y  -       A0->Y  R     AOI31X1        3 10.2   341   247    2468    (-,-) 
  const_mul_4262_72_g1935/Y  -       A0->Y  F     OAI21XL        1  6.2   154   138    2606    (-,-) 
  const_mul_4262_72_g1934/CO -       CI->CO F     ADDFX2         5 18.8   184   399    3005    (-,-) 
  const_mul_4262_72_g1933/Y  -       A->Y   F     AND3X2         1  4.9    70   206    3211    (-,-) 
  const_mul_4262_72_g1930/Y  -       B0->Y  R     AOI211X1       4 13.6   503   305    3516    (-,-) 
  const_mul_4262_72_g1922/Y  -       A0->Y  F     OAI221XL       4 15.5   344   306    3822    (-,-) 
  const_mul_4262_72_g1915/Y  -       A->Y   R     NAND2X1        2  7.6   172   161    3983    (-,-) 
  const_mul_4262_72_g1905/Y  -       A0->Y  F     OAI221XL       3 11.4   286   222    4204    (-,-) 
  const_mul_4262_72_g1897/Y  -       A0->Y  R     AOI21X1        3 10.2   300   248    4452    (-,-) 
  const_mul_4262_72_g1894/Y  -       A0->Y  F     OAI21XL        1  6.2   152   134    4587    (-,-) 
  const_mul_4262_72_g1893/CO -       CI->CO F     ADDFX2         3 11.4   161   370    4957    (-,-) 
  const_mul_4262_72_g1891/Y  -       A0->Y  R     AOI21X1        2  6.8   239   194    5151    (-,-) 
  const_mul_4262_72_g1890/Y  -       B0->Y  F     OAI2BB2X1      1  4.9   123    99    5250    (-,-) 
  g40312__1705/Y             -       B->Y   R     NOR4BX1        1  4.8   334   255    5505    (-,-) 
  g40233__8428/Y             -       A->Y   F     NAND3X1        1  4.7   140   111    5616    (-,-) 
  g40155__7410/Y             -       A0->Y  R     AOI22X1        4 15.5   454   276    5892    (-,-) 
  g40147/Y                   -       A->Y   F     INVX1          4 18.8   202   176    6067    (-,-) 
  g40132__6783/Y             -       C0->Y  R     AOI221X1       2  7.8   430   278    6346    (-,-) 
  g40123/Y                   -       A->Y   F     INVX1          2  8.7   131   103    6449    (-,-) 
  g40104__6131/Y             -       A->Y   R     NAND2X1        2  6.8   152   113    6562    (-,-) 
  g40097__1705/Y             -       AN->Y  R     NOR2BX1        2  9.1   249   237    6799    (-,-) 
  g40083__6260/Y             -       B0->Y  F     AOI21X1        2  6.0   124    86    6885    (-,-) 
  g40066__6131/Y             -       A->Y   F     OR3XL          1  4.7   122   303    7188    (-,-) 
  g40004__2346/Y             -       A1->Y  R     AOI31X1        1  4.4   238   199    7387    (-,-) 
  g40003__2883/Y             -       B0->Y  F     AOI21X1        8 37.6   368   224    7611    (-,-) 
  g39991__7098/Y             -       A->Y   R     NOR3X1         8 12.8   442   320    7931    (-,-) 
  g39970__6417/Y             -       A1N->Y R     OAI2BB1XL      1  1.9   120   211    8142    (-,-) 
  s_reg_13_reg[0]/D          -       -      R     DFFX1          1    -     -     0    8142    (-,-) 
#----------------------------------------------------------------------------------------------------



Path 15: MET (2730 ps) Setup Check with Pin s_reg_13_reg[7]/CK->D
          Group: C2C
     Startpoint: (R) s_reg_18_reg[2]/CK
          Clock: (R) clock
       Endpoint: (R) s_reg_13_reg[7]/D
          Clock: (R) clock

                     Capture       Launch     
        Clock Edge:+   11000            0     
       Src Latency:+       0            0     
       Net Latency:+       0 (I)        0 (I) 
           Arrival:=   11000            0     
                                              
             Setup:-     127                  
     Required Time:=   10873                  
      Launch Clock:-       0                  
         Data Path:-    8142                  
             Slack:=    2730                  

#----------------------------------------------------------------------------------------------------
#       Timing Point         Flags    Arc   Edge   Cell     Fanout Load Trans Delay Arrival Instance 
#                                                                  (fF)  (ps)  (ps)   (ps)  Location 
#----------------------------------------------------------------------------------------------------
  s_reg_18_reg[2]/CK         -       -      R     (arrival)    195    -     0     0       0    (-,-) 
  s_reg_18_reg[2]/Q          -       CK->Q  R     DFFHQX1       15 64.2   792   704     704    (-,-) 
  const_mul_4262_72_g2055/S  -       A->S   F     ADDFX1         2  7.9   179   604    1309    (-,-) 
  const_mul_4262_72_g2027/Y  -       A->Y   F     OR2X2          2  7.8    83   230    1538    (-,-) 
  const_mul_4262_72_g1960/Y  -       A0->Y  R     AOI32X1        1  3.0   262   199    1737    (-,-) 
  const_mul_4262_72_g1948/Y  -       B0->Y  F     OAI21XL        1  3.4   131   123    1860    (-,-) 
  const_mul_4262_72_g1943/Y  -       A0->Y  R     OAI21XL        1  3.3   234   181    2041    (-,-) 
  const_mul_4262_72_g1942/Y  -       C0->Y  F     OAI221XL       2  6.2   229   180    2221    (-,-) 
  const_mul_4262_72_g1938/Y  -       A0->Y  R     AOI31X1        3 10.2   341   247    2468    (-,-) 
  const_mul_4262_72_g1935/Y  -       A0->Y  F     OAI21XL        1  6.2   154   138    2606    (-,-) 
  const_mul_4262_72_g1934/CO -       CI->CO F     ADDFX2         5 18.8   184   399    3005    (-,-) 
  const_mul_4262_72_g1933/Y  -       A->Y   F     AND3X2         1  4.9    70   206    3211    (-,-) 
  const_mul_4262_72_g1930/Y  -       B0->Y  R     AOI211X1       4 13.6   503   305    3516    (-,-) 
  const_mul_4262_72_g1922/Y  -       A0->Y  F     OAI221XL       4 15.5   344   306    3822    (-,-) 
  const_mul_4262_72_g1915/Y  -       A->Y   R     NAND2X1        2  7.6   172   161    3983    (-,-) 
  const_mul_4262_72_g1905/Y  -       A0->Y  F     OAI221XL       3 11.4   286   222    4204    (-,-) 
  const_mul_4262_72_g1897/Y  -       A0->Y  R     AOI21X1        3 10.2   300   248    4452    (-,-) 
  const_mul_4262_72_g1894/Y  -       A0->Y  F     OAI21XL        1  6.2   152   134    4587    (-,-) 
  const_mul_4262_72_g1893/CO -       CI->CO F     ADDFX2         3 11.4   161   370    4957    (-,-) 
  const_mul_4262_72_g1891/Y  -       A0->Y  R     AOI21X1        2  6.8   239   194    5151    (-,-) 
  const_mul_4262_72_g1890/Y  -       B0->Y  F     OAI2BB2X1      1  4.9   123    99    5250    (-,-) 
  g40312__1705/Y             -       B->Y   R     NOR4BX1        1  4.8   334   255    5505    (-,-) 
  g40233__8428/Y             -       A->Y   F     NAND3X1        1  4.7   140   111    5616    (-,-) 
  g40155__7410/Y             -       A0->Y  R     AOI22X1        4 15.5   454   276    5892    (-,-) 
  g40147/Y                   -       A->Y   F     INVX1          4 18.8   202   176    6067    (-,-) 
  g40132__6783/Y             -       C0->Y  R     AOI221X1       2  7.8   430   278    6346    (-,-) 
  g40123/Y                   -       A->Y   F     INVX1          2  8.7   131   103    6449    (-,-) 
  g40104__6131/Y             -       A->Y   R     NAND2X1        2  6.8   152   113    6562    (-,-) 
  g40097__1705/Y             -       AN->Y  R     NOR2BX1        2  9.1   249   237    6799    (-,-) 
  g40083__6260/Y             -       B0->Y  F     AOI21X1        2  6.0   124    86    6885    (-,-) 
  g40066__6131/Y             -       A->Y   F     OR3XL          1  4.7   122   303    7188    (-,-) 
  g40004__2346/Y             -       A1->Y  R     AOI31X1        1  4.4   238   199    7387    (-,-) 
  g40003__2883/Y             -       B0->Y  F     AOI21X1        8 37.6   368   224    7611    (-,-) 
  g39991__7098/Y             -       A->Y   R     NOR3X1         8 12.8   442   320    7931    (-,-) 
  g39971__5477/Y             -       A1N->Y R     OAI2BB1XL      1  1.9   109   211    8142    (-,-) 
  s_reg_13_reg[7]/D          -       -      R     DFFX1          1    -     -     0    8142    (-,-) 
#----------------------------------------------------------------------------------------------------



Path 16: MET (2787 ps) Setup Check with Pin s_reg_18_reg[24]/CK->D
          Group: C2C
     Startpoint: (R) gs_ctrl_proc_h40040000000000_reg/CK
          Clock: (R) clock
       Endpoint: (F) s_reg_18_reg[24]/D
          Clock: (R) clock

                     Capture       Launch     
        Clock Edge:+   11000            0     
       Src Latency:+       0            0     
       Net Latency:+       0 (I)        0 (I) 
           Arrival:=   11000            0     
                                              
             Setup:-     350                  
     Required Time:=   10650                  
      Launch Clock:-       0                  
         Data Path:-    7863                  
             Slack:=    2787                  

#---------------------------------------------------------------------------------------------------------------
#             Timing Point              Flags    Arc   Edge   Cell     Fanout Load Trans Delay Arrival Instance 
#                                                                             (fF)  (ps)  (ps)   (ps)  Location 
#---------------------------------------------------------------------------------------------------------------
  gs_ctrl_proc_h40040000000000_reg/CK   -       -      R     (arrival)    195    -     0     0       0    (-,-) 
  gs_ctrl_proc_h40040000000000_reg/Q    -       CK->Q  R     DFFRX1         5 22.9   318   802     802    (-,-) 
  g35383__2346/Y                        -       S0->Y  R     MX2X1         11 46.6   608   602    1404    (-,-) 
  csa_tree_mul_4306_112_g992/Y          -       A->Y   F     INVX1         10 45.1   359   333    1738    (-,-) 
  csa_tree_mul_4306_112_g943/Y          -       B->Y   R     MXI2X1         9 35.1   817   462    2199    (-,-) 
  csa_tree_mul_4306_112_g914/Y          -       B0->Y  F     OAI21XL        8 34.8   552   477    2676    (-,-) 
  csa_tree_mul_4306_112_g881/Y          -       A0->Y  R     OAI22X1        1  6.8   366   252    2928    (-,-) 
  csa_tree_mul_4306_112_cdnfadd_004_0/S -       B->S   F     ADDFX1         1  3.2   148   594    3521    (-,-) 
  g41390/Y                              -       A->Y   F     AND2X2         1  6.2    74   174    3696    (-,-) 
  csa_tree_add_3739_54_groupi_g1656/S   -       CI->S  R     ADDFX1         1  6.9   154   327    4023    (-,-) 
  csa_tree_add_3739_54_groupi_g1610/CO  -       A->CO  R     ADDFX1         1  6.2   180   504    4527    (-,-) 
  csa_tree_add_3739_54_groupi_g1609/CO  -       CI->CO R     ADDFX1         1  6.2   180   292    4819    (-,-) 
  csa_tree_add_3739_54_groupi_g1608/CO  -       CI->CO R     ADDFX1         1  6.2   180   292    5112    (-,-) 
  csa_tree_add_3739_54_groupi_g1607/CO  -       CI->CO R     ADDFX2         3 10.7   147   322    5434    (-,-) 
  csa_tree_add_3739_54_groupi_g1606/Y   -       B->Y   F     NAND2BX1       3 11.3   143   112    5545    (-,-) 
  csa_tree_add_3739_54_groupi_g1604/Y   -       B->Y   R     NOR4BX1        1  4.9   337   260    5805    (-,-) 
  csa_tree_add_3739_54_groupi_g1602/Y   -       B0->Y  F     AOI211X1       3 11.1   204   134    5939    (-,-) 
  csa_tree_add_3739_54_groupi_g1599/Y   -       A->Y   R     NOR2X1         3 13.4   327   234    6174    (-,-) 
  csa_tree_add_3739_54_groupi_g1594/Y   -       A0->Y  F     AOI31X1        3 11.1   209   175    6349    (-,-) 
  csa_tree_add_3739_54_groupi_g1590/Y   -       A->Y   R     NOR2X1         2  8.3   239   182    6530    (-,-) 
  csa_tree_add_3739_54_groupi_g1585/Y   -       A->Y   F     NAND2X1        2  8.0   125   100    6631    (-,-) 
  csa_tree_add_3739_54_groupi_g1579/Y   -       A0->Y  R     OAI31X1        4 14.7   534   340    6971    (-,-) 
  csa_tree_add_3739_54_groupi_g1578/Y   -       A->Y   R     AND2X2         2  9.2   114   224    7195    (-,-) 
  csa_tree_add_3739_54_groupi_g1573/Y   -       A0->Y  F     AOI221X1       4 14.9   272   161    7356    (-,-) 
  csa_tree_add_3739_54_groupi_g1568/Y   -       A1N->Y F     OAI2BB2X1      1  4.3   133   252    7608    (-,-) 
  g40431__1881/Y                        -       B0->Y  R     AOI22X1        1  2.6   315   195    7803    (-,-) 
  g40402/Y                              -       A->Y   F     INVXL          1  2.2    81    60    7863    (-,-) 
  s_reg_18_reg[24]/D                    -       -      F     DFFHQX2        1    -     -     0    7863    (-,-) 
#---------------------------------------------------------------------------------------------------------------



Path 17: MET (2875 ps) Setup Check with Pin s_reg_18_reg[23]/CK->D
          Group: C2C
     Startpoint: (R) gs_ctrl_proc_h40040000000000_reg/CK
          Clock: (R) clock
       Endpoint: (F) s_reg_18_reg[23]/D
          Clock: (R) clock

                     Capture       Launch     
        Clock Edge:+   11000            0     
       Src Latency:+       0            0     
       Net Latency:+       0 (I)        0 (I) 
           Arrival:=   11000            0     
                                              
             Setup:-     350                  
     Required Time:=   10650                  
      Launch Clock:-       0                  
         Data Path:-    7775                  
             Slack:=    2875                  

#---------------------------------------------------------------------------------------------------------------
#             Timing Point              Flags    Arc   Edge   Cell     Fanout Load Trans Delay Arrival Instance 
#                                                                             (fF)  (ps)  (ps)   (ps)  Location 
#---------------------------------------------------------------------------------------------------------------
  gs_ctrl_proc_h40040000000000_reg/CK   -       -      R     (arrival)    195    -     0     0       0    (-,-) 
  gs_ctrl_proc_h40040000000000_reg/Q    -       CK->Q  R     DFFRX1         5 22.9   318   802     802    (-,-) 
  g35383__2346/Y                        -       S0->Y  R     MX2X1         11 46.6   608   602    1404    (-,-) 
  csa_tree_mul_4306_112_g992/Y          -       A->Y   F     INVX1         10 45.1   359   333    1738    (-,-) 
  csa_tree_mul_4306_112_g943/Y          -       B->Y   R     MXI2X1         9 35.1   817   462    2199    (-,-) 
  csa_tree_mul_4306_112_g914/Y          -       B0->Y  F     OAI21XL        8 34.8   552   477    2676    (-,-) 
  csa_tree_mul_4306_112_g881/Y          -       A0->Y  R     OAI22X1        1  6.8   366   252    2928    (-,-) 
  csa_tree_mul_4306_112_cdnfadd_004_0/S -       B->S   F     ADDFX1         1  3.2   148   594    3521    (-,-) 
  g41390/Y                              -       A->Y   F     AND2X2         1  6.2    74   174    3696    (-,-) 
  csa_tree_add_3739_54_groupi_g1656/S   -       CI->S  R     ADDFX1         1  6.9   154   327    4023    (-,-) 
  csa_tree_add_3739_54_groupi_g1610/CO  -       A->CO  R     ADDFX1         1  6.2   180   504    4527    (-,-) 
  csa_tree_add_3739_54_groupi_g1609/CO  -       CI->CO R     ADDFX1         1  6.2   180   292    4819    (-,-) 
  csa_tree_add_3739_54_groupi_g1608/CO  -       CI->CO R     ADDFX1         1  6.2   180   292    5112    (-,-) 
  csa_tree_add_3739_54_groupi_g1607/CO  -       CI->CO R     ADDFX2         3 10.7   147   322    5434    (-,-) 
  csa_tree_add_3739_54_groupi_g1606/Y   -       B->Y   F     NAND2BX1       3 11.3   143   112    5545    (-,-) 
  csa_tree_add_3739_54_groupi_g1604/Y   -       B->Y   R     NOR4BX1        1  4.9   337   260    5805    (-,-) 
  csa_tree_add_3739_54_groupi_g1602/Y   -       B0->Y  F     AOI211X1       3 11.1   204   134    5939    (-,-) 
  csa_tree_add_3739_54_groupi_g1599/Y   -       A->Y   R     NOR2X1         3 13.4   327   234    6174    (-,-) 
  csa_tree_add_3739_54_groupi_g1594/Y   -       A0->Y  F     AOI31X1        3 11.1   209   175    6349    (-,-) 
  csa_tree_add_3739_54_groupi_g1590/Y   -       A->Y   R     NOR2X1         2  8.3   239   182    6530    (-,-) 
  csa_tree_add_3739_54_groupi_g1585/Y   -       A->Y   F     NAND2X1        2  8.0   125   100    6631    (-,-) 
  csa_tree_add_3739_54_groupi_g1579/Y   -       A0->Y  R     OAI31X1        4 14.7   534   340    6971    (-,-) 
  csa_tree_add_3739_54_groupi_g1575/Y   -       A0->Y  F     AOI31X1        3 10.2   226   200    7170    (-,-) 
  csa_tree_add_3739_54_groupi_g1570/Y   -       A0->Y  R     OAI21XL        2  6.8   330   255    7426    (-,-) 
  csa_tree_add_3739_54_groupi_g1565/Y   -       B0->Y  F     OAI2BB2X1      1  4.3   114    99    7525    (-,-) 
  g40430__6131/Y                        -       B0->Y  R     AOI22X1        1  2.6   315   190    7715    (-,-) 
  g40401/Y                              -       A->Y   F     INVXL          1  2.2    81    60    7775    (-,-) 
  s_reg_18_reg[23]/D                    -       -      F     DFFHQX2        1    -     -     0    7775    (-,-) 
#---------------------------------------------------------------------------------------------------------------



Path 18: MET (2921 ps) Setup Check with Pin s_reg_18_reg[21]/CK->D
          Group: C2C
     Startpoint: (R) gs_ctrl_proc_h40040000000000_reg/CK
          Clock: (R) clock
       Endpoint: (F) s_reg_18_reg[21]/D
          Clock: (R) clock

                     Capture       Launch     
        Clock Edge:+   11000            0     
       Src Latency:+       0            0     
       Net Latency:+       0 (I)        0 (I) 
           Arrival:=   11000            0     
                                              
             Setup:-     350                  
     Required Time:=   10650                  
      Launch Clock:-       0                  
         Data Path:-    7729                  
             Slack:=    2921                  

#---------------------------------------------------------------------------------------------------------------
#             Timing Point              Flags    Arc   Edge   Cell     Fanout Load Trans Delay Arrival Instance 
#                                                                             (fF)  (ps)  (ps)   (ps)  Location 
#---------------------------------------------------------------------------------------------------------------
  gs_ctrl_proc_h40040000000000_reg/CK   -       -      R     (arrival)    195    -     0     0       0    (-,-) 
  gs_ctrl_proc_h40040000000000_reg/Q    -       CK->Q  R     DFFRX1         5 22.9   318   802     802    (-,-) 
  g35383__2346/Y                        -       S0->Y  R     MX2X1         11 46.6   608   602    1404    (-,-) 
  csa_tree_mul_4306_112_g992/Y          -       A->Y   F     INVX1         10 45.1   359   333    1738    (-,-) 
  csa_tree_mul_4306_112_g943/Y          -       B->Y   R     MXI2X1         9 35.1   817   462    2199    (-,-) 
  csa_tree_mul_4306_112_g914/Y          -       B0->Y  F     OAI21XL        8 34.8   552   477    2676    (-,-) 
  csa_tree_mul_4306_112_g881/Y          -       A0->Y  R     OAI22X1        1  6.8   366   252    2928    (-,-) 
  csa_tree_mul_4306_112_cdnfadd_004_0/S -       B->S   F     ADDFX1         1  3.2   148   594    3521    (-,-) 
  g41390/Y                              -       A->Y   F     AND2X2         1  6.2    74   174    3696    (-,-) 
  csa_tree_add_3739_54_groupi_g1656/S   -       CI->S  R     ADDFX1         1  6.9   154   327    4023    (-,-) 
  csa_tree_add_3739_54_groupi_g1610/CO  -       A->CO  R     ADDFX1         1  6.2   180   504    4527    (-,-) 
  csa_tree_add_3739_54_groupi_g1609/CO  -       CI->CO R     ADDFX1         1  6.2   180   292    4819    (-,-) 
  csa_tree_add_3739_54_groupi_g1608/CO  -       CI->CO R     ADDFX1         1  6.2   180   292    5112    (-,-) 
  csa_tree_add_3739_54_groupi_g1607/CO  -       CI->CO R     ADDFX2         3 10.7   147   322    5434    (-,-) 
  csa_tree_add_3739_54_groupi_g1606/Y   -       B->Y   F     NAND2BX1       3 11.3   143   112    5545    (-,-) 
  csa_tree_add_3739_54_groupi_g1604/Y   -       B->Y   R     NOR4BX1        1  4.9   337   260    5805    (-,-) 
  csa_tree_add_3739_54_groupi_g1602/Y   -       B0->Y  F     AOI211X1       3 11.1   204   134    5939    (-,-) 
  csa_tree_add_3739_54_groupi_g1599/Y   -       A->Y   R     NOR2X1         3 13.4   327   234    6174    (-,-) 
  csa_tree_add_3739_54_groupi_g1594/Y   -       A0->Y  F     AOI31X1        3 11.1   209   175    6349    (-,-) 
  csa_tree_add_3739_54_groupi_g1590/Y   -       A->Y   R     NOR2X1         2  8.3   239   182    6530    (-,-) 
  csa_tree_add_3739_54_groupi_g1585/Y   -       A->Y   F     NAND2X1        2  8.0   125   100    6631    (-,-) 
  csa_tree_add_3739_54_groupi_g1579/Y   -       A0->Y  R     OAI31X1        4 14.7   534   340    6971    (-,-) 
  csa_tree_add_3739_54_groupi_g1578/Y   -       A->Y   R     AND2X2         2  9.2   114   224    7195    (-,-) 
  csa_tree_add_3739_54_groupi_g1574/Y   -       A->Y   F     NOR2X1         2  6.8   114    72    7267    (-,-) 
  csa_tree_add_3739_54_groupi_g1572/Y   -       A1N->Y F     OAI2BB2X1      1  4.3   114   212    7478    (-,-) 
  g40428__8246/Y                        -       B0->Y  R     AOI22X1        1  2.6   315   190    7669    (-,-) 
  g40399/Y                              -       A->Y   F     INVXL          1  2.2    81    60    7729    (-,-) 
  s_reg_18_reg[21]/D                    -       -      F     DFFHQX2        1    -     -     0    7729    (-,-) 
#---------------------------------------------------------------------------------------------------------------



Path 19: MET (2989 ps) Setup Check with Pin s_reg_18_reg[22]/CK->D
          Group: C2C
     Startpoint: (R) gs_ctrl_proc_h40040000000000_reg/CK
          Clock: (R) clock
       Endpoint: (F) s_reg_18_reg[22]/D
          Clock: (R) clock

                     Capture       Launch     
        Clock Edge:+   11000            0     
       Src Latency:+       0            0     
       Net Latency:+       0 (I)        0 (I) 
           Arrival:=   11000            0     
                                              
             Setup:-     350                  
     Required Time:=   10650                  
      Launch Clock:-       0                  
         Data Path:-    7661                  
             Slack:=    2989                  

#---------------------------------------------------------------------------------------------------------------
#             Timing Point              Flags    Arc   Edge   Cell     Fanout Load Trans Delay Arrival Instance 
#                                                                             (fF)  (ps)  (ps)   (ps)  Location 
#---------------------------------------------------------------------------------------------------------------
  gs_ctrl_proc_h40040000000000_reg/CK   -       -      R     (arrival)    195    -     0     0       0    (-,-) 
  gs_ctrl_proc_h40040000000000_reg/Q    -       CK->Q  R     DFFRX1         5 22.9   318   802     802    (-,-) 
  g35383__2346/Y                        -       S0->Y  R     MX2X1         11 46.6   608   602    1404    (-,-) 
  csa_tree_mul_4306_112_g992/Y          -       A->Y   F     INVX1         10 45.1   359   333    1738    (-,-) 
  csa_tree_mul_4306_112_g943/Y          -       B->Y   R     MXI2X1         9 35.1   817   462    2199    (-,-) 
  csa_tree_mul_4306_112_g914/Y          -       B0->Y  F     OAI21XL        8 34.8   552   477    2676    (-,-) 
  csa_tree_mul_4306_112_g881/Y          -       A0->Y  R     OAI22X1        1  6.8   366   252    2928    (-,-) 
  csa_tree_mul_4306_112_cdnfadd_004_0/S -       B->S   F     ADDFX1         1  3.2   148   594    3521    (-,-) 
  g41390/Y                              -       A->Y   F     AND2X2         1  6.2    74   174    3696    (-,-) 
  csa_tree_add_3739_54_groupi_g1656/S   -       CI->S  R     ADDFX1         1  6.9   154   327    4023    (-,-) 
  csa_tree_add_3739_54_groupi_g1610/CO  -       A->CO  R     ADDFX1         1  6.2   180   504    4527    (-,-) 
  csa_tree_add_3739_54_groupi_g1609/CO  -       CI->CO R     ADDFX1         1  6.2   180   292    4819    (-,-) 
  csa_tree_add_3739_54_groupi_g1608/CO  -       CI->CO R     ADDFX1         1  6.2   180   292    5112    (-,-) 
  csa_tree_add_3739_54_groupi_g1607/CO  -       CI->CO R     ADDFX2         3 10.7   147   322    5434    (-,-) 
  csa_tree_add_3739_54_groupi_g1606/Y   -       B->Y   F     NAND2BX1       3 11.3   143   112    5545    (-,-) 
  csa_tree_add_3739_54_groupi_g1604/Y   -       B->Y   R     NOR4BX1        1  4.9   337   260    5805    (-,-) 
  csa_tree_add_3739_54_groupi_g1602/Y   -       B0->Y  F     AOI211X1       3 11.1   204   134    5939    (-,-) 
  csa_tree_add_3739_54_groupi_g1599/Y   -       A->Y   R     NOR2X1         3 13.4   327   234    6174    (-,-) 
  csa_tree_add_3739_54_groupi_g1594/Y   -       A0->Y  F     AOI31X1        3 11.1   209   175    6349    (-,-) 
  csa_tree_add_3739_54_groupi_g1590/Y   -       A->Y   R     NOR2X1         2  8.3   239   182    6530    (-,-) 
  csa_tree_add_3739_54_groupi_g1585/Y   -       A->Y   F     NAND2X1        2  8.0   125   100    6631    (-,-) 
  csa_tree_add_3739_54_groupi_g1579/Y   -       A0->Y  R     OAI31X1        4 14.7   534   340    6971    (-,-) 
  csa_tree_add_3739_54_groupi_g1575/Y   -       A0->Y  F     AOI31X1        3 10.2   226   200    7170    (-,-) 
  csa_tree_add_3739_54_groupi_g1571/Y   -       A1N->Y F     OAI2BB2X1      1  4.3   114   241    7411    (-,-) 
  g40410__2883/Y                        -       B0->Y  R     AOI22X1        1  2.6   315   190    7601    (-,-) 
  g40381/Y                              -       A->Y   F     INVXL          1  2.2    81    60    7661    (-,-) 
  s_reg_18_reg[22]/D                    -       -      F     DFFHQX2        1    -     -     0    7661    (-,-) 
#---------------------------------------------------------------------------------------------------------------



Path 20: MET (3126 ps) Setup Check with Pin s_reg_18_reg[19]/CK->D
          Group: C2C
     Startpoint: (R) gs_ctrl_proc_h40040000000000_reg/CK
          Clock: (R) clock
       Endpoint: (F) s_reg_18_reg[19]/D
          Clock: (R) clock

                     Capture       Launch     
        Clock Edge:+   11000            0     
       Src Latency:+       0            0     
       Net Latency:+       0 (I)        0 (I) 
           Arrival:=   11000            0     
                                              
             Setup:-     335                  
     Required Time:=   10665                  
      Launch Clock:-       0                  
         Data Path:-    7539                  
             Slack:=    3126                  

#---------------------------------------------------------------------------------------------------------------
#             Timing Point              Flags    Arc   Edge   Cell     Fanout Load Trans Delay Arrival Instance 
#                                                                             (fF)  (ps)  (ps)   (ps)  Location 
#---------------------------------------------------------------------------------------------------------------
  gs_ctrl_proc_h40040000000000_reg/CK   -       -      R     (arrival)    195    -     0     0       0    (-,-) 
  gs_ctrl_proc_h40040000000000_reg/Q    -       CK->Q  R     DFFRX1         5 22.9   318   802     802    (-,-) 
  g35383__2346/Y                        -       S0->Y  R     MX2X1         11 46.6   608   602    1404    (-,-) 
  csa_tree_mul_4306_112_g992/Y          -       A->Y   F     INVX1         10 45.1   359   333    1738    (-,-) 
  csa_tree_mul_4306_112_g943/Y          -       B->Y   R     MXI2X1         9 35.1   817   462    2199    (-,-) 
  csa_tree_mul_4306_112_g914/Y          -       B0->Y  F     OAI21XL        8 34.8   552   477    2676    (-,-) 
  csa_tree_mul_4306_112_g881/Y          -       A0->Y  R     OAI22X1        1  6.8   366   252    2928    (-,-) 
  csa_tree_mul_4306_112_cdnfadd_004_0/S -       B->S   F     ADDFX1         1  3.2   148   594    3521    (-,-) 
  g41390/Y                              -       A->Y   F     AND2X2         1  6.2    74   174    3696    (-,-) 
  csa_tree_add_3739_54_groupi_g1656/S   -       CI->S  R     ADDFX1         1  6.9   154   327    4023    (-,-) 
  csa_tree_add_3739_54_groupi_g1610/CO  -       A->CO  R     ADDFX1         1  6.2   180   504    4527    (-,-) 
  csa_tree_add_3739_54_groupi_g1609/CO  -       CI->CO R     ADDFX1         1  6.2   180   292    4819    (-,-) 
  csa_tree_add_3739_54_groupi_g1608/CO  -       CI->CO R     ADDFX1         1  6.2   180   292    5112    (-,-) 
  csa_tree_add_3739_54_groupi_g1607/CO  -       CI->CO R     ADDFX2         3 10.7   147   322    5434    (-,-) 
  csa_tree_add_3739_54_groupi_g1606/Y   -       B->Y   F     NAND2BX1       3 11.3   143   112    5545    (-,-) 
  csa_tree_add_3739_54_groupi_g1604/Y   -       B->Y   R     NOR4BX1        1  4.9   337   260    5805    (-,-) 
  csa_tree_add_3739_54_groupi_g1602/Y   -       B0->Y  F     AOI211X1       3 11.1   204   134    5939    (-,-) 
  csa_tree_add_3739_54_groupi_g1599/Y   -       A->Y   R     NOR2X1         3 13.4   327   234    6174    (-,-) 
  csa_tree_add_3739_54_groupi_g1594/Y   -       A0->Y  F     AOI31X1        3 11.1   209   175    6349    (-,-) 
  csa_tree_add_3739_54_groupi_g1590/Y   -       A->Y   R     NOR2X1         2  8.3   239   182    6530    (-,-) 
  csa_tree_add_3739_54_groupi_g1585/Y   -       A->Y   F     NAND2X1        2  8.0   125   100    6631    (-,-) 
  csa_tree_add_3739_54_groupi_g1584/Y   -       A->Y   F     AND2X2         3  9.3    74   176    6806    (-,-) 
  csa_tree_add_3739_54_groupi_g1580/Y   -       A0N->Y F     AOI2BB1XL      2  6.8   129   268    7074    (-,-) 
  csa_tree_add_3739_54_groupi_g1577/Y   -       A1N->Y F     OAI2BB2X1      1  4.3   114   216    7290    (-,-) 
  g40426__1705/Y                        -       B0->Y  R     AOI22X1        1  2.6   315   190    7480    (-,-) 
  g40397/Y                              -       A->Y   F     INVXL          1  2.1    80    59    7539    (-,-) 
  s_reg_18_reg[19]/D                    -       -      F     DFFHQX1        1    -     -     0    7539    (-,-) 
#---------------------------------------------------------------------------------------------------------------



Path 21: MET (3318 ps) Setup Check with Pin s_reg_18_reg[20]/CK->D
          Group: C2C
     Startpoint: (R) gs_ctrl_proc_h40040000000000_reg/CK
          Clock: (R) clock
       Endpoint: (F) s_reg_18_reg[20]/D
          Clock: (R) clock

                     Capture       Launch     
        Clock Edge:+   11000            0     
       Src Latency:+       0            0     
       Net Latency:+       0 (I)        0 (I) 
           Arrival:=   11000            0     
                                              
             Setup:-     350                  
     Required Time:=   10650                  
      Launch Clock:-       0                  
         Data Path:-    7332                  
             Slack:=    3318                  

#---------------------------------------------------------------------------------------------------------------
#             Timing Point              Flags    Arc   Edge   Cell     Fanout Load Trans Delay Arrival Instance 
#                                                                             (fF)  (ps)  (ps)   (ps)  Location 
#---------------------------------------------------------------------------------------------------------------
  gs_ctrl_proc_h40040000000000_reg/CK   -       -      R     (arrival)    195    -     0     0       0    (-,-) 
  gs_ctrl_proc_h40040000000000_reg/Q    -       CK->Q  R     DFFRX1         5 22.9   318   802     802    (-,-) 
  g35383__2346/Y                        -       S0->Y  R     MX2X1         11 46.6   608   602    1404    (-,-) 
  csa_tree_mul_4306_112_g992/Y          -       A->Y   F     INVX1         10 45.1   359   333    1738    (-,-) 
  csa_tree_mul_4306_112_g943/Y          -       B->Y   R     MXI2X1         9 35.1   817   462    2199    (-,-) 
  csa_tree_mul_4306_112_g914/Y          -       B0->Y  F     OAI21XL        8 34.8   552   477    2676    (-,-) 
  csa_tree_mul_4306_112_g881/Y          -       A0->Y  R     OAI22X1        1  6.8   366   252    2928    (-,-) 
  csa_tree_mul_4306_112_cdnfadd_004_0/S -       B->S   F     ADDFX1         1  3.2   148   594    3521    (-,-) 
  g41390/Y                              -       A->Y   F     AND2X2         1  6.2    74   174    3696    (-,-) 
  csa_tree_add_3739_54_groupi_g1656/S   -       CI->S  R     ADDFX1         1  6.9   154   327    4023    (-,-) 
  csa_tree_add_3739_54_groupi_g1610/CO  -       A->CO  R     ADDFX1         1  6.2   180   504    4527    (-,-) 
  csa_tree_add_3739_54_groupi_g1609/CO  -       CI->CO R     ADDFX1         1  6.2   180   292    4819    (-,-) 
  csa_tree_add_3739_54_groupi_g1608/CO  -       CI->CO R     ADDFX1         1  6.2   180   292    5112    (-,-) 
  csa_tree_add_3739_54_groupi_g1607/CO  -       CI->CO R     ADDFX2         3 10.7   147   322    5434    (-,-) 
  csa_tree_add_3739_54_groupi_g1606/Y   -       B->Y   F     NAND2BX1       3 11.3   143   112    5545    (-,-) 
  csa_tree_add_3739_54_groupi_g1604/Y   -       B->Y   R     NOR4BX1        1  4.9   337   260    5805    (-,-) 
  csa_tree_add_3739_54_groupi_g1602/Y   -       B0->Y  F     AOI211X1       3 11.1   204   134    5939    (-,-) 
  csa_tree_add_3739_54_groupi_g1599/Y   -       A->Y   R     NOR2X1         3 13.4   327   234    6174    (-,-) 
  csa_tree_add_3739_54_groupi_g1594/Y   -       A0->Y  F     AOI31X1        3 11.1   209   175    6349    (-,-) 
  csa_tree_add_3739_54_groupi_g1590/Y   -       A->Y   R     NOR2X1         2  8.3   239   182    6530    (-,-) 
  csa_tree_add_3739_54_groupi_g1585/Y   -       A->Y   F     NAND2X1        2  8.0   125   100    6631    (-,-) 
  csa_tree_add_3739_54_groupi_g1579/Y   -       A0->Y  R     OAI31X1        4 14.7   534   340    6971    (-,-) 
  csa_tree_add_3739_54_groupi_g1576/Y   -       B0->Y  F     OAI2BB2X1      1  4.3   128   108    7079    (-,-) 
  g40427__5122/Y                        -       B0->Y  R     AOI22X1        1  2.6   315   193    7272    (-,-) 
  g40398/Y                              -       A->Y   F     INVXL          1  2.2    81    60    7332    (-,-) 
  s_reg_18_reg[20]/D                    -       -      F     DFFHQX2        1    -     -     0    7332    (-,-) 
#---------------------------------------------------------------------------------------------------------------



Path 22: MET (3392 ps) Setup Check with Pin s_reg_18_reg[18]/CK->D
          Group: C2C
     Startpoint: (R) gs_ctrl_proc_h40040000000000_reg/CK
          Clock: (R) clock
       Endpoint: (F) s_reg_18_reg[18]/D
          Clock: (R) clock

                     Capture       Launch     
        Clock Edge:+   11000            0     
       Src Latency:+       0            0     
       Net Latency:+       0 (I)        0 (I) 
           Arrival:=   11000            0     
                                              
             Setup:-     350                  
     Required Time:=   10650                  
      Launch Clock:-       0                  
         Data Path:-    7258                  
             Slack:=    3392                  

#---------------------------------------------------------------------------------------------------------------
#             Timing Point              Flags    Arc   Edge   Cell     Fanout Load Trans Delay Arrival Instance 
#                                                                             (fF)  (ps)  (ps)   (ps)  Location 
#---------------------------------------------------------------------------------------------------------------
  gs_ctrl_proc_h40040000000000_reg/CK   -       -      R     (arrival)    195    -     0     0       0    (-,-) 
  gs_ctrl_proc_h40040000000000_reg/Q    -       CK->Q  R     DFFRX1         5 22.9   318   802     802    (-,-) 
  g35383__2346/Y                        -       S0->Y  R     MX2X1         11 46.6   608   602    1404    (-,-) 
  csa_tree_mul_4306_112_g992/Y          -       A->Y   F     INVX1         10 45.1   359   333    1738    (-,-) 
  csa_tree_mul_4306_112_g943/Y          -       B->Y   R     MXI2X1         9 35.1   817   462    2199    (-,-) 
  csa_tree_mul_4306_112_g914/Y          -       B0->Y  F     OAI21XL        8 34.8   552   477    2676    (-,-) 
  csa_tree_mul_4306_112_g881/Y          -       A0->Y  R     OAI22X1        1  6.8   366   252    2928    (-,-) 
  csa_tree_mul_4306_112_cdnfadd_004_0/S -       B->S   F     ADDFX1         1  3.2   148   594    3521    (-,-) 
  g41390/Y                              -       A->Y   F     AND2X2         1  6.2    74   174    3696    (-,-) 
  csa_tree_add_3739_54_groupi_g1656/S   -       CI->S  R     ADDFX1         1  6.9   154   327    4023    (-,-) 
  csa_tree_add_3739_54_groupi_g1610/CO  -       A->CO  R     ADDFX1         1  6.2   180   504    4527    (-,-) 
  csa_tree_add_3739_54_groupi_g1609/CO  -       CI->CO R     ADDFX1         1  6.2   180   292    4819    (-,-) 
  csa_tree_add_3739_54_groupi_g1608/CO  -       CI->CO R     ADDFX1         1  6.2   180   292    5112    (-,-) 
  csa_tree_add_3739_54_groupi_g1607/CO  -       CI->CO R     ADDFX2         3 10.7   147   322    5434    (-,-) 
  csa_tree_add_3739_54_groupi_g1606/Y   -       B->Y   F     NAND2BX1       3 11.3   143   112    5545    (-,-) 
  csa_tree_add_3739_54_groupi_g1604/Y   -       B->Y   R     NOR4BX1        1  4.9   337   260    5805    (-,-) 
  csa_tree_add_3739_54_groupi_g1602/Y   -       B0->Y  F     AOI211X1       3 11.1   204   134    5939    (-,-) 
  csa_tree_add_3739_54_groupi_g1599/Y   -       A->Y   R     NOR2X1         3 13.4   327   234    6174    (-,-) 
  csa_tree_add_3739_54_groupi_g1594/Y   -       A0->Y  F     AOI31X1        3 11.1   209   175    6349    (-,-) 
  csa_tree_add_3739_54_groupi_g1590/Y   -       A->Y   R     NOR2X1         2  8.3   239   182    6530    (-,-) 
  csa_tree_add_3739_54_groupi_g1585/Y   -       A->Y   F     NAND2X1        2  8.0   125   100    6631    (-,-) 
  csa_tree_add_3739_54_groupi_g1584/Y   -       A->Y   F     AND2X2         3  9.3    74   176    6806    (-,-) 
  csa_tree_add_3739_54_groupi_g1581/Y   -       A1N->Y F     OAI2BB2X1      1  4.3   114   201    7007    (-,-) 
  g40425__2802/Y                        -       B0->Y  R     AOI22X1        1  2.6   315   190    7198    (-,-) 
  g40396/Y                              -       A->Y   F     INVXL          1  2.2    81    60    7258    (-,-) 
  s_reg_18_reg[18]/D                    -       -      F     DFFHQX2        1    -     -     0    7258    (-,-) 
#---------------------------------------------------------------------------------------------------------------



Path 23: MET (3571 ps) Setup Check with Pin s_reg_18_reg[17]/CK->D
          Group: C2C
     Startpoint: (R) gs_ctrl_proc_h40040000000000_reg/CK
          Clock: (R) clock
       Endpoint: (F) s_reg_18_reg[17]/D
          Clock: (R) clock

                     Capture       Launch     
        Clock Edge:+   11000            0     
       Src Latency:+       0            0     
       Net Latency:+       0 (I)        0 (I) 
           Arrival:=   11000            0     
                                              
             Setup:-     350                  
     Required Time:=   10650                  
      Launch Clock:-       0                  
         Data Path:-    7079                  
             Slack:=    3571                  

#---------------------------------------------------------------------------------------------------------------
#             Timing Point              Flags    Arc   Edge   Cell     Fanout Load Trans Delay Arrival Instance 
#                                                                             (fF)  (ps)  (ps)   (ps)  Location 
#---------------------------------------------------------------------------------------------------------------
  gs_ctrl_proc_h40040000000000_reg/CK   -       -      R     (arrival)    195    -     0     0       0    (-,-) 
  gs_ctrl_proc_h40040000000000_reg/Q    -       CK->Q  R     DFFRX1         5 22.9   318   802     802    (-,-) 
  g35383__2346/Y                        -       S0->Y  R     MX2X1         11 46.6   608   602    1404    (-,-) 
  csa_tree_mul_4306_112_g992/Y          -       A->Y   F     INVX1         10 45.1   359   333    1738    (-,-) 
  csa_tree_mul_4306_112_g943/Y          -       B->Y   R     MXI2X1         9 35.1   817   462    2199    (-,-) 
  csa_tree_mul_4306_112_g914/Y          -       B0->Y  F     OAI21XL        8 34.8   552   477    2676    (-,-) 
  csa_tree_mul_4306_112_g881/Y          -       A0->Y  R     OAI22X1        1  6.8   366   252    2928    (-,-) 
  csa_tree_mul_4306_112_cdnfadd_004_0/S -       B->S   F     ADDFX1         1  3.2   148   594    3521    (-,-) 
  g41390/Y                              -       A->Y   F     AND2X2         1  6.2    74   174    3696    (-,-) 
  csa_tree_add_3739_54_groupi_g1656/S   -       CI->S  R     ADDFX1         1  6.9   154   327    4023    (-,-) 
  csa_tree_add_3739_54_groupi_g1610/CO  -       A->CO  R     ADDFX1         1  6.2   180   504    4527    (-,-) 
  csa_tree_add_3739_54_groupi_g1609/CO  -       CI->CO R     ADDFX1         1  6.2   180   292    4819    (-,-) 
  csa_tree_add_3739_54_groupi_g1608/CO  -       CI->CO R     ADDFX1         1  6.2   180   292    5112    (-,-) 
  csa_tree_add_3739_54_groupi_g1607/CO  -       CI->CO R     ADDFX2         3 10.7   147   322    5434    (-,-) 
  csa_tree_add_3739_54_groupi_g1606/Y   -       B->Y   F     NAND2BX1       3 11.3   143   112    5545    (-,-) 
  csa_tree_add_3739_54_groupi_g1604/Y   -       B->Y   R     NOR4BX1        1  4.9   337   260    5805    (-,-) 
  csa_tree_add_3739_54_groupi_g1602/Y   -       B0->Y  F     AOI211X1       3 11.1   204   134    5939    (-,-) 
  csa_tree_add_3739_54_groupi_g1599/Y   -       A->Y   R     NOR2X1         3 13.4   327   234    6174    (-,-) 
  csa_tree_add_3739_54_groupi_g1594/Y   -       A0->Y  F     AOI31X1        3 11.1   209   175    6349    (-,-) 
  csa_tree_add_3739_54_groupi_g1590/Y   -       A->Y   R     NOR2X1         2  8.3   239   182    6530    (-,-) 
  csa_tree_add_3739_54_groupi_g1586/Y   -       A->Y   F     NOR2X1         2  6.8   118    86    6616    (-,-) 
  csa_tree_add_3739_54_groupi_g1582/Y   -       A1N->Y F     OAI2BB2X1      1  4.3   114   213    6829    (-,-) 
  g40424__1617/Y                        -       B0->Y  R     AOI22X1        1  2.6   315   190    7019    (-,-) 
  g40395/Y                              -       A->Y   F     INVXL          1  2.2    81    60    7079    (-,-) 
  s_reg_18_reg[17]/D                    -       -      F     DFFHQX2        1    -     -     0    7079    (-,-) 
#---------------------------------------------------------------------------------------------------------------



Path 24: MET (3620 ps) Setup Check with Pin s_reg_18_reg[15]/CK->D
          Group: C2C
     Startpoint: (R) gs_ctrl_proc_h40040000000000_reg/CK
          Clock: (R) clock
       Endpoint: (F) s_reg_18_reg[15]/D
          Clock: (R) clock

                     Capture       Launch     
        Clock Edge:+   11000            0     
       Src Latency:+       0            0     
       Net Latency:+       0 (I)        0 (I) 
           Arrival:=   11000            0     
                                              
             Setup:-     350                  
     Required Time:=   10650                  
      Launch Clock:-       0                  
         Data Path:-    7030                  
             Slack:=    3620                  

#---------------------------------------------------------------------------------------------------------------
#             Timing Point              Flags    Arc   Edge   Cell     Fanout Load Trans Delay Arrival Instance 
#                                                                             (fF)  (ps)  (ps)   (ps)  Location 
#---------------------------------------------------------------------------------------------------------------
  gs_ctrl_proc_h40040000000000_reg/CK   -       -      R     (arrival)    195    -     0     0       0    (-,-) 
  gs_ctrl_proc_h40040000000000_reg/Q    -       CK->Q  R     DFFRX1         5 22.9   318   802     802    (-,-) 
  g35383__2346/Y                        -       S0->Y  R     MX2X1         11 46.6   608   602    1404    (-,-) 
  csa_tree_mul_4306_112_g992/Y          -       A->Y   F     INVX1         10 45.1   359   333    1738    (-,-) 
  csa_tree_mul_4306_112_g943/Y          -       B->Y   R     MXI2X1         9 35.1   817   462    2199    (-,-) 
  csa_tree_mul_4306_112_g914/Y          -       B0->Y  F     OAI21XL        8 34.8   552   477    2676    (-,-) 
  csa_tree_mul_4306_112_g881/Y          -       A0->Y  R     OAI22X1        1  6.8   366   252    2928    (-,-) 
  csa_tree_mul_4306_112_cdnfadd_004_0/S -       B->S   F     ADDFX1         1  3.2   148   594    3521    (-,-) 
  g41390/Y                              -       A->Y   F     AND2X2         1  6.2    74   174    3696    (-,-) 
  csa_tree_add_3739_54_groupi_g1656/S   -       CI->S  F     ADDFX1         1  6.9   172   270    3965    (-,-) 
  csa_tree_add_3739_54_groupi_g1610/CO  -       A->CO  F     ADDFX1         1  6.2   142   485    4450    (-,-) 
  csa_tree_add_3739_54_groupi_g1609/CO  -       CI->CO F     ADDFX1         1  6.2   142   330    4780    (-,-) 
  csa_tree_add_3739_54_groupi_g1608/CO  -       CI->CO F     ADDFX1         1  6.2   142   330    5110    (-,-) 
  csa_tree_add_3739_54_groupi_g1607/CO  -       CI->CO F     ADDFX2         3 10.7   159   365    5475    (-,-) 
  csa_tree_add_3739_54_groupi_g1606/Y   -       B->Y   R     NAND2BX1       3 11.3   211   165    5640    (-,-) 
  csa_tree_add_3739_54_groupi_g1604/Y   -       B->Y   F     NOR4BX1        1  4.9   149   108    5748    (-,-) 
  csa_tree_add_3739_54_groupi_g1602/Y   -       B0->Y  R     AOI211X1       3 11.1   445   287    6035    (-,-) 
  csa_tree_add_3739_54_groupi_g1599/Y   -       A->Y   F     NOR2X1         3 13.4   168   146    6182    (-,-) 
  csa_tree_add_3739_54_groupi_g1593/Y   -       A0->Y  R     AOI21X1        3 10.2   302   231    6413    (-,-) 
  csa_tree_add_3739_54_groupi_g1587/Y   -       A0->Y  F     OAI21XL        2  6.8   174   140    6552    (-,-) 
  csa_tree_add_3739_54_groupi_g1583/Y   -       A1N->Y F     OAI2BB2X1      1  4.3   114   227    6780    (-,-) 
  g40422__6783/Y                        -       B0->Y  R     AOI22X1        1  2.6   315   190    6970    (-,-) 
  g40393/Y                              -       A->Y   F     INVXL          1  2.2    81    60    7030    (-,-) 
  s_reg_18_reg[15]/D                    -       -      F     DFFHQX2        1    -     -     0    7030    (-,-) 
#---------------------------------------------------------------------------------------------------------------



Path 25: MET (3814 ps) Setup Check with Pin s_reg_18_reg[16]/CK->D
          Group: C2C
     Startpoint: (R) gs_ctrl_proc_h40040000000000_reg/CK
          Clock: (R) clock
       Endpoint: (F) s_reg_18_reg[16]/D
          Clock: (R) clock

                     Capture       Launch     
        Clock Edge:+   11000            0     
       Src Latency:+       0            0     
       Net Latency:+       0 (I)        0 (I) 
           Arrival:=   11000            0     
                                              
             Setup:-     350                  
     Required Time:=   10650                  
      Launch Clock:-       0                  
         Data Path:-    6835                  
             Slack:=    3814                  

#---------------------------------------------------------------------------------------------------------------
#             Timing Point              Flags    Arc   Edge   Cell     Fanout Load Trans Delay Arrival Instance 
#                                                                             (fF)  (ps)  (ps)   (ps)  Location 
#---------------------------------------------------------------------------------------------------------------
  gs_ctrl_proc_h40040000000000_reg/CK   -       -      R     (arrival)    195    -     0     0       0    (-,-) 
  gs_ctrl_proc_h40040000000000_reg/Q    -       CK->Q  R     DFFRX1         5 22.9   318   802     802    (-,-) 
  g35383__2346/Y                        -       S0->Y  R     MX2X1         11 46.6   608   602    1404    (-,-) 
  csa_tree_mul_4306_112_g992/Y          -       A->Y   F     INVX1         10 45.1   359   333    1738    (-,-) 
  csa_tree_mul_4306_112_g943/Y          -       B->Y   R     MXI2X1         9 35.1   817   462    2199    (-,-) 
  csa_tree_mul_4306_112_g914/Y          -       B0->Y  F     OAI21XL        8 34.8   552   477    2676    (-,-) 
  csa_tree_mul_4306_112_g881/Y          -       A0->Y  R     OAI22X1        1  6.8   366   252    2928    (-,-) 
  csa_tree_mul_4306_112_cdnfadd_004_0/S -       B->S   F     ADDFX1         1  3.2   148   594    3521    (-,-) 
  g41390/Y                              -       A->Y   F     AND2X2         1  6.2    74   174    3696    (-,-) 
  csa_tree_add_3739_54_groupi_g1656/S   -       CI->S  R     ADDFX1         1  6.9   154   327    4023    (-,-) 
  csa_tree_add_3739_54_groupi_g1610/CO  -       A->CO  R     ADDFX1         1  6.2   180   504    4527    (-,-) 
  csa_tree_add_3739_54_groupi_g1609/CO  -       CI->CO R     ADDFX1         1  6.2   180   292    4819    (-,-) 
  csa_tree_add_3739_54_groupi_g1608/CO  -       CI->CO R     ADDFX1         1  6.2   180   292    5112    (-,-) 
  csa_tree_add_3739_54_groupi_g1607/CO  -       CI->CO R     ADDFX2         3 10.7   147   322    5434    (-,-) 
  csa_tree_add_3739_54_groupi_g1606/Y   -       B->Y   F     NAND2BX1       3 11.3   143   112    5545    (-,-) 
  csa_tree_add_3739_54_groupi_g1604/Y   -       B->Y   R     NOR4BX1        1  4.9   337   260    5805    (-,-) 
  csa_tree_add_3739_54_groupi_g1602/Y   -       B0->Y  F     AOI211X1       3 11.1   204   134    5939    (-,-) 
  csa_tree_add_3739_54_groupi_g1599/Y   -       A->Y   R     NOR2X1         3 13.4   327   234    6174    (-,-) 
  csa_tree_add_3739_54_groupi_g1594/Y   -       A0->Y  F     AOI31X1        3 11.1   209   175    6349    (-,-) 
  csa_tree_add_3739_54_groupi_g1588/Y   -       A1N->Y F     OAI2BB2X1      1  4.3   114   236    6585    (-,-) 
  g40423__3680/Y                        -       B0->Y  R     AOI22X1        1  2.6   315   190    6776    (-,-) 
  g40394/Y                              -       A->Y   F     INVXL          1  2.2    81    60    6835    (-,-) 
  s_reg_18_reg[16]/D                    -       -      F     DFFHQX2        1    -     -     0    6835    (-,-) 
#---------------------------------------------------------------------------------------------------------------



Path 26: MET (3845 ps) Setup Check with Pin s_reg_18_reg[14]/CK->D
          Group: C2C
     Startpoint: (R) gs_ctrl_proc_h40040000000000_reg/CK
          Clock: (R) clock
       Endpoint: (F) s_reg_18_reg[14]/D
          Clock: (R) clock

                     Capture       Launch     
        Clock Edge:+   11000            0     
       Src Latency:+       0            0     
       Net Latency:+       0 (I)        0 (I) 
           Arrival:=   11000            0     
                                              
             Setup:-     350                  
     Required Time:=   10650                  
      Launch Clock:-       0                  
         Data Path:-    6805                  
             Slack:=    3845                  

#---------------------------------------------------------------------------------------------------------------
#             Timing Point              Flags    Arc   Edge   Cell     Fanout Load Trans Delay Arrival Instance 
#                                                                             (fF)  (ps)  (ps)   (ps)  Location 
#---------------------------------------------------------------------------------------------------------------
  gs_ctrl_proc_h40040000000000_reg/CK   -       -      R     (arrival)    195    -     0     0       0    (-,-) 
  gs_ctrl_proc_h40040000000000_reg/Q    -       CK->Q  R     DFFRX1         5 22.9   318   802     802    (-,-) 
  g35383__2346/Y                        -       S0->Y  R     MX2X1         11 46.6   608   602    1404    (-,-) 
  csa_tree_mul_4306_112_g992/Y          -       A->Y   F     INVX1         10 45.1   359   333    1738    (-,-) 
  csa_tree_mul_4306_112_g943/Y          -       B->Y   R     MXI2X1         9 35.1   817   462    2199    (-,-) 
  csa_tree_mul_4306_112_g914/Y          -       B0->Y  F     OAI21XL        8 34.8   552   477    2676    (-,-) 
  csa_tree_mul_4306_112_g881/Y          -       A0->Y  R     OAI22X1        1  6.8   366   252    2928    (-,-) 
  csa_tree_mul_4306_112_cdnfadd_004_0/S -       B->S   F     ADDFX1         1  3.2   148   594    3521    (-,-) 
  g41390/Y                              -       A->Y   F     AND2X2         1  6.2    74   174    3696    (-,-) 
  csa_tree_add_3739_54_groupi_g1656/S   -       CI->S  R     ADDFX1         1  6.9   154   327    4023    (-,-) 
  csa_tree_add_3739_54_groupi_g1610/CO  -       A->CO  R     ADDFX1         1  6.2   180   504    4527    (-,-) 
  csa_tree_add_3739_54_groupi_g1609/CO  -       CI->CO R     ADDFX1         1  6.2   180   292    4819    (-,-) 
  csa_tree_add_3739_54_groupi_g1608/CO  -       CI->CO R     ADDFX1         1  6.2   180   292    5112    (-,-) 
  csa_tree_add_3739_54_groupi_g1607/CO  -       CI->CO R     ADDFX2         3 10.7   147   322    5434    (-,-) 
  csa_tree_add_3739_54_groupi_g1606/Y   -       B->Y   F     NAND2BX1       3 11.3   143   112    5545    (-,-) 
  csa_tree_add_3739_54_groupi_g1604/Y   -       B->Y   R     NOR4BX1        1  4.9   337   260    5805    (-,-) 
  csa_tree_add_3739_54_groupi_g1602/Y   -       B0->Y  F     AOI211X1       3 11.1   204   134    5939    (-,-) 
  csa_tree_add_3739_54_groupi_g1599/Y   -       A->Y   R     NOR2X1         3 13.4   327   234    6174    (-,-) 
  csa_tree_add_3739_54_groupi_g1593/Y   -       A0->Y  F     AOI21X1        3 10.2   174   154    6327    (-,-) 
  csa_tree_add_3739_54_groupi_g1589/Y   -       A1N->Y F     OAI2BB2X1      1  4.3   114   227    6554    (-,-) 
  g40421__5526/Y                        -       B0->Y  R     AOI22X1        1  2.6   315   190    6745    (-,-) 
  g40392/Y                              -       A->Y   F     INVXL          1  2.2    81    60    6805    (-,-) 
  s_reg_18_reg[14]/D                    -       -      F     DFFHQX2        1    -     -     0    6805    (-,-) 
#---------------------------------------------------------------------------------------------------------------



Path 27: MET (3901 ps) Setup Check with Pin s_reg_18_reg[13]/CK->D
          Group: C2C
     Startpoint: (R) gs_ctrl_proc_h40040000000000_reg/CK
          Clock: (R) clock
       Endpoint: (F) s_reg_18_reg[13]/D
          Clock: (R) clock

                     Capture       Launch     
        Clock Edge:+   11000            0     
       Src Latency:+       0            0     
       Net Latency:+       0 (I)        0 (I) 
           Arrival:=   11000            0     
                                              
             Setup:-     350                  
     Required Time:=   10650                  
      Launch Clock:-       0                  
         Data Path:-    6749                  
             Slack:=    3901                  

#---------------------------------------------------------------------------------------------------------------
#             Timing Point              Flags    Arc   Edge   Cell     Fanout Load Trans Delay Arrival Instance 
#                                                                             (fF)  (ps)  (ps)   (ps)  Location 
#---------------------------------------------------------------------------------------------------------------
  gs_ctrl_proc_h40040000000000_reg/CK   -       -      R     (arrival)    195    -     0     0       0    (-,-) 
  gs_ctrl_proc_h40040000000000_reg/Q    -       CK->Q  R     DFFRX1         5 22.9   318   802     802    (-,-) 
  g35383__2346/Y                        -       S0->Y  R     MX2X1         11 46.6   608   602    1404    (-,-) 
  csa_tree_mul_4306_112_g992/Y          -       A->Y   F     INVX1         10 45.1   359   333    1738    (-,-) 
  csa_tree_mul_4306_112_g943/Y          -       B->Y   R     MXI2X1         9 35.1   817   462    2199    (-,-) 
  csa_tree_mul_4306_112_g914/Y          -       B0->Y  F     OAI21XL        8 34.8   552   477    2676    (-,-) 
  csa_tree_mul_4306_112_g881/Y          -       A0->Y  R     OAI22X1        1  6.8   366   252    2928    (-,-) 
  csa_tree_mul_4306_112_cdnfadd_004_0/S -       B->S   F     ADDFX1         1  3.2   148   594    3521    (-,-) 
  g41390/Y                              -       A->Y   F     AND2X2         1  6.2    74   174    3696    (-,-) 
  csa_tree_add_3739_54_groupi_g1656/S   -       CI->S  R     ADDFX1         1  6.9   154   327    4023    (-,-) 
  csa_tree_add_3739_54_groupi_g1610/CO  -       A->CO  R     ADDFX1         1  6.2   180   504    4527    (-,-) 
  csa_tree_add_3739_54_groupi_g1609/CO  -       CI->CO R     ADDFX1         1  6.2   180   292    4819    (-,-) 
  csa_tree_add_3739_54_groupi_g1608/CO  -       CI->CO R     ADDFX1         1  6.2   180   292    5112    (-,-) 
  csa_tree_add_3739_54_groupi_g1607/CO  -       CI->CO R     ADDFX2         3 10.7   147   322    5434    (-,-) 
  csa_tree_add_3739_54_groupi_g1606/Y   -       B->Y   F     NAND2BX1       3 11.3   143   112    5545    (-,-) 
  csa_tree_add_3739_54_groupi_g1604/Y   -       B->Y   R     NOR4BX1        1  4.9   337   260    5805    (-,-) 
  csa_tree_add_3739_54_groupi_g1602/Y   -       B0->Y  F     AOI211X1       3 11.1   204   134    5939    (-,-) 
  csa_tree_add_3739_54_groupi_g1599/Y   -       A->Y   R     NOR2X1         3 13.4   327   234    6174    (-,-) 
  csa_tree_add_3739_54_groupi_g1595/Y   -       B->Y   F     NOR2BX1        2  6.8   122   112    6285    (-,-) 
  csa_tree_add_3739_54_groupi_g1591/Y   -       A1N->Y F     OAI2BB2X1      1  4.3   114   214    6499    (-,-) 
  g40420__8428/Y                        -       B0->Y  R     AOI22X1        1  2.6   315   190    6689    (-,-) 
  g40391/Y                              -       A->Y   F     INVXL          1  2.2    81    60    6749    (-,-) 
  s_reg_18_reg[13]/D                    -       -      F     DFFHQX2        1    -     -     0    6749    (-,-) 
#---------------------------------------------------------------------------------------------------------------



Path 28: MET (4127 ps) Setup Check with Pin s_reg_18_reg[11]/CK->D
          Group: C2C
     Startpoint: (R) gs_ctrl_proc_h40040000000000_reg/CK
          Clock: (R) clock
       Endpoint: (F) s_reg_18_reg[11]/D
          Clock: (R) clock

                     Capture       Launch     
        Clock Edge:+   11000            0     
       Src Latency:+       0            0     
       Net Latency:+       0 (I)        0 (I) 
           Arrival:=   11000            0     
                                              
             Setup:-     350                  
     Required Time:=   10650                  
      Launch Clock:-       0                  
         Data Path:-    6522                  
             Slack:=    4127                  

#---------------------------------------------------------------------------------------------------------------
#             Timing Point              Flags    Arc   Edge   Cell     Fanout Load Trans Delay Arrival Instance 
#                                                                             (fF)  (ps)  (ps)   (ps)  Location 
#---------------------------------------------------------------------------------------------------------------
  gs_ctrl_proc_h40040000000000_reg/CK   -       -      R     (arrival)    195    -     0     0       0    (-,-) 
  gs_ctrl_proc_h40040000000000_reg/Q    -       CK->Q  R     DFFRX1         5 22.9   318   802     802    (-,-) 
  g35383__2346/Y                        -       S0->Y  R     MX2X1         11 46.6   608   602    1404    (-,-) 
  csa_tree_mul_4306_112_g992/Y          -       A->Y   F     INVX1         10 45.1   359   333    1738    (-,-) 
  csa_tree_mul_4306_112_g943/Y          -       B->Y   R     MXI2X1         9 35.1   817   462    2199    (-,-) 
  csa_tree_mul_4306_112_g914/Y          -       B0->Y  F     OAI21XL        8 34.8   552   477    2676    (-,-) 
  csa_tree_mul_4306_112_g881/Y          -       A0->Y  R     OAI22X1        1  6.8   366   252    2928    (-,-) 
  csa_tree_mul_4306_112_cdnfadd_004_0/S -       B->S   F     ADDFX1         1  3.2   148   594    3521    (-,-) 
  g41390/Y                              -       A->Y   F     AND2X2         1  6.2    74   174    3696    (-,-) 
  csa_tree_add_3739_54_groupi_g1656/S   -       CI->S  F     ADDFX1         1  6.9   172   270    3965    (-,-) 
  csa_tree_add_3739_54_groupi_g1610/CO  -       A->CO  F     ADDFX1         1  6.2   142   485    4450    (-,-) 
  csa_tree_add_3739_54_groupi_g1609/CO  -       CI->CO F     ADDFX1         1  6.2   142   330    4780    (-,-) 
  csa_tree_add_3739_54_groupi_g1608/CO  -       CI->CO F     ADDFX1         1  6.2   142   330    5110    (-,-) 
  csa_tree_add_3739_54_groupi_g1607/CO  -       CI->CO F     ADDFX2         3 10.7   159   365    5475    (-,-) 
  csa_tree_add_3739_54_groupi_g1606/Y   -       B->Y   R     NAND2BX1       3 11.3   211   165    5640    (-,-) 
  csa_tree_add_3739_54_groupi_g1601/Y   -       A0N->Y R     AOI2BB1X1      3 10.2   274   268    5908    (-,-) 
  csa_tree_add_3739_54_groupi_g1596/Y   -       A0->Y  F     OAI21XL        2  6.8   174   137    6045    (-,-) 
  csa_tree_add_3739_54_groupi_g1592/Y   -       A1N->Y F     OAI2BB2X1      1  4.3   114   227    6272    (-,-) 
  g40418__6260/Y                        -       B0->Y  R     AOI22X1        1  2.6   315   190    6463    (-,-) 
  g40389/Y                              -       A->Y   F     INVXL          1  2.2    81    60    6522    (-,-) 
  s_reg_18_reg[11]/D                    -       -      F     DFFHQX2        1    -     -     0    6522    (-,-) 
#---------------------------------------------------------------------------------------------------------------



Path 29: MET (4225 ps) Setup Check with Pin s_reg_18_reg[12]/CK->D
          Group: C2C
     Startpoint: (R) gs_ctrl_proc_h40040000000000_reg/CK
          Clock: (R) clock
       Endpoint: (F) s_reg_18_reg[12]/D
          Clock: (R) clock

                     Capture       Launch     
        Clock Edge:+   11000            0     
       Src Latency:+       0            0     
       Net Latency:+       0 (I)        0 (I) 
           Arrival:=   11000            0     
                                              
             Setup:-     350                  
     Required Time:=   10650                  
      Launch Clock:-       0                  
         Data Path:-    6425                  
             Slack:=    4225                  

#---------------------------------------------------------------------------------------------------------------
#             Timing Point              Flags    Arc   Edge   Cell     Fanout Load Trans Delay Arrival Instance 
#                                                                             (fF)  (ps)  (ps)   (ps)  Location 
#---------------------------------------------------------------------------------------------------------------
  gs_ctrl_proc_h40040000000000_reg/CK   -       -      R     (arrival)    195    -     0     0       0    (-,-) 
  gs_ctrl_proc_h40040000000000_reg/Q    -       CK->Q  R     DFFRX1         5 22.9   318   802     802    (-,-) 
  g35383__2346/Y                        -       S0->Y  R     MX2X1         11 46.6   608   602    1404    (-,-) 
  csa_tree_mul_4306_112_g992/Y          -       A->Y   F     INVX1         10 45.1   359   333    1738    (-,-) 
  csa_tree_mul_4306_112_g943/Y          -       B->Y   R     MXI2X1         9 35.1   817   462    2199    (-,-) 
  csa_tree_mul_4306_112_g914/Y          -       B0->Y  F     OAI21XL        8 34.8   552   477    2676    (-,-) 
  csa_tree_mul_4306_112_g881/Y          -       A0->Y  R     OAI22X1        1  6.8   366   252    2928    (-,-) 
  csa_tree_mul_4306_112_cdnfadd_004_0/S -       B->S   F     ADDFX1         1  3.2   148   594    3521    (-,-) 
  g41390/Y                              -       A->Y   F     AND2X2         1  6.2    74   174    3696    (-,-) 
  csa_tree_add_3739_54_groupi_g1656/S   -       CI->S  R     ADDFX1         1  6.9   154   327    4023    (-,-) 
  csa_tree_add_3739_54_groupi_g1610/CO  -       A->CO  R     ADDFX1         1  6.2   180   504    4527    (-,-) 
  csa_tree_add_3739_54_groupi_g1609/CO  -       CI->CO R     ADDFX1         1  6.2   180   292    4819    (-,-) 
  csa_tree_add_3739_54_groupi_g1608/CO  -       CI->CO R     ADDFX1         1  6.2   180   292    5112    (-,-) 
  csa_tree_add_3739_54_groupi_g1607/CO  -       CI->CO R     ADDFX2         3 10.7   147   322    5434    (-,-) 
  csa_tree_add_3739_54_groupi_g1606/Y   -       B->Y   F     NAND2BX1       3 11.3   143   112    5545    (-,-) 
  csa_tree_add_3739_54_groupi_g1604/Y   -       B->Y   R     NOR4BX1        1  4.9   337   260    5805    (-,-) 
  csa_tree_add_3739_54_groupi_g1602/Y   -       B0->Y  F     AOI211X1       3 11.1   204   134    5939    (-,-) 
  csa_tree_add_3739_54_groupi_g1597/Y   -       A1N->Y F     OAI2BB2X1      1  4.3   118   235    6174    (-,-) 
  g40419__4319/Y                        -       B0->Y  R     AOI22X1        1  2.6   315   191    6365    (-,-) 
  g40390/Y                              -       A->Y   F     INVXL          1  2.2    81    60    6425    (-,-) 
  s_reg_18_reg[12]/D                    -       -      F     DFFHQX2        1    -     -     0    6425    (-,-) 
#---------------------------------------------------------------------------------------------------------------



Path 30: MET (4320 ps) Setup Check with Pin s_reg_18_reg[10]/CK->D
          Group: C2C
     Startpoint: (R) gs_ctrl_proc_h40040000000000_reg/CK
          Clock: (R) clock
       Endpoint: (F) s_reg_18_reg[10]/D
          Clock: (R) clock

                     Capture       Launch     
        Clock Edge:+   11000            0     
       Src Latency:+       0            0     
       Net Latency:+       0 (I)        0 (I) 
           Arrival:=   11000            0     
                                              
             Setup:-     350                  
     Required Time:=   10650                  
      Launch Clock:-       0                  
         Data Path:-    6329                  
             Slack:=    4320                  

#---------------------------------------------------------------------------------------------------------------
#             Timing Point              Flags    Arc   Edge   Cell     Fanout Load Trans Delay Arrival Instance 
#                                                                             (fF)  (ps)  (ps)   (ps)  Location 
#---------------------------------------------------------------------------------------------------------------
  gs_ctrl_proc_h40040000000000_reg/CK   -       -      R     (arrival)    195    -     0     0       0    (-,-) 
  gs_ctrl_proc_h40040000000000_reg/Q    -       CK->Q  R     DFFRX1         5 22.9   318   802     802    (-,-) 
  g35383__2346/Y                        -       S0->Y  R     MX2X1         11 46.6   608   602    1404    (-,-) 
  csa_tree_mul_4306_112_g992/Y          -       A->Y   F     INVX1         10 45.1   359   333    1738    (-,-) 
  csa_tree_mul_4306_112_g943/Y          -       B->Y   R     MXI2X1         9 35.1   817   462    2199    (-,-) 
  csa_tree_mul_4306_112_g914/Y          -       B0->Y  F     OAI21XL        8 34.8   552   477    2676    (-,-) 
  csa_tree_mul_4306_112_g881/Y          -       A0->Y  R     OAI22X1        1  6.8   366   252    2928    (-,-) 
  csa_tree_mul_4306_112_cdnfadd_004_0/S -       B->S   F     ADDFX1         1  3.2   148   594    3521    (-,-) 
  g41390/Y                              -       A->Y   F     AND2X2         1  6.2    74   174    3696    (-,-) 
  csa_tree_add_3739_54_groupi_g1656/S   -       CI->S  R     ADDFX1         1  6.9   154   327    4023    (-,-) 
  csa_tree_add_3739_54_groupi_g1610/CO  -       A->CO  R     ADDFX1         1  6.2   180   504    4527    (-,-) 
  csa_tree_add_3739_54_groupi_g1609/CO  -       CI->CO R     ADDFX1         1  6.2   180   292    4819    (-,-) 
  csa_tree_add_3739_54_groupi_g1608/CO  -       CI->CO R     ADDFX1         1  6.2   180   292    5112    (-,-) 
  csa_tree_add_3739_54_groupi_g1607/CO  -       CI->CO R     ADDFX2         3 10.7   147   322    5434    (-,-) 
  csa_tree_add_3739_54_groupi_g1606/Y   -       B->Y   F     NAND2BX1       3 11.3   143   112    5545    (-,-) 
  csa_tree_add_3739_54_groupi_g1601/Y   -       A0N->Y F     AOI2BB1X1      3 10.2   148   313    5859    (-,-) 
  csa_tree_add_3739_54_groupi_g1598/Y   -       A1N->Y F     OAI2BB2X1      1  4.3   114   220    6079    (-,-) 
  g40417__5107/Y                        -       B0->Y  R     AOI22X1        1  2.6   315   190    6270    (-,-) 
  g40388/Y                              -       A->Y   F     INVXL          1  2.2    81    60    6329    (-,-) 
  s_reg_18_reg[10]/D                    -       -      F     DFFHQX2        1    -     -     0    6329    (-,-) 
#---------------------------------------------------------------------------------------------------------------



Path 31: MET (4458 ps) Setup Check with Pin s_reg_18_reg[9]/CK->D
          Group: C2C
     Startpoint: (R) gs_ctrl_proc_h40040000000000_reg/CK
          Clock: (R) clock
       Endpoint: (F) s_reg_18_reg[9]/D
          Clock: (R) clock

                     Capture       Launch     
        Clock Edge:+   11000            0     
       Src Latency:+       0            0     
       Net Latency:+       0 (I)        0 (I) 
           Arrival:=   11000            0     
                                              
             Setup:-     350                  
     Required Time:=   10650                  
      Launch Clock:-       0                  
         Data Path:-    6192                  
             Slack:=    4458                  

#---------------------------------------------------------------------------------------------------------------
#             Timing Point              Flags    Arc   Edge   Cell     Fanout Load Trans Delay Arrival Instance 
#                                                                             (fF)  (ps)  (ps)   (ps)  Location 
#---------------------------------------------------------------------------------------------------------------
  gs_ctrl_proc_h40040000000000_reg/CK   -       -      R     (arrival)    195    -     0     0       0    (-,-) 
  gs_ctrl_proc_h40040000000000_reg/Q    -       CK->Q  R     DFFRX1         5 22.9   318   802     802    (-,-) 
  g35383__2346/Y                        -       S0->Y  R     MX2X1         11 46.6   608   602    1404    (-,-) 
  csa_tree_mul_4306_112_g992/Y          -       A->Y   F     INVX1         10 45.1   359   333    1738    (-,-) 
  csa_tree_mul_4306_112_g943/Y          -       B->Y   R     MXI2X1         9 35.1   817   462    2199    (-,-) 
  csa_tree_mul_4306_112_g914/Y          -       B0->Y  F     OAI21XL        8 34.8   552   477    2676    (-,-) 
  csa_tree_mul_4306_112_g881/Y          -       A0->Y  R     OAI22X1        1  6.8   366   252    2928    (-,-) 
  csa_tree_mul_4306_112_cdnfadd_004_0/S -       B->S   F     ADDFX1         1  3.2   148   594    3521    (-,-) 
  g41390/Y                              -       A->Y   F     AND2X2         1  6.2    74   174    3696    (-,-) 
  csa_tree_add_3739_54_groupi_g1656/S   -       CI->S  F     ADDFX1         1  6.9   172   270    3965    (-,-) 
  csa_tree_add_3739_54_groupi_g1610/CO  -       A->CO  F     ADDFX1         1  6.2   142   485    4450    (-,-) 
  csa_tree_add_3739_54_groupi_g1609/CO  -       CI->CO F     ADDFX1         1  6.2   142   330    4780    (-,-) 
  csa_tree_add_3739_54_groupi_g1608/CO  -       CI->CO F     ADDFX1         1  6.2   142   330    5110    (-,-) 
  csa_tree_add_3739_54_groupi_g1607/CO  -       CI->CO F     ADDFX2         3 10.7   159   365    5475    (-,-) 
  csa_tree_add_3739_54_groupi_g1606/Y   -       B->Y   R     NAND2BX1       3 11.3   211   165    5640    (-,-) 
  csa_tree_add_3739_54_groupi_g1603/Y   -       A->Y   F     NAND2X1        2  6.8   112    91    5731    (-,-) 
  csa_tree_add_3739_54_groupi_g1600/Y   -       A1N->Y F     OAI2BB2X1      1  4.3   114   211    5942    (-,-) 
  g40416__2398/Y                        -       B0->Y  R     AOI22X1        1  2.6   315   190    6132    (-,-) 
  g40387/Y                              -       A->Y   F     INVXL          1  2.2    81    60    6192    (-,-) 
  s_reg_18_reg[9]/D                     -       -      F     DFFHQX2        1    -     -     0    6192    (-,-) 
#---------------------------------------------------------------------------------------------------------------



Path 32: MET (4701 ps) Setup Check with Pin s_reg_18_reg[8]/CK->D
          Group: C2C
     Startpoint: (R) gs_ctrl_proc_h40040000000000_reg/CK
          Clock: (R) clock
       Endpoint: (F) s_reg_18_reg[8]/D
          Clock: (R) clock

                     Capture       Launch     
        Clock Edge:+   11000            0     
       Src Latency:+       0            0     
       Net Latency:+       0 (I)        0 (I) 
           Arrival:=   11000            0     
                                              
             Setup:-     350                  
     Required Time:=   10650                  
      Launch Clock:-       0                  
         Data Path:-    5949                  
             Slack:=    4701                  

#---------------------------------------------------------------------------------------------------------------
#             Timing Point              Flags    Arc   Edge   Cell     Fanout Load Trans Delay Arrival Instance 
#                                                                             (fF)  (ps)  (ps)   (ps)  Location 
#---------------------------------------------------------------------------------------------------------------
  gs_ctrl_proc_h40040000000000_reg/CK   -       -      R     (arrival)    195    -     0     0       0    (-,-) 
  gs_ctrl_proc_h40040000000000_reg/Q    -       CK->Q  R     DFFRX1         5 22.9   318   802     802    (-,-) 
  g35383__2346/Y                        -       S0->Y  R     MX2X1         11 46.6   608   602    1404    (-,-) 
  csa_tree_mul_4306_112_g992/Y          -       A->Y   F     INVX1         10 45.1   359   333    1738    (-,-) 
  csa_tree_mul_4306_112_g943/Y          -       B->Y   R     MXI2X1         9 35.1   817   462    2199    (-,-) 
  csa_tree_mul_4306_112_g914/Y          -       B0->Y  F     OAI21XL        8 34.8   552   477    2676    (-,-) 
  csa_tree_mul_4306_112_g881/Y          -       A0->Y  R     OAI22X1        1  6.8   366   252    2928    (-,-) 
  csa_tree_mul_4306_112_cdnfadd_004_0/S -       B->S   F     ADDFX1         1  3.2   148   594    3521    (-,-) 
  g41390/Y                              -       A->Y   F     AND2X2         1  6.2    74   174    3696    (-,-) 
  csa_tree_add_3739_54_groupi_g1656/S   -       CI->S  F     ADDFX1         1  6.9   172   270    3965    (-,-) 
  csa_tree_add_3739_54_groupi_g1610/CO  -       A->CO  F     ADDFX1         1  6.2   142   485    4450    (-,-) 
  csa_tree_add_3739_54_groupi_g1609/CO  -       CI->CO F     ADDFX1         1  6.2   142   330    4780    (-,-) 
  csa_tree_add_3739_54_groupi_g1608/CO  -       CI->CO F     ADDFX1         1  6.2   142   330    5110    (-,-) 
  csa_tree_add_3739_54_groupi_g1607/CO  -       CI->CO F     ADDFX2         3 10.7   159   365    5475    (-,-) 
  csa_tree_add_3739_54_groupi_g1605/Y   -       A1N->Y F     OAI2BB2X1      1  4.3   114   223    5699    (-,-) 
  g40415__5477/Y                        -       B0->Y  R     AOI22X1        1  2.6   315   190    5889    (-,-) 
  g40386/Y                              -       A->Y   F     INVXL          1  2.2    81    60    5949    (-,-) 
  s_reg_18_reg[8]/D                     -       -      F     DFFHQX2        1    -     -     0    5949    (-,-) 
#---------------------------------------------------------------------------------------------------------------



Path 33: MET (4978 ps) Setup Check with Pin s_reg_18_reg[7]/CK->D
          Group: C2C
     Startpoint: (R) gs_ctrl_proc_h40040000000000_reg/CK
          Clock: (R) clock
       Endpoint: (F) s_reg_18_reg[7]/D
          Clock: (R) clock

                     Capture       Launch     
        Clock Edge:+   11000            0     
       Src Latency:+       0            0     
       Net Latency:+       0 (I)        0 (I) 
           Arrival:=   11000            0     
                                              
             Setup:-     350                  
     Required Time:=   10650                  
      Launch Clock:-       0                  
         Data Path:-    5671                  
             Slack:=    4978                  

#---------------------------------------------------------------------------------------------------------------
#             Timing Point              Flags    Arc   Edge   Cell     Fanout Load Trans Delay Arrival Instance 
#                                                                             (fF)  (ps)  (ps)   (ps)  Location 
#---------------------------------------------------------------------------------------------------------------
  gs_ctrl_proc_h40040000000000_reg/CK   -       -      R     (arrival)    195    -     0     0       0    (-,-) 
  gs_ctrl_proc_h40040000000000_reg/Q    -       CK->Q  R     DFFRX1         5 22.9   318   802     802    (-,-) 
  g35383__2346/Y                        -       S0->Y  R     MX2X1         11 46.6   608   602    1404    (-,-) 
  csa_tree_mul_4306_112_g992/Y          -       A->Y   F     INVX1         10 45.1   359   333    1738    (-,-) 
  csa_tree_mul_4306_112_g943/Y          -       B->Y   R     MXI2X1         9 35.1   817   462    2199    (-,-) 
  csa_tree_mul_4306_112_g914/Y          -       B0->Y  F     OAI21XL        8 34.8   552   477    2676    (-,-) 
  csa_tree_mul_4306_112_g881/Y          -       A0->Y  R     OAI22X1        1  6.8   366   252    2928    (-,-) 
  csa_tree_mul_4306_112_cdnfadd_004_0/S -       B->S   F     ADDFX1         1  3.2   148   594    3521    (-,-) 
  g41390/Y                              -       A->Y   F     AND2X2         1  6.2    74   174    3696    (-,-) 
  csa_tree_add_3739_54_groupi_g1656/S   -       CI->S  R     ADDFX1         1  6.9   154   327    4023    (-,-) 
  csa_tree_add_3739_54_groupi_g1610/CO  -       A->CO  R     ADDFX1         1  6.2   180   504    4527    (-,-) 
  csa_tree_add_3739_54_groupi_g1609/CO  -       CI->CO R     ADDFX1         1  6.2   180   292    4819    (-,-) 
  csa_tree_add_3739_54_groupi_g1608/CO  -       CI->CO R     ADDFX1         1  6.2   180   292    5112    (-,-) 
  csa_tree_add_3739_54_groupi_g1607/S   -       CI->S  F     ADDFX2         1  4.3   144   303    5414    (-,-) 
  g40414__6417/Y                        -       B0->Y  R     AOI22X1        1  2.6   315   197    5612    (-,-) 
  g40385/Y                              -       A->Y   F     INVXL          1  2.2    81    60    5671    (-,-) 
  s_reg_18_reg[7]/D                     -       -      F     DFFHQX2        1    -     -     0    5671    (-,-) 
#---------------------------------------------------------------------------------------------------------------



Path 34: MET (5292 ps) Setup Check with Pin s_reg_18_reg[6]/CK->D
          Group: C2C
     Startpoint: (R) gs_ctrl_proc_h40040000000000_reg/CK
          Clock: (R) clock
       Endpoint: (F) s_reg_18_reg[6]/D
          Clock: (R) clock

                     Capture       Launch     
        Clock Edge:+   11000            0     
       Src Latency:+       0            0     
       Net Latency:+       0 (I)        0 (I) 
           Arrival:=   11000            0     
                                              
             Setup:-     350                  
     Required Time:=   10650                  
      Launch Clock:-       0                  
         Data Path:-    5358                  
             Slack:=    5292                  

#---------------------------------------------------------------------------------------------------------------
#             Timing Point              Flags    Arc   Edge   Cell     Fanout Load Trans Delay Arrival Instance 
#                                                                             (fF)  (ps)  (ps)   (ps)  Location 
#---------------------------------------------------------------------------------------------------------------
  gs_ctrl_proc_h40040000000000_reg/CK   -       -      R     (arrival)    195    -     0     0       0    (-,-) 
  gs_ctrl_proc_h40040000000000_reg/Q    -       CK->Q  R     DFFRX1         5 22.9   318   802     802    (-,-) 
  g35383__2346/Y                        -       S0->Y  R     MX2X1         11 46.6   608   602    1404    (-,-) 
  csa_tree_mul_4306_112_g992/Y          -       A->Y   F     INVX1         10 45.1   359   333    1738    (-,-) 
  csa_tree_mul_4306_112_g943/Y          -       B->Y   R     MXI2X1         9 35.1   817   462    2199    (-,-) 
  csa_tree_mul_4306_112_g914/Y          -       B0->Y  F     OAI21XL        8 34.8   552   477    2676    (-,-) 
  csa_tree_mul_4306_112_g881/Y          -       A0->Y  R     OAI22X1        1  6.8   366   252    2928    (-,-) 
  csa_tree_mul_4306_112_cdnfadd_004_0/S -       B->S   F     ADDFX1         1  3.2   148   594    3521    (-,-) 
  g41390/Y                              -       A->Y   F     AND2X2         1  6.2    74   174    3696    (-,-) 
  csa_tree_add_3739_54_groupi_g1656/S   -       CI->S  R     ADDFX1         1  6.9   154   327    4023    (-,-) 
  csa_tree_add_3739_54_groupi_g1610/CO  -       A->CO  R     ADDFX1         1  6.2   180   504    4527    (-,-) 
  csa_tree_add_3739_54_groupi_g1609/CO  -       CI->CO R     ADDFX1         1  6.2   180   292    4819    (-,-) 
  csa_tree_add_3739_54_groupi_g1608/S   -       CI->S  F     ADDFX1         1  4.3   153   280    5099    (-,-) 
  g40413__7410/Y                        -       B0->Y  R     AOI22X1        1  2.6   315   199    5298    (-,-) 
  g40384/Y                              -       A->Y   F     INVXL          1  2.2    81    60    5358    (-,-) 
  s_reg_18_reg[6]/D                     -       -      F     DFFHQX2        1    -     -     0    5358    (-,-) 
#---------------------------------------------------------------------------------------------------------------



Path 35: MET (5584 ps) Setup Check with Pin s_reg_18_reg[5]/CK->D
          Group: C2C
     Startpoint: (R) gs_ctrl_proc_h40040000000000_reg/CK
          Clock: (R) clock
       Endpoint: (F) s_reg_18_reg[5]/D
          Clock: (R) clock

                     Capture       Launch     
        Clock Edge:+   11000            0     
       Src Latency:+       0            0     
       Net Latency:+       0 (I)        0 (I) 
           Arrival:=   11000            0     
                                              
             Setup:-     350                  
     Required Time:=   10650                  
      Launch Clock:-       0                  
         Data Path:-    5066                  
             Slack:=    5584                  

#--------------------------------------------------------------------------------------------------------------
#             Timing Point              Flags   Arc   Edge   Cell     Fanout Load Trans Delay Arrival Instance 
#                                                                            (fF)  (ps)  (ps)   (ps)  Location 
#--------------------------------------------------------------------------------------------------------------
  gs_ctrl_proc_h40040000000000_reg/CK   -       -     R     (arrival)    195    -     0     0       0    (-,-) 
  gs_ctrl_proc_h40040000000000_reg/Q    -       CK->Q R     DFFRX1         5 22.9   318   802     802    (-,-) 
  g35383__2346/Y                        -       S0->Y R     MX2X1         11 46.6   608   602    1404    (-,-) 
  csa_tree_mul_4306_112_g992/Y          -       A->Y  F     INVX1         10 45.1   359   333    1738    (-,-) 
  csa_tree_mul_4306_112_g943/Y          -       B->Y  R     MXI2X1         9 35.1   817   462    2199    (-,-) 
  csa_tree_mul_4306_112_g914/Y          -       B0->Y F     OAI21XL        8 34.8   552   477    2676    (-,-) 
  csa_tree_mul_4306_112_g881/Y          -       A0->Y R     OAI22X1        1  6.8   366   252    2928    (-,-) 
  csa_tree_mul_4306_112_cdnfadd_004_0/S -       B->S  F     ADDFX1         1  3.2   148   594    3521    (-,-) 
  g41390/Y                              -       A->Y  F     AND2X2         1  6.2    74   174    3696    (-,-) 
  csa_tree_add_3739_54_groupi_g1656/S   -       CI->S R     ADDFX1         1  6.9   154   327    4023    (-,-) 
  csa_tree_add_3739_54_groupi_g1610/CO  -       A->CO R     ADDFX1         1  6.2   180   504    4527    (-,-) 
  csa_tree_add_3739_54_groupi_g1609/S   -       CI->S F     ADDFX1         1  4.3   153   280    4807    (-,-) 
  g40412__1666/Y                        -       B0->Y R     AOI22X1        1  2.6   315   199    5006    (-,-) 
  g40383/Y                              -       A->Y  F     INVXL          1  2.2    81    60    5066    (-,-) 
  s_reg_18_reg[5]/D                     -       -     F     DFFHQX2        1    -     -     0    5066    (-,-) 
#--------------------------------------------------------------------------------------------------------------



Path 36: MET (5872 ps) Setup Check with Pin s_reg_18_reg[4]/CK->D
          Group: C2C
     Startpoint: (R) gs_ctrl_proc_h40040000000000_reg/CK
          Clock: (R) clock
       Endpoint: (F) s_reg_18_reg[4]/D
          Clock: (R) clock

                     Capture       Launch     
        Clock Edge:+   11000            0     
       Src Latency:+       0            0     
       Net Latency:+       0 (I)        0 (I) 
           Arrival:=   11000            0     
                                              
             Setup:-     350                  
     Required Time:=   10650                  
      Launch Clock:-       0                  
         Data Path:-    4778                  
             Slack:=    5872                  

#--------------------------------------------------------------------------------------------------------------
#             Timing Point              Flags   Arc   Edge   Cell     Fanout Load Trans Delay Arrival Instance 
#                                                                            (fF)  (ps)  (ps)   (ps)  Location 
#--------------------------------------------------------------------------------------------------------------
  gs_ctrl_proc_h40040000000000_reg/CK   -       -     R     (arrival)    195    -     0     0       0    (-,-) 
  gs_ctrl_proc_h40040000000000_reg/Q    -       CK->Q R     DFFRX1         5 22.9   318   802     802    (-,-) 
  g35383__2346/Y                        -       S0->Y R     MX2X1         11 46.6   608   602    1404    (-,-) 
  csa_tree_mul_4306_112_g992/Y          -       A->Y  F     INVX1         10 45.1   359   333    1738    (-,-) 
  csa_tree_mul_4306_112_g943/Y          -       B->Y  R     MXI2X1         9 35.1   817   462    2199    (-,-) 
  csa_tree_mul_4306_112_g914/Y          -       B0->Y F     OAI21XL        8 34.8   552   477    2676    (-,-) 
  csa_tree_mul_4306_112_g881/Y          -       A0->Y R     OAI22X1        1  6.8   366   252    2928    (-,-) 
  csa_tree_mul_4306_112_cdnfadd_004_0/S -       B->S  F     ADDFX1         1  3.2   148   594    3521    (-,-) 
  g41390/Y                              -       A->Y  F     AND2X2         1  6.2    74   174    3696    (-,-) 
  csa_tree_add_3739_54_groupi_g1656/S   -       CI->S R     ADDFX1         1  6.9   154   327    4023    (-,-) 
  csa_tree_add_3739_54_groupi_g1610/S   -       A->S  F     ADDFX1         1  4.3   153   496    4519    (-,-) 
  g40411__2346/Y                        -       B0->Y R     AOI22X1        1  2.6   315   199    4718    (-,-) 
  g40382/Y                              -       A->Y  F     INVXL          1  2.2    81    60    4778    (-,-) 
  s_reg_18_reg[4]/D                     -       -     F     DFFHQX2        1    -     -     0    4778    (-,-) 
#--------------------------------------------------------------------------------------------------------------



Path 37: MET (6073 ps) Setup Check with Pin s_reg_58_reg[7]/CK->D
          Group: C2C
     Startpoint: (R) global_state_reg[1]/CK
          Clock: (R) clock
       Endpoint: (F) s_reg_58_reg[7]/D
          Clock: (R) clock

                     Capture       Launch     
        Clock Edge:+   11000            0     
       Src Latency:+       0            0     
       Net Latency:+       0 (I)        0 (I) 
           Arrival:=   11000            0     
                                              
             Setup:-     340                  
     Required Time:=   10660                  
      Launch Clock:-       0                  
         Data Path:-    4587                  
             Slack:=    6073                  

#-----------------------------------------------------------------------------------------------
#     Timing Point       Flags   Arc   Edge   Cell     Fanout Load Trans Delay Arrival Instance 
#                                                             (fF)  (ps)  (ps)   (ps)  Location 
#-----------------------------------------------------------------------------------------------
  global_state_reg[1]/CK -       -     R     (arrival)    195    -     0     0       0    (-,-) 
  global_state_reg[1]/Q  -       CK->Q R     DFFRHQX1       3 10.9   291   430     430    (-,-) 
  g35697/Y               -       A->Y  F     INVX1          3 10.9   123   103     533    (-,-) 
  g35678__6783/Y         -       A->Y  R     NAND2X1       14 47.5   642   385     918    (-,-) 
  g35719__7482/Y         -       AN->Y R     NAND2BX1       7 26.8   394   360    1279    (-,-) 
  g40876/Y               -       A->Y  F     INVX1          2  8.6   125    99    1378    (-,-) 
  g40729/Y               -       A->Y  R     NOR2X1         6 20.1   445   286    1664    (-,-) 
  g40691/Y               -       A->Y  F     INVX1          7 29.8   259   229    1894    (-,-) 
  g40619__1617/Y         -       A0->Y R     AOI222X1       3 12.2   594   358    2252    (-,-) 
  g40525__1617/Y         -       B->Y  F     NOR2BX1        4 15.9   223   208    2459    (-,-) 
  g40310__1617/Y         -       A0->Y R     OAI21XL        1  3.5   255   205    2664    (-,-) 
  g40295/Y               -       A->Y  F     INVX1          1  4.4    80    65    2729    (-,-) 
  g40240__1617/Y         -       B0->Y R     AOI21X1        3 11.3   331   210    2939    (-,-) 
  g40219__9315/Y         -       B0->Y F     AOI21XL        1  4.1   167    90    3029    (-,-) 
  g40191__2398/Y         -       B0->Y R     AOI2BB1X1      3  9.9   270   210    3239    (-,-) 
  g40170__1705/Y         -       B0->Y F     AOI2BB1XL      1  4.4   110    97    3336    (-,-) 
  g40154__1666/Y         -       B0->Y R     AOI21X1        3 12.5   350   230    3565    (-,-) 
  g40126__2398/Y         -       B0->Y F     AOI21X1        1  4.1   137    83    3648    (-,-) 
  g40108__1881/Y         -       B0->Y R     AOI2BB1X1      3 12.2   310   229    3877    (-,-) 
  g40093__6783/Y         -       B0->Y F     AOI2BB1X1      1  4.4   107   100    3977    (-,-) 
  g40079__6417/Y         -       B0->Y R     AOI21X1        4 14.0   372   244    4222    (-,-) 
  g40068__5115/Y         -       B0->Y F     AOI21X1        1  4.1   136    85    4306    (-,-) 
  g40061__2802/Y         -       B0->Y R     AOI2BB1X1      2  8.1   236   186    4492    (-,-) 
  g40030__7098/Y         -       A0->Y F     OAI21XL        1  2.1   110    95    4587    (-,-) 
  s_reg_58_reg[7]/D      -       -     F     DFFHQX1        1    -     -     0    4587    (-,-) 
#-----------------------------------------------------------------------------------------------



Path 38: MET (6163 ps) Setup Check with Pin s_reg_58_reg[8]/CK->D
          Group: C2C
     Startpoint: (R) global_state_reg[1]/CK
          Clock: (R) clock
       Endpoint: (F) s_reg_58_reg[8]/D
          Clock: (R) clock

                     Capture       Launch     
        Clock Edge:+   11000            0     
       Src Latency:+       0            0     
       Net Latency:+       0 (I)        0 (I) 
           Arrival:=   11000            0     
                                              
             Setup:-     336                  
     Required Time:=   10664                  
      Launch Clock:-       0                  
         Data Path:-    4502                  
             Slack:=    6163                  

#------------------------------------------------------------------------------------------------
#     Timing Point       Flags    Arc   Edge   Cell     Fanout Load Trans Delay Arrival Instance 
#                                                              (fF)  (ps)  (ps)   (ps)  Location 
#------------------------------------------------------------------------------------------------
  global_state_reg[1]/CK -       -      R     (arrival)    195    -     0     0       0    (-,-) 
  global_state_reg[1]/Q  -       CK->Q  R     DFFRHQX1       3 10.9   291   430     430    (-,-) 
  g35697/Y               -       A->Y   F     INVX1          3 10.9   123   103     533    (-,-) 
  g35678__6783/Y         -       A->Y   R     NAND2X1       14 47.5   642   385     918    (-,-) 
  g35719__7482/Y         -       AN->Y  R     NAND2BX1       7 26.8   394   360    1279    (-,-) 
  g40876/Y               -       A->Y   F     INVX1          2  8.6   125    99    1378    (-,-) 
  g40729/Y               -       A->Y   R     NOR2X1         6 20.1   445   286    1664    (-,-) 
  g40691/Y               -       A->Y   F     INVX1          7 29.8   259   229    1894    (-,-) 
  g40619__1617/Y         -       A0->Y  R     AOI222X1       3 12.2   594   358    2252    (-,-) 
  g40525__1617/Y         -       B->Y   F     NOR2BX1        4 15.9   223   208    2459    (-,-) 
  g40310__1617/Y         -       A0->Y  R     OAI21XL        1  3.5   255   205    2664    (-,-) 
  g40295/Y               -       A->Y   F     INVX1          1  4.4    80    65    2729    (-,-) 
  g40240__1617/Y         -       B0->Y  R     AOI21X1        3 11.3   331   210    2939    (-,-) 
  g40219__9315/Y         -       B0->Y  F     AOI21XL        1  4.1   167    90    3029    (-,-) 
  g40191__2398/Y         -       B0->Y  R     AOI2BB1X1      3  9.9   270   210    3239    (-,-) 
  g40170__1705/Y         -       B0->Y  F     AOI2BB1XL      1  4.4   110    97    3336    (-,-) 
  g40154__1666/Y         -       B0->Y  R     AOI21X1        3 12.5   350   230    3565    (-,-) 
  g40126__2398/Y         -       B0->Y  F     AOI21X1        1  4.1   137    83    3648    (-,-) 
  g40108__1881/Y         -       B0->Y  R     AOI2BB1X1      3 12.2   310   229    3877    (-,-) 
  g40093__6783/Y         -       B0->Y  F     AOI2BB1X1      1  4.4   107   100    3977    (-,-) 
  g40079__6417/Y         -       B0->Y  R     AOI21X1        4 14.0   372   244    4222    (-,-) 
  g40062__1705/Y         -       A1N->Y R     OAI2BB1X1      1  3.4   119   218    4440    (-,-) 
  g40049__5477/Y         -       B0->Y  F     OAI2BB1X1      1  2.1    84    62    4502    (-,-) 
  s_reg_58_reg[8]/D      -       -      F     DFFHQX1        1    -     -     0    4502    (-,-) 
#------------------------------------------------------------------------------------------------



Path 39: MET (6315 ps) Setup Check with Pin s_reg_18_reg[3]/CK->D
          Group: C2C
     Startpoint: (R) gs_ctrl_proc_h40040000000000_reg/CK
          Clock: (R) clock
       Endpoint: (F) s_reg_18_reg[3]/D
          Clock: (R) clock

                     Capture       Launch     
        Clock Edge:+   11000            0     
       Src Latency:+       0            0     
       Net Latency:+       0 (I)        0 (I) 
           Arrival:=   11000            0     
                                              
             Setup:-     350                  
     Required Time:=   10650                  
      Launch Clock:-       0                  
         Data Path:-    4334                  
             Slack:=    6315                  

#------------------------------------------------------------------------------------------------------------
#            Timing Point             Flags   Arc   Edge   Cell     Fanout Load Trans Delay Arrival Instance 
#                                                                          (fF)  (ps)  (ps)   (ps)  Location 
#------------------------------------------------------------------------------------------------------------
  gs_ctrl_proc_h40040000000000_reg/CK -       -     R     (arrival)    195    -     0     0       0    (-,-) 
  gs_ctrl_proc_h40040000000000_reg/Q  -       CK->Q R     DFFRX1         5 22.9   318   802     802    (-,-) 
  g35383__2346/Y                      -       S0->Y R     MX2X1         11 46.6   608   602    1404    (-,-) 
  csa_tree_mul_4306_112_g992/Y        -       A->Y  F     INVX1         10 45.1   359   333    1738    (-,-) 
  csa_tree_mul_4306_112_g943/Y        -       B->Y  R     MXI2X1         9 35.1   817   462    2199    (-,-) 
  csa_tree_mul_4306_112_g914/Y        -       B0->Y F     OAI21XL        8 34.8   552   477    2676    (-,-) 
  csa_tree_mul_4306_112_g895/Y        -       A0->Y R     OAI22X1        1  3.2   303   209    2886    (-,-) 
  g3618/Y                             -       A->Y  R     AND2X2         1  6.9   108   186    3072    (-,-) 
  csa_tree_add_3739_54_groupi_g1657/S -       A->S  F     ADDFX1         1  6.9   173   506    3577    (-,-) 
  csa_tree_add_3739_54_groupi_g1611/S -       A->S  F     ADDFX1         1  4.3   153   498    4076    (-,-) 
  g40429__7098/Y                      -       B0->Y R     AOI22X1        1  2.6   315   199    4275    (-,-) 
  g40400/Y                            -       A->Y  F     INVXL          1  2.2    81    60    4334    (-,-) 
  s_reg_18_reg[3]/D                   -       -     F     DFFHQX2        1    -     -     0    4334    (-,-) 
#------------------------------------------------------------------------------------------------------------



Path 40: MET (6321 ps) Setup Check with Pin gs_ctrl_proc_h10_reg/CK->D
          Group: I2C
     Startpoint: (F) start
          Clock: (R) clock
       Endpoint: (F) gs_ctrl_proc_h10_reg/D
          Clock: (R) clock

                     Capture       Launch     
        Clock Edge:+   11000            0     
        Drv Adjust:+       0            0     
       Src Latency:+       0            0     
       Net Latency:+       0 (I)        0 (I) 
           Arrival:=   11000            0     
                                              
             Setup:-     359                  
     Required Time:=   10641                  
      Launch Clock:-       0                  
       Input Delay:-    3300                  
         Data Path:-    1020                  
             Slack:=    6321                  

Exceptions/Constraints:
  input_delay             3300            qcnn.sdc_line_5 

#-----------------------------------------------------------------------------------------------
#     Timing Point       Flags   Arc   Edge   Cell     Fanout Load Trans Delay Arrival Instance 
#                                                             (fF)  (ps)  (ps)   (ps)  Location 
#-----------------------------------------------------------------------------------------------
  start                  -       -     F     (arrival)      3 10.4     0     0    3300    (-,-) 
  g35456__6417/Y         -       B->Y  R     NOR2BX1        3 11.6   293   194    3494    (-,-) 
  g35225__5477/Y         -       AN->Y R     NAND4BXL       4 12.3   369   286    3781    (-,-) 
  g35210__7098/Y         -       A->Y  F     NOR2X1         2  8.2   123   105    3885    (-,-) 
  g35205/Y               -       A->Y  R     INVX1          4 12.3   193   140    4026    (-,-) 
  g35197__5526/Y         -       A->Y  F     NOR2XL         2  7.2   124   100    4126    (-,-) 
  g35190__6417/Y         -       A->Y  R     NAND2X1        4 11.2   219   142    4268    (-,-) 
  g40988/Y               -       A->Y  F     INVXL          1  1.8    65    53    4320    (-,-) 
  gs_ctrl_proc_h10_reg/D -       -     F     DFFRHQX1       1    -     -     0    4320    (-,-) 
#-----------------------------------------------------------------------------------------------



Path 41: MET (6326 ps) Setup Check with Pin gs_ctrl_proc_hb0000000000_reg[0]/CK->D
          Group: I2C
     Startpoint: (R) start
          Clock: (R) clock
       Endpoint: (F) gs_ctrl_proc_hb0000000000_reg[0]/D
          Clock: (R) clock

                     Capture       Launch     
        Clock Edge:+   11000            0     
        Drv Adjust:+       0            0     
       Src Latency:+       0            0     
       Net Latency:+       0 (I)        0 (I) 
           Arrival:=   11000            0     
                                              
             Setup:-     367                  
     Required Time:=   10633                  
      Launch Clock:-       0                  
       Input Delay:-    3300                  
         Data Path:-    1007                  
             Slack:=    6326                  

Exceptions/Constraints:
  input_delay             3300            qcnn.sdc_line_5 

#-----------------------------------------------------------------------------------------------------------
#           Timing Point             Flags   Arc   Edge   Cell     Fanout Load Trans Delay Arrival Instance 
#                                                                         (fF)  (ps)  (ps)   (ps)  Location 
#-----------------------------------------------------------------------------------------------------------
  start                              -       -     R     (arrival)      3 10.4     0     0    3300    (-,-) 
  g35456__6417/Y                     -       B->Y  F     NOR2BX1        3 11.6   124    75    3375    (-,-) 
  g35232__6783/Y                     -       A0->Y R     OAI32X1        6 19.6   774   454    3829    (-,-) 
  g41007/Y                           -       A->Y  F     INVX1          2  8.7   177   122    3951    (-,-) 
  g40703/Y                           -       A->Y  R     NAND2X1        2  6.2   144   119    4070    (-,-) 
  g40642/Y                           -       A->Y  F     NOR2XL         2  3.9    94    74    4144    (-,-) 
  g40568__4733/Y                     -       AN->Y F     NAND2BXL       1  1.8   110   163    4307    (-,-) 
  gs_ctrl_proc_hb0000000000_reg[0]/D -       -     F     DFFRHQX1       1    -     -     0    4307    (-,-) 
#-----------------------------------------------------------------------------------------------------------



Path 42: MET (6337 ps) Setup Check with Pin s_reg_58_reg[6]/CK->D
          Group: C2C
     Startpoint: (R) global_state_reg[1]/CK
          Clock: (R) clock
       Endpoint: (F) s_reg_58_reg[6]/D
          Clock: (R) clock

                     Capture       Launch     
        Clock Edge:+   11000            0     
       Src Latency:+       0            0     
       Net Latency:+       0 (I)        0 (I) 
           Arrival:=   11000            0     
                                              
             Setup:-     340                  
     Required Time:=   10660                  
      Launch Clock:-       0                  
         Data Path:-    4323                  
             Slack:=    6337                  

#-----------------------------------------------------------------------------------------------
#     Timing Point       Flags   Arc   Edge   Cell     Fanout Load Trans Delay Arrival Instance 
#                                                             (fF)  (ps)  (ps)   (ps)  Location 
#-----------------------------------------------------------------------------------------------
  global_state_reg[1]/CK -       -     R     (arrival)    195    -     0     0       0    (-,-) 
  global_state_reg[1]/Q  -       CK->Q R     DFFRHQX1       3 10.9   291   430     430    (-,-) 
  g35697/Y               -       A->Y  F     INVX1          3 10.9   123   103     533    (-,-) 
  g35678__6783/Y         -       A->Y  R     NAND2X1       14 47.5   642   385     918    (-,-) 
  g35719__7482/Y         -       AN->Y R     NAND2BX1       7 26.8   394   360    1279    (-,-) 
  g40876/Y               -       A->Y  F     INVX1          2  8.6   125    99    1378    (-,-) 
  g40729/Y               -       A->Y  R     NOR2X1         6 20.1   445   286    1664    (-,-) 
  g40691/Y               -       A->Y  F     INVX1          7 29.8   259   229    1894    (-,-) 
  g40619__1617/Y         -       A0->Y R     AOI222X1       3 12.2   594   358    2252    (-,-) 
  g40525__1617/Y         -       B->Y  F     NOR2BX1        4 15.9   223   208    2459    (-,-) 
  g40310__1617/Y         -       A0->Y R     OAI21XL        1  3.5   255   205    2664    (-,-) 
  g40295/Y               -       A->Y  F     INVX1          1  4.4    80    65    2729    (-,-) 
  g40240__1617/Y         -       B0->Y R     AOI21X1        3 11.3   331   210    2939    (-,-) 
  g40219__9315/Y         -       B0->Y F     AOI21XL        1  4.1   167    90    3029    (-,-) 
  g40191__2398/Y         -       B0->Y R     AOI2BB1X1      3  9.9   270   210    3239    (-,-) 
  g40170__1705/Y         -       B0->Y F     AOI2BB1XL      1  4.4   110    97    3336    (-,-) 
  g40154__1666/Y         -       B0->Y R     AOI21X1        3 12.5   350   230    3565    (-,-) 
  g40126__2398/Y         -       B0->Y F     AOI21X1        1  4.1   137    83    3648    (-,-) 
  g40108__1881/Y         -       B0->Y R     AOI2BB1X1      3 12.2   310   229    3877    (-,-) 
  g40093__6783/Y         -       B0->Y F     AOI2BB1X1      1  4.4   107   100    3977    (-,-) 
  g40079__6417/Y         -       B0->Y R     AOI21X1        4 14.0   372   244    4222    (-,-) 
  g40051__5107/Y         -       A0->Y F     OAI21XL        1  2.1   111   102    4323    (-,-) 
  s_reg_58_reg[6]/D      -       -     F     DFFHQX1        1    -     -     0    4323    (-,-) 
#-----------------------------------------------------------------------------------------------



Path 43: MET (6337 ps) Setup Check with Pin gs_ctrl_proc_h10000000000001c_reg/CK->D
          Group: I2C
     Startpoint: (F) start
          Clock: (R) clock
       Endpoint: (F) gs_ctrl_proc_h10000000000001c_reg/D
          Clock: (R) clock

                     Capture       Launch     
        Clock Edge:+   11000            0     
        Drv Adjust:+       0            0     
       Src Latency:+       0            0     
       Net Latency:+       0 (I)        0 (I) 
           Arrival:=   11000            0     
                                              
             Setup:-     281                  
     Required Time:=   10719                  
      Launch Clock:-       0                  
       Input Delay:-    3300                  
         Data Path:-    1082                  
             Slack:=    6337                  

Exceptions/Constraints:
  input_delay             3300            qcnn.sdc_line_5 

#------------------------------------------------------------------------------------------------------------
#            Timing Point             Flags   Arc   Edge   Cell     Fanout Load Trans Delay Arrival Instance 
#                                                                          (fF)  (ps)  (ps)   (ps)  Location 
#------------------------------------------------------------------------------------------------------------
  start                               -       -     F     (arrival)      3 10.4     0     0    3300    (-,-) 
  g35456__6417/Y                      -       B->Y  R     NOR2BX1        3 11.6   293   194    3494    (-,-) 
  g35225__5477/Y                      -       AN->Y R     NAND4BXL       4 12.3   369   286    3781    (-,-) 
  g35210__7098/Y                      -       A->Y  F     NOR2X1         2  8.2   123   105    3885    (-,-) 
  g35205/Y                            -       A->Y  R     INVX1          4 12.3   193   140    4026    (-,-) 
  g35197__5526/Y                      -       A->Y  F     NOR2XL         2  7.2   124   100    4126    (-,-) 
  g35190__6417/Y                      -       A->Y  R     NAND2X1        4 11.2   219   142    4268    (-,-) 
  g35168__6131/Y                      -       B0->Y F     OAI21XL        1  3.1   181   115    4382    (-,-) 
  gs_ctrl_proc_h10000000000001c_reg/D -       -     F     DFFRHQXL       1    -     -     0    4382    (-,-) 
#------------------------------------------------------------------------------------------------------------



Path 44: MET (6366 ps) Setup Check with Pin gs_ctrl_proc_hd0000000000000_reg[0]/CK->D
          Group: I2C
     Startpoint: (R) start
          Clock: (R) clock
       Endpoint: (R) gs_ctrl_proc_hd0000000000000_reg[0]/D
          Clock: (R) clock

                     Capture       Launch     
        Clock Edge:+   11000            0     
        Drv Adjust:+       0            0     
       Src Latency:+       0            0     
       Net Latency:+       0 (I)        0 (I) 
           Arrival:=   11000            0     
                                              
             Setup:-     141                  
     Required Time:=   10859                  
      Launch Clock:-       0                  
       Input Delay:-    3300                  
         Data Path:-    1194                  
             Slack:=    6366                  

Exceptions/Constraints:
  input_delay             3300            qcnn.sdc_line_5 

#--------------------------------------------------------------------------------------------------------------
#             Timing Point              Flags   Arc   Edge   Cell     Fanout Load Trans Delay Arrival Instance 
#                                                                            (fF)  (ps)  (ps)   (ps)  Location 
#--------------------------------------------------------------------------------------------------------------
  start                                 -       -     R     (arrival)      3 10.4     0     0    3300    (-,-) 
  g35456__6417/Y                        -       B->Y  F     NOR2BX1        3 11.6   124    75    3375    (-,-) 
  g35232__6783/Y                        -       A0->Y R     OAI32X1        6 19.6   774   454    3829    (-,-) 
  g35202__1617/Y                        -       B->Y  F     NAND4BXL       3 11.1   347   282    4110    (-,-) 
  g35188__7410/Y                        -       B->Y  R     NOR2XL         2  6.5   270   229    4340    (-,-) 
  g35184__2883/Y                        -       A->Y  R     OR2X2          1  3.1    68   154    4494    (-,-) 
  gs_ctrl_proc_hd0000000000000_reg[0]/D -       -     R     DFFRHQXL       1    -     -     0    4494    (-,-) 
#--------------------------------------------------------------------------------------------------------------



Path 45: MET (6382 ps) Setup Check with Pin gs_ctrl_proc_hf0000000000010_reg[0]/CK->D
          Group: I2C
     Startpoint: (F) start
          Clock: (R) clock
       Endpoint: (F) gs_ctrl_proc_hf0000000000010_reg[0]/D
          Clock: (R) clock

                     Capture       Launch     
        Clock Edge:+   11000            0     
        Drv Adjust:+       0            0     
       Src Latency:+       0            0     
       Net Latency:+       0 (I)        0 (I) 
           Arrival:=   11000            0     
                                              
             Setup:-     268                  
     Required Time:=   10732                  
      Launch Clock:-       0                  
       Input Delay:-    3300                  
         Data Path:-    1049                  
             Slack:=    6382                  

Exceptions/Constraints:
  input_delay             3300            qcnn.sdc_line_5 

#--------------------------------------------------------------------------------------------------------------
#             Timing Point              Flags   Arc   Edge   Cell     Fanout Load Trans Delay Arrival Instance 
#                                                                            (fF)  (ps)  (ps)   (ps)  Location 
#--------------------------------------------------------------------------------------------------------------
  start                                 -       -     F     (arrival)      3 10.4     0     0    3300    (-,-) 
  g35456__6417/Y                        -       B->Y  R     NOR2BX1        3 11.6   293   194    3494    (-,-) 
  g35225__5477/Y                        -       AN->Y R     NAND4BXL       4 12.3   369   286    3781    (-,-) 
  g35210__7098/Y                        -       A->Y  F     NOR2X1         2  8.2   123   105    3885    (-,-) 
  g35205/Y                              -       A->Y  R     INVX1          4 12.3   193   140    4026    (-,-) 
  g35197__5526/Y                        -       A->Y  F     NOR2XL         2  7.2   124   100    4126    (-,-) 
  g35190__6417/Y                        -       A->Y  R     NAND2X1        4 11.2   219   142    4268    (-,-) 
  g35185__2346/Y                        -       B->Y  F     NAND2XL        1  3.1    92    82    4349    (-,-) 
  gs_ctrl_proc_hf0000000000010_reg[0]/D -       -     F     DFFRHQXL       1    -     -     0    4349    (-,-) 
#--------------------------------------------------------------------------------------------------------------



Path 46: MET (6423 ps) Setup Check with Pin gs_ctrl_proc_h160080_reg[0]/CK->D
          Group: I2C
     Startpoint: (R) start
          Clock: (R) clock
       Endpoint: (R) gs_ctrl_proc_h160080_reg[0]/D
          Clock: (R) clock

                     Capture       Launch     
        Clock Edge:+   11000            0     
        Drv Adjust:+       0            0     
       Src Latency:+       0            0     
       Net Latency:+       0 (I)        0 (I) 
           Arrival:=   11000            0     
                                              
             Setup:-     219                  
     Required Time:=   10781                  
      Launch Clock:-       0                  
       Input Delay:-    3300                  
         Data Path:-    1057                  
             Slack:=    6423                  

Exceptions/Constraints:
  input_delay             3300            qcnn.sdc_line_5 

#------------------------------------------------------------------------------------------------------
#         Timing Point          Flags   Arc   Edge   Cell     Fanout Load Trans Delay Arrival Instance 
#                                                                    (fF)  (ps)  (ps)   (ps)  Location 
#------------------------------------------------------------------------------------------------------
  start                         -       -     R     (arrival)      3 10.4     0     0    3300    (-,-) 
  g35456__6417/Y                -       B->Y  F     NOR2BX1        3 11.6   124    75    3375    (-,-) 
  g35232__6783/Y                -       A0->Y R     OAI32X1        6 19.6   774   454    3829    (-,-) 
  g41007/Y                      -       A->Y  F     INVX1          2  8.7   177   122    3951    (-,-) 
  g40641/Y                      -       A1->Y R     OAI31X1        2  3.9   285   254    4205    (-,-) 
  g40580__7410/Y                -       AN->Y R     NAND2BXL       1  1.8   116   152    4357    (-,-) 
  gs_ctrl_proc_h160080_reg[0]/D -       -     R     DFFRHQX1       1    -     -     0    4357    (-,-) 
#------------------------------------------------------------------------------------------------------



Path 47: MET (6440 ps) Setup Check with Pin gs_ctrl_proc_h2000080010_reg[0]/CK->D
          Group: I2C
     Startpoint: (R) start
          Clock: (R) clock
       Endpoint: (R) gs_ctrl_proc_h2000080010_reg[0]/D
          Clock: (R) clock

                     Capture       Launch     
        Clock Edge:+   11000            0     
        Drv Adjust:+       0            0     
       Src Latency:+       0            0     
       Net Latency:+       0 (I)        0 (I) 
           Arrival:=   11000            0     
                                              
             Setup:-     114                  
     Required Time:=   10886                  
      Launch Clock:-       0                  
       Input Delay:-    3300                  
         Data Path:-    1146                  
             Slack:=    6440                  

Exceptions/Constraints:
  input_delay             3300            qcnn.sdc_line_5 

#----------------------------------------------------------------------------------------------------------
#           Timing Point            Flags   Arc   Edge   Cell     Fanout Load Trans Delay Arrival Instance 
#                                                                        (fF)  (ps)  (ps)   (ps)  Location 
#----------------------------------------------------------------------------------------------------------
  start                             -       -     R     (arrival)      3 10.4     0     0    3300    (-,-) 
  g35456__6417/Y                    -       B->Y  F     NOR2BX1        3 11.6   124    75    3375    (-,-) 
  g35225__5477/Y                    -       AN->Y F     NAND4BXL       4 12.3   310   322    3697    (-,-) 
  g35210__7098/Y                    -       A->Y  R     NOR2X1         2  8.2   245   200    3897    (-,-) 
  g35205/Y                          -       A->Y  F     INVX1          4 12.3   123   105    4002    (-,-) 
  g35197__5526/Y                    -       A->Y  R     NOR2XL         2  7.2   274   189    4191    (-,-) 
  g35190__6417/Y                    -       A->Y  F     NAND2X1        4 11.2   209   123    4314    (-,-) 
  g35181__9945/Y                    -       B->Y  R     NAND2XL        1  3.2   137   132    4446    (-,-) 
  gs_ctrl_proc_h2000080010_reg[0]/D -       -     R     DFFRXL         1    -     -     0    4446    (-,-) 
#----------------------------------------------------------------------------------------------------------



Path 48: MET (6488 ps) Setup Check with Pin gs_ctrl_proc_h80000000000000_reg/CK->D
          Group: I2C
     Startpoint: (R) start
          Clock: (R) clock
       Endpoint: (R) gs_ctrl_proc_h80000000000000_reg/D
          Clock: (R) clock

                     Capture       Launch     
        Clock Edge:+   11000            0     
        Drv Adjust:+       0            0     
       Src Latency:+       0            0     
       Net Latency:+       0 (I)        0 (I) 
           Arrival:=   11000            0     
                                              
             Setup:-     225                  
     Required Time:=   10775                  
      Launch Clock:-       0                  
       Input Delay:-    3300                  
         Data Path:-     987                  
             Slack:=    6488                  

Exceptions/Constraints:
  input_delay             3300            qcnn.sdc_line_5 

#-----------------------------------------------------------------------------------------------------------
#           Timing Point             Flags   Arc   Edge   Cell     Fanout Load Trans Delay Arrival Instance 
#                                                                         (fF)  (ps)  (ps)   (ps)  Location 
#-----------------------------------------------------------------------------------------------------------
  start                              -       -     R     (arrival)      3 10.4     0     0    3300    (-,-) 
  g35456__6417/Y                     -       B->Y  F     NOR2BX1        3 11.6   124    75    3375    (-,-) 
  g35232__6783/Y                     -       A0->Y R     OAI32X1        6 19.6   774   454    3829    (-,-) 
  g35202__1617/Y                     -       B->Y  F     NAND4BXL       3 11.1   347   282    4110    (-,-) 
  g35194__6260/Y                     -       A->Y  R     NOR2X1         2  5.5   203   177    4287    (-,-) 
  gs_ctrl_proc_h80000000000000_reg/D -       -     R     DFFRHQX1       2    -     -     0    4287    (-,-) 
#-----------------------------------------------------------------------------------------------------------



Path 49: MET (6492 ps) Setup Check with Pin gs_ctrl_proc_h10000000000_reg/CK->D
          Group: I2C
     Startpoint: (R) start
          Clock: (R) clock
       Endpoint: (F) gs_ctrl_proc_h10000000000_reg/D
          Clock: (R) clock

                     Capture       Launch     
        Clock Edge:+   11000            0     
        Drv Adjust:+       0            0     
       Src Latency:+       0            0     
       Net Latency:+       0 (I)        0 (I) 
           Arrival:=   11000            0     
                                              
             Setup:-     364                  
     Required Time:=   10636                  
      Launch Clock:-       0                  
       Input Delay:-    3300                  
         Data Path:-     844                  
             Slack:=    6492                  

Exceptions/Constraints:
  input_delay             3300            qcnn.sdc_line_5 

#--------------------------------------------------------------------------------------------------------
#          Timing Point           Flags   Arc   Edge   Cell     Fanout Load Trans Delay Arrival Instance 
#                                                                      (fF)  (ps)  (ps)   (ps)  Location 
#--------------------------------------------------------------------------------------------------------
  start                           -       -     R     (arrival)      3 10.4     0     0    3300    (-,-) 
  g35456__6417/Y                  -       B->Y  F     NOR2BX1        3 11.6   124    75    3375    (-,-) 
  g35232__6783/Y                  -       A0->Y R     OAI32X1        6 19.6   774   454    3829    (-,-) 
  g41007/Y                        -       A->Y  F     INVX1          2  8.7   177   122    3951    (-,-) 
  g40703/Y                        -       A->Y  R     NAND2X1        2  6.2   144   119    4070    (-,-) 
  g40642/Y                        -       A->Y  F     NOR2XL         2  3.9    94    74    4144    (-,-) 
  gs_ctrl_proc_h10000000000_reg/D -       -     F     DFFRHQX1       2    -     -     0    4144    (-,-) 
#--------------------------------------------------------------------------------------------------------



Path 50: MET (6500 ps) Setup Check with Pin gs_ctrl_proc_hb0000000000_reg[1]/CK->D
          Group: I2C
     Startpoint: (R) start
          Clock: (R) clock
       Endpoint: (F) gs_ctrl_proc_hb0000000000_reg[1]/D
          Clock: (R) clock

                     Capture       Launch     
        Clock Edge:+   11000            0     
        Drv Adjust:+       0            0     
       Src Latency:+       0            0     
       Net Latency:+       0 (I)        0 (I) 
           Arrival:=   11000            0     
                                              
             Setup:-     360                  
     Required Time:=   10640                  
      Launch Clock:-       0                  
       Input Delay:-    3300                  
         Data Path:-     841                  
             Slack:=    6500                  

Exceptions/Constraints:
  input_delay             3300            qcnn.sdc_line_5 

#-----------------------------------------------------------------------------------------------------------
#           Timing Point             Flags   Arc   Edge   Cell     Fanout Load Trans Delay Arrival Instance 
#                                                                         (fF)  (ps)  (ps)   (ps)  Location 
#-----------------------------------------------------------------------------------------------------------
  start                              -       -     R     (arrival)      3 10.4     0     0    3300    (-,-) 
  g35456__6417/Y                     -       B->Y  F     NOR2BX1        3 11.6   124    75    3375    (-,-) 
  g35232__6783/Y                     -       A0->Y R     OAI32X1        6 19.6   774   454    3829    (-,-) 
  g41007/Y                           -       A->Y  F     INVX1          2  8.7   177   122    3951    (-,-) 
  g40703/Y                           -       A->Y  R     NAND2X1        2  6.2   144   119    4070    (-,-) 
  g40636/Y                           -       B->Y  F     NOR2BXL        1  1.8    70    70    4141    (-,-) 
  gs_ctrl_proc_hb0000000000_reg[1]/D -       -     F     DFFRHQX1       1    -     -     0    4141    (-,-) 
#-----------------------------------------------------------------------------------------------------------

